0,1,2,3,4
0.0,0.00815494393476045,0.0,0.004296455424274973,0.0
0.0004783926008611067,0.0008269588587967748,0.0012448132780082987,0.004296455424274973,0.005443234836702955
0.002515090543259557,0.0008269588587967748,0.007407407407407408,0.0010878433505575197,0.0017667844522968198
0.002560819462227913,0.0,0.007407407407407408,0.0,0.0
0.0004783926008611067,0.0008269588587967748,0.0,0.006829268292682927,0.0010498687664041995
0.002560819462227913,0.0009532888465204957,0.0012448132780082987,0.006829268292682927,0.0007446016381236039
0.0004783926008611067,0.0069767441860465115,0.00102880658436214,0.0010878433505575197,0.0010498687664041995
0.0004783926008611067,0.0,0.0012448132780082987,0.010514018691588784,0.0
0.002515090543259557,0.0,0.0,0.0,0.0027397260273972603
0.0004783926008611067,0.0008269588587967748,0.0012448132780082987,0.0,0.0010498687664041995
0.0,0.0008269588587967748,0.0006265664160401002,0.0,0.005443234836702955
0.0,0.0,0.0006265664160401002,0.0018726591760299626,0.0007446016381236039
0.0,0.0009532888465204957,0.0012448132780082987,0.003134796238244514,0.0010498687664041995
0.0,0.00815494393476045,0.0004914004914004914,0.004296455424274973,0.0007446016381236039
0.0033613445378151263,0.0008269588587967748,0.0004914004914004914,0.0018726591760299626,0.0
0.0004783926008611067,0.0069767441860465115,0.012727272727272728,0.0,0.0010498687664041995
0.0004783926008611067,0.0,0.0,0.0,0.0012755102040816326
0.0,0.0069767441860465115,0.0,0.0,0.0007446016381236039
0.006369426751592357,0.0009532888465204957,0.0,0.002,0.0
0.0,0.0008269588587967748,0.0006265664160401002,0.0,0.0
0.0004783926008611067,0.0,0.0012448132780082987,0.0010878433505575197,0.0012755102040816326
0.015655577299412915,0.0008269588587967748,0.0006265664160401002,0.0010878433505575197,0.0010498687664041995
0.0033613445378151263,0.0,0.0006265664160401002,0.004296455424274973,0.0
0.0004783926008611067,0.0008269588587967748,0.0012448132780082987,0.0010878433505575197,0.0
0.0,0.0008269588587967748,0.007407407407407408,0.010514018691588784,0.0
0.0,0.0009532888465204957,0.0004914004914004914,0.0010878433505575197,0.0
0.0004783926008611067,0.0,0.0,0.006829268292682927,0.0
0.0004783926008611067,0.0,0.0,0.0018726591760299626,0.0
0.0,0.0,0.0006265664160401002,0.0,0.0007446016381236039
0.05,0.0,0.0012448132780082987,0.0018726591760299626,0.005443234836702955
0.0004783926008611067,0.0009532888465204957,0.0012448132780082987,0.004296455424274973,0.0010498687664041995
0.0,0.0009532888465204957,0.0,0.010514018691588784,0.007099391480730223
0.0004783926008611067,0.0008269588587967748,0.0,0.0,0.0010498687664041995
0.002515090543259557,0.0008269588587967748,0.0004914004914004914,0.0,0.0010498687664041995
0.002560819462227913,0.00815494393476045,0.004705882352941176,0.0010878433505575197,0.0
0.0004783926008611067,0.0069767441860465115,0.0,0.0,0.0010498687664041995
0.03225806451612903,0.0008269588587967748,0.0006265664160401002,0.004296455424274973,0.0010498687664041995
0.0,0.00646551724137931,0.0006265664160401002,0.004296455424274973,0.005443234836702955
0.002515090543259557,0.0008269588587967748,0.00102880658436214,0.0010878433505575197,0.02258064516129032
0.0,0.0008269588587967748,0.0012448132780082987,0.0,0.02258064516129032
0.0004783926008611067,0.0,0.0,0.0,0.005443234836702955
0.002515090543259557,0.0,0.0,0.006829268292682927,0.005443234836702955
0.0004783926008611067,0.0,0.007407407407407408,0.0,0.0007446016381236039
0.002560819462227913,0.0,0.0,0.0010878433505575197,0.0
0.0033613445378151263,0.00646551724137931,0.0004914004914004914,0.0273972602739726,0.0010498687664041995
0.0033613445378151263,0.0008269588587967748,0.012727272727272728,0.004296455424274973,0.0012755102040816326
0.0,0.0009532888465204957,0.007407407407407408,0.0010878433505575197,0.0007446016381236039
0.002515090543259557,0.0008269588587967748,0.00102880658436214,0.0,0.0010498687664041995
0.0004783926008611067,0.01702127659574468,0.0012448132780082987,0.0018726591760299626,0.0007446016381236039
0.0004783926008611067,0.0,0.0,0.004296455424274973,0.0007446016381236039
0.0004783926008611067,0.0,0.0004914004914004914,0.0,0.015337423312883436
0.002515090543259557,0.0009532888465204957,0.0012448132780082987,0.0010878433505575197,0.0012755102040816326
0.0004783926008611067,0.0,0.012727272727272728,0.004296455424274973,0.0
0.006369426751592357,0.01702127659574468,0.004705882352941176,0.0,0.0012755102040816326
0.0004783926008611067,0.0,0.00102880658436214,0.0010878433505575197,0.0027397260273972603
0.006369426751592357,0.0008269588587967748,0.0012448132780082987,0.004296455424274973,0.005443234836702955
0.0004783926008611067,0.0,0.010050251256281407,0.004296455424274973,0.0012755102040816326
0.015655577299412915,0.0,0.0012448132780082987,0.0,0.0017667844522968198
0.002515090543259557,0.0009532888465204957,0.0012448132780082987,0.0,0.0010498687664041995
0.0004783926008611067,0.0009532888465204957,0.0,0.0,0.0007446016381236039
0.0004783926008611067,0.0008269588587967748,0.0,0.0,0.0
0.002515090543259557,0.0009532888465204957,0.0006265664160401002,0.0010878433505575197,0.0
0.0004783926008611067,0.0009532888465204957,0.0,0.004296455424274973,0.0
0.0004783926008611067,0.00646551724137931,0.0,0.0010878433505575197,0.0
0.015655577299412915,0.0,0.0,0.0,0.0
0.0004783926008611067,0.0,0.0012448132780082987,0.003134796238244514,0.0
0.0033613445378151263,0.0008269588587967748,0.0012448132780082987,0.006829268292682927,0.0
0.0004783926008611067,0.00815494393476045,0.00102880658436214,0.0010878433505575197,0.0
0.0,0.0,0.0006265664160401002,0.0,0.0
0.0,0.00815494393476045,0.0,0.0010878433505575197,0.0010498687664041995
0.002515090543259557,0.0,0.0,0.0018726591760299626,0.005443234836702955
0.002560819462227913,0.0069767441860465115,0.0012448132780082987,0.0,0.0
0.015655577299412915,0.0008269588587967748,0.007407407407407408,0.0010878433505575197,0.0010498687664041995
0.0004783926008611067,0.0008269588587967748,0.0,0.004296455424274973,0.0
0.0,0.0,0.007407407407407408,0.004296455424274973,0.0
0.0004783926008611067,0.0,0.0006265664160401002,0.0,0.0
0.0004783926008611067,0.025906735751295335,0.0006265664160401002,0.004296455424274973,0.0007446016381236039
0.0,0.0,0.0004914004914004914,0.0,0.0
0.0004783926008611067,0.00646551724137931,0.0012448132780082987,0.0010878433505575197,0.007099391480730223
0.0,0.0,0.004705882352941176,0.0,0.0012755102040816326
0.0,0.0009532888465204957,0.0,0.0018726591760299626,0.0
0.0004783926008611067,0.0,0.0004914004914004914,0.0,0.0007446016381236039
0.002515090543259557,0.0009532888465204957,0.0012448132780082987,0.0010878433505575197,0.0027397260273972603
0.0,0.0008269588587967748,0.0004914004914004914,0.0010878433505575197,0.0
0.03225806451612903,0.0,0.0006265664160401002,0.006829268292682927,0.0010498687664041995
0.0004783926008611067,0.0,0.0006265664160401002,0.0,0.0007446016381236039
0.019653258971568745,0.0008269588587967748,0.0,0.002,0.0010498687664041995
0.0004783926008611067,0.0009532888465204957,0.0,0.0010878433505575197,0.0027397260273972603
0.0004783926008611067,0.0,0.0012448132780082987,0.0,0.0
0.0004783926008611067,0.0008269588587967748,0.022857142857142857,0.0018726591760299626,0.005443234836702955
0.0,0.0,0.0,0.0,0.0
0.002560819462227913,0.0008269588587967748,0.0,0.0,0.005443234836702955
0.0004783926008611067,0.0,0.0,0.0,0.005443234836702955
0.0033613445378151263,0.0,0.0012448132780082987,0.006829268292682927,0.015337423312883436
0.0004783926008611067,0.0008269588587967748,0.0,0.004296455424274973,0.0007446016381236039
0.002560819462227913,0.0008269588587967748,0.0,0.0,0.02258064516129032
0.0004783926008611067,0.0008269588587967748,0.0,0.0,0.0
0.002560819462227913,0.00815494393476045,0.0006265664160401002,0.004296455424274973,0.0
0.0,0.0008269588587967748,0.0,0.004296455424274973,0.007099391480730223
0.0004783926008611067,0.025906735751295335,0.007407407407407408,0.004296455424274973,0.0010498687664041995
0.0033613445378151263,0.0069767441860465115,0.007407407407407408,0.0,0.0
0.002515090543259557,0.00646551724137931,0.0,0.0,0.0010498687664041995
0.0,0.0009532888465204957,0.0012448132780082987,0.0,0.0010498687664041995
0.0004783926008611067,0.0,0.0012448132780082987,0.0010878433505575197,0.0
0.0004783926008611067,0.0,0.0012448132780082987,0.0,0.0
0.002560819462227913,0.0008269588587967748,0.022857142857142857,0.0010878433505575197,0.0
0.0004783926008611067,0.00815494393476045,0.0012448132780082987,0.004296455424274973,0.0012755102040816326
0.0004783926008611067,0.0,0.0,0.006829268292682927,0.0010498687664041995
0.0004783926008611067,0.0,0.0,0.004296455424274973,0.007099391480730223
0.0,0.0008269588587967748,0.004705882352941176,0.0,0.0010498687664041995
0.0,0.0008269588587967748,0.010050251256281407,0.0,0.0017667844522968198
0.0004783926008611067,0.00646551724137931,0.012727272727272728,0.0,0.0007446016381236039
0.002515090543259557,0.0008269588587967748,0.00102880658436214,0.010514018691588784,0.015337423312883436
0.0004783926008611067,0.0008269588587967748,0.0,0.0,0.005443234836702955
0.006369426751592357,0.0069767441860465115,0.0006265664160401002,0.010514018691588784,0.0010498687664041995
0.0,0.025906735751295335,0.00102880658436214,0.0018726591760299626,0.0
0.0,0.0,0.007407407407407408,0.004296455424274973,0.015337423312883436
0.0004783926008611067,0.0,0.0004914004914004914,0.0018726591760299626,0.015337423312883436
0.0004783926008611067,0.0008269588587967748,0.007407407407407408,0.0273972602739726,0.0
0.002515090543259557,0.00646551724137931,0.0,0.0,0.007099391480730223
0.002560819462227913,0.0,0.0,0.004296455424274973,0.0017667844522968198
0.0,0.0,0.0004914004914004914,0.0,0.0
0.03225806451612903,0.0069767441860465115,0.0004914004914004914,0.006829268292682927,0.0012755102040816326
0.0004783926008611067,0.0008269588587967748,0.0,0.003134796238244514,0.0
0.0004783926008611067,0.0,0.0004914004914004914,0.0018726591760299626,0.0027397260273972603
0.0004783926008611067,0.0,0.0,0.0,0.015337423312883436
0.0033613445378151263,0.0069767441860465115,0.0,0.006829268292682927,0.0
0.0004783926008611067,0.0,0.0,0.0010878433505575197,0.005443234836702955
0.006369426751592357,0.0008269588587967748,0.007407407407407408,0.0010878433505575197,0.0
0.0,0.0009532888465204957,0.0,0.004296455424274973,0.0010498687664041995
0.0,0.0,0.0006265664160401002,0.006829268292682927,0.0010498687664041995
0.0004783926008611067,0.0008269588587967748,0.0006265664160401002,0.0,0.0
0.0,0.0008269588587967748,0.0004914004914004914,0.0273972602739726,0.0
0.0004783926008611067,0.0008269588587967748,0.012727272727272728,0.0,0.015337423312883436
0.015655577299412915,0.0008269588587967748,0.0012448132780082987,0.0010878433505575197,0.03571428571428571
0.0004783926008611067,0.0,0.0012448132780082987,0.0,0.03571428571428571
0.0033613445378151263,0.00815494393476045,0.022857142857142857,0.0,0.0
0.002560819462227913,0.0008269588587967748,0.004705882352941176,0.0,0.005443234836702955
0.0004783926008611067,0.0,0.0012448132780082987,0.0,0.0010498687664041995
0.002515090543259557,0.0008269588587967748,0.0012448132780082987,0.004296455424274973,0.0010498687664041995
0.0033613445378151263,0.0009532888465204957,0.00102880658436214,0.006829268292682927,0.0
0.0,0.0008269588587967748,0.0,0.0010878433505575197,0.0017667844522968198
0.002560819462227913,0.0008269588587967748,0.0004914004914004914,0.010514018691588784,0.0010498687664041995
0.0,0.0008269588587967748,0.00102880658436214,0.004296455424274973,0.005443234836702955
0.0,0.0069767441860465115,0.0006265664160401002,0.0010878433505575197,0.005443234836702955
0.0004783926008611067,0.0008269588587967748,0.0,0.010514018691588784,0.0012755102040816326
0.0004783926008611067,0.0008269588587967748,0.0006265664160401002,0.004296455424274973,0.0010498687664041995
0.0004783926008611067,0.0008269588587967748,0.0004914004914004914,0.010514018691588784,0.0
0.0033613445378151263,0.0,0.0,0.004296455424274973,0.0
0.002515090543259557,0.0009532888465204957,0.007407407407407408,0.0010878433505575197,0.0010498687664041995
0.0004783926008611067,0.0,0.0,0.0,0.0
0.0004783926008611067,0.0,0.0,0.0010878433505575197,0.015337423312883436
0.002515090543259557,0.0,0.010050251256281407,0.0,0.0010498687664041995
0.002515090543259557,0.0009532888465204957,0.0,0.0010878433505575197,0.0007446016381236039
0.0,0.00646551724137931,0.0,0.0,0.0010498687664041995
0.0,0.0069767441860465115,0.0011312488386625195,0.0,0.0010498687664041995
0.0,0.0009532888465204957,0.012727272727272728,0.0018726591760299626,0.0017667844522968198
0.0004783926008611067,0.0008269588587967748,0.007407407407407408,0.0010878433505575197,0.02258064516129032
0.006369426751592357,0.0008269588587967748,0.012727272727272728,0.0,0.0
0.0004783926008611067,0.0069767441860465115,0.0012448132780082987,0.0,0.007099391480730223
0.0004783926008611067,0.0069767441860465115,0.00102880658436214,0.0273972602739726,0.005443234836702955
0.0004783926008611067,0.0009532888465204957,0.0,0.006829268292682927,0.015337423312883436
0.0004783926008611067,0.0008269588587967748,0.007407407407407408,0.006829268292682927,0.0012755102040816326
0.002560819462227913,0.00646551724137931,0.0012448132780082987,0.0010878433505575197,0.005443234836702955
0.0,0.0069767441860465115,0.007407407407407408,0.0,0.015337423312883436
0.0004783926008611067,0.0,0.007407407407407408,0.0010878433505575197,0.005443234836702955
0.0,0.0069767441860465115,0.0,0.0010878433505575197,0.0
0.015655577299412915,0.0069767441860465115,0.0,0.0010878433505575197,0.0010498687664041995
0.0004783926008611067,0.0009532888465204957,0.00102880658436214,0.010514018691588784,0.0017667844522968198
0.0004783926008611067,0.00815494393476045,0.0012448132780082987,0.004296455424274973,0.015337423312883436
0.0,0.0008269588587967748,0.0006265664160401002,0.0,0.005443234836702955
0.0004783926008611067,0.0,0.0,0.0,0.0010498687664041995
0.002515090543259557,0.0008269588587967748,0.00102880658436214,0.0,0.0027397260273972603
0.0,0.0,0.0,0.0,0.0010498687664041995
0.0,0.0,0.0006265664160401002,0.0,0.0012755102040816326
0.0004783926008611067,0.0,0.0006265664160401002,0.0010878433505575197,0.0007446016381236039
0.0,0.0,0.0012448132780082987,0.0,0.0010498687664041995
0.0004783926008611067,0.0009532888465204957,0.0004914004914004914,0.004296455424274973,0.015337423312883436
0.002515090543259557,0.0009532888465204957,0.0006265664160401002,0.0,0.0010498687664041995
0.015655577299412915,0.0008269588587967748,0.007407407407407408,0.0010878433505575197,0.11538461538461539
0.002515090543259557,0.0008269588587967748,0.0012448132780082987,0.006829268292682927,0.0
0.0004783926008611067,0.00815494393476045,0.0006265664160401002,0.0,0.0
0.0004783926008611067,0.0,0.012727272727272728,0.0,0.0010498687664041995
0.0004783926008611067,0.0008269588587967748,0.0004914004914004914,0.0010878433505575197,0.0010498687664041995
0.0004783926008611067,0.0008269588587967748,0.0012448132780082987,0.004296455424274973,0.0010498687664041995
0.0,0.00815494393476045,0.007407407407407408,0.0,0.007099391480730223
0.002515090543259557,0.0,0.0012448132780082987,0.0,0.0
0.0004783926008611067,0.0009532888465204957,0.0006265664160401002,0.0,0.0007446016381236039
0.0004783926008611067,0.0008269588587967748,0.0006265664160401002,0.0018726591760299626,0.0
0.0004783926008611067,0.0009532888465204957,0.0,0.002,0.0007446016381236039
0.002515090543259557,0.0008269588587967748,0.0,0.0010878433505575197,0.015337423312883436
0.0,0.0008269588587967748,0.0012448132780082987,0.004296455424274973,0.015337423312883436
0.0,0.0008269588587967748,0.0004914004914004914,0.0,0.0
0.0004783926008611067,0.0,0.0,0.0018726591760299626,0.007099391480730223
0.0,0.0,0.0004914004914004914,0.004296455424274973,0.0
0.0,0.0008269588587967748,0.0004914004914004914,0.004296455424274973,0.0
0.0004783926008611067,0.0009532888465204957,0.004705882352941176,0.0010878433505575197,0.0
0.0004783926008611067,0.0009532888465204957,0.022857142857142857,0.0,0.005443234836702955
0.0,0.00646551724137931,0.0012448132780082987,0.0,0.0007446016381236039
0.0004783926008611067,0.0,0.0,0.0010878433505575197,0.0007446016381236039
0.0004783926008611067,0.0009532888465204957,0.022857142857142857,0.0010878433505575197,0.0
0.0,0.0008269588587967748,0.0,0.0010878433505575197,0.0
0.0004783926008611067,0.0008269588587967748,0.0012448132780082987,0.0,0.0
0.015655577299412915,0.0009532888465204957,0.0004914004914004914,0.010514018691588784,0.0007446016381236039
0.0004783926008611067,0.00815494393476045,0.0,0.004296455424274973,0.0
0.002515090543259557,0.0009532888465204957,0.0012448132780082987,0.0,0.005443234836702955
0.0,0.00646551724137931,0.0,0.0010878433505575197,0.0
0.002560819462227913,0.0008269588587967748,0.004705882352941176,0.0,0.0
0.0,0.0008269588587967748,0.012727272727272728,0.0010878433505575197,0.0010498687664041995
0.0004783926008611067,0.0008269588587967748,0.022857142857142857,0.004296455424274973,0.02258064516129032
0.0,0.0008269588587967748,0.012727272727272728,0.002,0.0012755102040816326
0.0004783926008611067,0.0008269588587967748,0.0004914004914004914,0.0010878433505575197,0.0
0.015655577299412915,0.0008269588587967748,0.0,0.0,0.0
0.0004783926008611067,0.00646551724137931,0.0,0.006829268292682927,0.0010498687664041995
0.015655577299412915,0.0,0.0,0.004296455424274973,0.0010498687664041995
0.0004783926008611067,0.0008269588587967748,0.004705882352941176,0.0,0.0012755102040816326
0.002560819462227913,0.0008269588587967748,0.004705882352941176,0.0,0.007099391480730223
0.0,0.00646551724137931,0.0,0.0,0.0
0.0004783926008611067,0.0,0.0004914004914004914,0.0,0.007099391480730223
0.0004783926008611067,0.0009532888465204957,0.0012448132780082987,0.0010878433505575197,0.0
0.0004783926008611067,0.0,0.0,0.004296455424274973,0.0
0.0004783926008611067,0.0009532888465204957,0.0006265664160401002,0.0018726591760299626,0.0010498687664041995
0.0004783926008611067,0.00646551724137931,0.0004914004914004914,0.0018726591760299626,0.0010498687664041995
0.0033613445378151263,0.0008269588587967748,0.0012448132780082987,0.0010878433505575197,0.0007446016381236039
0.0,0.0009532888465204957,0.022857142857142857,0.004296455424274973,0.0
0.0004783926008611067,0.0,0.0006265664160401002,0.006829268292682927,0.0
0.0,0.025906735751295335,0.012727272727272728,0.0018726591760299626,0.0
0.002515090543259557,0.0009532888465204957,0.0012448132780082987,0.0,0.0027397260273972603
0.0004783926008611067,0.0,0.0,0.0,0.0027397260273972603
0.0004783926008611067,0.0,0.007407407407407408,0.0010878433505575197,0.02258064516129032
0.002560819462227913,0.0,0.0,0.006829268292682927,0.0010498687664041995
0.0004783926008611067,0.0,0.0,0.0018726591760299626,0.0010498687664041995
0.002515090543259557,0.0008269588587967748,0.0012448132780082987,0.004296455424274973,0.007099391480730223
0.0004783926008611067,0.0008269588587967748,0.0,0.002,0.0
0.0004783926008611067,0.0,0.022857142857142857,0.0,0.0017667844522968198
0.0004783926008611067,0.0008269588587967748,0.0,0.0,0.0010498687664041995
0.0004783926008611067,0.0009532888465204957,0.007407407407407408,0.010514018691588784,0.0
0.0004783926008611067,0.0008269588587967748,0.004705882352941176,0.0010878433505575197,0.005443234836702955
0.0,0.0009532888465204957,0.0006265664160401002,0.004296455424274973,0.005443234836702955
0.0004783926008611067,0.00646551724137931,0.00102880658436214,0.0010878433505575197,0.0010498687664041995
0.0,0.0008269588587967748,0.0,0.004296455424274973,0.0010498687664041995
0.0004783926008611067,0.0009532888465204957,0.004705882352941176,0.010514018691588784,0.007099391480730223
0.0004783926008611067,0.0,0.0004914004914004914,0.0,0.0007446016381236039
0.0004783926008611067,0.0008269588587967748,0.0,0.0010878433505575197,0.0017667844522968198
0.0004783926008611067,0.0009532888465204957,0.0012448132780082987,0.004296455424274973,0.0012755102040816326
0.0004783926008611067,0.00815494393476045,0.010050251256281407,0.003134796238244514,0.0010498687664041995
0.0004783926008611067,0.0009532888465204957,0.0,0.0,0.0007446016381236039
0.0,0.0008269588587967748,0.0006265664160401002,0.003134796238244514,0.005443234836702955
0.0004783926008611067,0.0008269588587967748,0.0004914004914004914,0.0,0.0
0.015655577299412915,0.00815494393476045,0.00102880658436214,0.0,0.005443234836702955
0.0004783926008611067,0.0008269588587967748,0.0006265664160401002,0.004296455424274973,0.0
0.0004783926008611067,0.00646551724137931,0.007407407407407408,0.004296455424274973,0.0010498687664041995
0.0004783926008611067,0.0008269588587967748,0.0012448132780082987,0.006829268292682927,0.015337423312883436
0.0,0.0,0.00102880658436214,0.0010878433505575197,0.0
0.0004783926008611067,0.0,0.00102880658436214,0.0010878433505575197,0.0010498687664041995
0.0004783926008611067,0.0009532888465204957,0.012727272727272728,0.0,0.0010498687664041995
0.05,0.0009532888465204957,0.0006265664160401002,0.0,0.0
0.015655577299412915,0.0008269588587967748,0.0004914004914004914,0.0010878433505575197,0.0012755102040816326
0.0004783926008611067,0.0,0.0012448132780082987,0.0010878433505575197,0.0010498687664041995
0.0004783926008611067,0.0009532888465204957,0.0,0.004296455424274973,0.0
0.0004783926008611067,0.0,0.00102880658436214,0.0010878433505575197,0.0017667844522968198
0.0004783926008611067,0.0069767441860465115,0.0,0.004296455424274973,0.007099391480730223
0.0004783926008611067,0.0009532888465204957,0.0012448132780082987,0.003134796238244514,0.0010498687664041995
0.0004783926008611067,0.0,0.0012448132780082987,0.0010878433505575197,0.0012755102040816326
0.0004783926008611067,0.0008269588587967748,0.0,0.006829268292682927,0.0010498687664041995
0.0004783926008611067,0.0008269588587967748,0.00102880658436214,0.0,0.0010498687664041995
0.0,0.0008269588587967748,0.00102880658436214,0.0,0.0
0.002560819462227913,0.0009532888465204957,0.0,0.0,0.0010498687664041995
0.0,0.0009532888465204957,0.0012448132780082987,0.0,0.007099391480730223
0.0,0.0,0.0,0.0010878433505575197,0.0010498687664041995
0.0004783926008611067,0.0009532888465204957,0.0,0.0010878433505575197,0.0027397260273972603
0.0004783926008611067,0.0008269588587967748,0.0004914004914004914,0.0010878433505575197,0.0
0.0004783926008611067,0.0008269588587967748,0.0006265664160401002,0.0018726591760299626,0.0
0.0004783926008611067,0.0008269588587967748,0.0004914004914004914,0.0010878433505575197,0.0007446016381236039
0.002515090543259557,0.0,0.0012448132780082987,0.0,0.015337423312883436
0.015655577299412915,0.01702127659574468,0.0012448132780082987,0.0,0.0012755102040816326
0.0004783926008611067,0.0008269588587967748,0.0012448132780082987,0.0018726591760299626,0.0010498687664041995
0.0004783926008611067,0.0,0.0004914004914004914,0.0018726591760299626,0.005443234836702955
0.002515090543259557,0.0,0.0012448132780082987,0.0,0.007099391480730223
0.002515090543259557,0.00815494393476045,0.007407407407407408,0.006829268292682927,0.0010498687664041995
0.002560819462227913,0.0008269588587967748,0.0004914004914004914,0.006829268292682927,0.0010498687664041995
0.0004783926008611067,0.0,0.0006265664160401002,0.0010878433505575197,0.0
0.006369426751592357,0.0009532888465204957,0.0006265664160401002,0.0,0.02258064516129032
0.0,0.0,0.0,0.0,0.0
0.0033613445378151263,0.0009532888465204957,0.0,0.004296455424274973,0.0
0.0004783926008611067,0.0,0.00102880658436214,0.006829268292682927,0.0007446016381236039
0.0033613445378151263,0.0,0.0,0.002,0.0010498687664041995
0.002560819462227913,0.0,0.0006265664160401002,0.004296455424274973,0.0012755102040816326
0.0004783926008611067,0.00646551724137931,0.0006265664160401002,0.0010878433505575197,0.02258064516129032
0.015655577299412915,0.0,0.0,0.004296455424274973,0.0017667844522968198
0.0004783926008611067,0.0,0.0,0.0,0.005443234836702955
0.006369426751592357,0.00646551724137931,0.00102880658436214,0.0010878433505575197,0.0
0.0,0.0008269588587967748,0.0006265664160401002,0.0,0.0010498687664041995
0.0004783926008611067,0.0008269588587967748,0.0012448132780082987,0.004296455424274973,0.0017667844522968198
0.002560819462227913,0.0008269588587967748,0.0006265664160401002,0.002,0.005443234836702955
0.0033613445378151263,0.0009532888465204957,0.0,0.010514018691588784,0.0007446016381236039
0.0004783926008611067,0.0009532888465204957,0.0006265664160401002,0.0,0.0
0.0004783926008611067,0.0008269588587967748,0.0006265664160401002,0.0010878433505575197,0.0010498687664041995
0.0,0.0009532888465204957,0.0,0.0,0.0010498687664041995
0.0,0.0,0.0,0.0,0.005443234836702955
0.0,0.0,0.0012448132780082987,0.0010878433505575197,0.0
0.0004783926008611067,0.0,0.00102880658436214,0.0,0.0017667844522968198
0.0004783926008611067,0.0,0.0012448132780082987,0.004296455424274973,0.0007446016381236039
0.0004783926008611067,0.0,0.007407407407407408,0.0,0.005443234836702955
0.0,0.0008269588587967748,0.0004914004914004914,0.0,0.005443234836702955
0.0004783926008611067,0.00646551724137931,0.0,0.004296455424274973,0.0
0.0004783926008611067,0.0008269588587967748,0.0004914004914004914,0.0,0.0010498687664041995
0.0004783926008611067,0.0,0.007407407407407408,0.0018726591760299626,0.0
0.002515090543259557,0.0,0.0,0.0010878433505575197,0.007099391480730223
0.0004783926008611067,0.0009532888465204957,0.0012448132780082987,0.0,0.0
0.0,0.0009532888465204957,0.0,0.06906847793242989,0.0010498687664041995
0.002560819462227913,0.0,0.0012448132780082987,0.004296455424274973,0.0017667844522968198
0.0004783926008611067,0.0,0.0,0.0018726591760299626,0.0010498687664041995
0.0,0.0008269588587967748,0.0012448132780082987,0.004296455424274973,0.0027397260273972603
0.002515090543259557,0.0,0.00102880658436214,0.002,0.0
0.002515090543259557,0.0008269588587967748,0.0012448132780082987,0.0010878433505575197,0.0
0.006369426751592357,0.0009532888465204957,0.0012448132780082987,0.0,0.005443234836702955
0.0,0.0008269588587967748,0.0012448132780082987,0.0,0.0010498687664041995
0.0,0.00646551724137931,0.00102880658436214,0.0010878433505575197,0.0010498687664041995
0.0,0.0,0.0004914004914004914,0.0018726591760299626,0.0010498687664041995
0.0033613445378151263,0.0008269588587967748,0.012727272727272728,0.0,0.0007446016381236039
0.0004783926008611067,0.0008269588587967748,0.0,0.003134796238244514,0.005443234836702955
0.0004783926008611067,0.00646551724137931,0.00102880658436214,0.0018726591760299626,0.0027397260273972603
0.0004783926008611067,0.0,0.0004914004914004914,0.0010878433505575197,0.0010498687664041995
0.0033613445378151263,0.0,0.007407407407407408,0.0010878433505575197,0.0010498687664041995
0.002560819462227913,0.0,0.0,0.0,0.0
0.0004783926008611067,0.0008269588587967748,0.007407407407407408,0.004296455424274973,0.0010498687664041995
0.0,0.0069767441860465115,0.022857142857142857,0.010514018691588784,0.007099391480730223
0.0,0.0008269588587967748,0.0006265664160401002,0.0,0.0010498687664041995
0.0004783926008611067,0.0008269588587967748,0.0,0.003134796238244514,0.0007446016381236039
0.015655577299412915,0.00646551724137931,0.007407407407407408,0.0273972602739726,0.0027397260273972603
0.0004783926008611067,0.0,0.0012448132780082987,0.0,0.0
0.0,0.0008269588587967748,0.0012448132780082987,0.006829268292682927,0.007099391480730223
0.0004783926008611067,0.0008269588587967748,0.022857142857142857,0.0,0.0
0.006369426751592357,0.0,0.022857142857142857,0.006829268292682927,0.0
0.0004783926008611067,0.0,0.012727272727272728,0.002,0.005443234836702955
0.0,0.0,0.004705882352941176,0.0,0.007099391480730223
0.0004783926008611067,0.0,0.022857142857142857,0.006829268292682927,0.0017667844522968198
0.015655577299412915,0.0,0.007407407407407408,0.0,0.0010498687664041995
0.0004783926008611067,0.0008269588587967748,0.0012448132780082987,0.0,0.0007446016381236039
0.0004783926008611067,0.0008269588587967748,0.0,0.0018726591760299626,0.0
0.015655577299412915,0.0069767441860465115,0.0,0.0,0.0010498687664041995
0.0004783926008611067,0.0,0.0,0.0010878433505575197,0.0010498687664041995
0.0,0.0,0.0012448132780082987,0.004296455424274973,0.007099391480730223
0.002515090543259557,0.0009532888465204957,0.0,0.004296455424274973,0.0010498687664041995
0.0,0.0,0.0,0.010514018691588784,0.02258064516129032
0.0004783926008611067,0.0,0.0012448132780082987,0.0010878433505575197,0.0010498687664041995
0.0,0.0,0.0,0.006829268292682927,0.0
0.0004783926008611067,0.0,0.0012448132780082987,0.0010878433505575197,0.0010498687664041995
0.0033613445378151263,0.0008269588587967748,0.0012448132780082987,0.0010878433505575197,0.0
0.0004783926008611067,0.0008269588587967748,0.0,0.002,0.0
0.0004783926008611067,0.00815494393476045,0.0006265664160401002,0.004296455424274973,0.0
0.002560819462227913,0.0009532888465204957,0.012727272727272728,0.0,0.0017667844522968198
0.0004783926008611067,0.0069767441860465115,0.0,0.0010878433505575197,0.0010498687664041995
0.0004783926008611067,0.00646551724137931,0.0012448132780082987,0.006829268292682927,0.005443234836702955
0.0004783926008611067,0.0,0.0012448132780082987,0.0010878433505575197,0.0007446016381236039
0.002515090543259557,0.0008269588587967748,0.0006265664160401002,0.0010878433505575197,0.0
0.002515090543259557,0.00646551724137931,0.0006265664160401002,0.006829268292682927,0.0007446016381236039
0.0004783926008611067,0.0,0.0012448132780082987,0.0010878433505575197,0.0010498687664041995
0.02857142857142857,0.0,0.0012448132780082987,0.006829268292682927,0.0
0.015655577299412915,0.0,0.007407407407407408,0.0010878433505575197,0.0
0.0004783926008611067,0.0,0.0006265664160401002,0.003134796238244514,0.0007446016381236039
0.0,0.0008269588587967748,0.0,0.010514018691588784,0.0010498687664041995
0.0,0.0008269588587967748,0.0012448132780082987,0.010514018691588784,0.0007446016381236039
0.0004783926008611067,0.0,0.0004914004914004914,0.0,0.005443234836702955
0.0,0.0008269588587967748,0.012727272727272728,0.0,0.007099391480730223
0.002515090543259557,0.00815494393476045,0.0012448132780082987,0.010514018691588784,0.0010498687664041995
0.0033613445378151263,0.0009532888465204957,0.012727272727272728,0.0010878433505575197,0.005443234836702955
0.002515090543259557,0.00646551724137931,0.0012448132780082987,0.002,0.0010498687664041995
0.0,0.0069767441860465115,0.0004914004914004914,0.002,0.0007446016381236039
0.002515090543259557,0.025906735751295335,0.012727272727272728,0.0,0.0010498687664041995
0.0033613445378151263,0.0,0.022857142857142857,0.0,0.005443234836702955
0.0004783926008611067,0.0069767441860465115,0.00102880658436214,0.0018726591760299626,0.007099391480730223
0.0,0.0008269588587967748,0.0,0.0010878433505575197,0.0007446016381236039
0.015655577299412915,0.0008269588587967748,0.0004914004914004914,0.0,0.0010498687664041995
0.002560819462227913,0.0009532888465204957,0.0,0.0010878433505575197,0.015337423312883436
0.015655577299412915,0.00815494393476045,0.0004914004914004914,0.0018726591760299626,0.0017667844522968198
0.0033613445378151263,0.0,0.0012448132780082987,0.0,0.0
0.0004783926008611067,0.0008269588587967748,0.004705882352941176,0.0,0.0007446016381236039
0.0004783926008611067,0.0,0.010050251256281407,0.0,0.0
0.002560819462227913,0.0009532888465204957,0.0006265664160401002,0.0010878433505575197,0.0010498687664041995
0.0,0.0009532888465204957,0.0,0.0010878433505575197,0.0007446016381236039
0.002515090543259557,0.0069767441860465115,0.0,0.0,0.007099391480730223
0.0004783926008611067,0.0,0.0,0.010514018691588784,0.0017667844522968198
0.0004783926008611067,0.0008269588587967748,0.007407407407407408,0.0010878433505575197,0.0012755102040816326
0.0004783926008611067,0.0,0.0,0.0,0.0010498687664041995
0.002515090543259557,0.0008269588587967748,0.0,0.0,0.0007446016381236039
0.0004783926008611067,0.00646551724137931,0.0012448132780082987,0.0,0.0
0.0004783926008611067,0.0008269588587967748,0.0,0.0,0.005443234836702955
0.006369426751592357,0.0008269588587967748,0.007407407407407408,0.0010878433505575197,0.0010498687664041995
0.002560819462227913,0.0,0.0004914004914004914,0.004296455424274973,0.0
0.015655577299412915,0.00646551724137931,0.0,0.0010878433505575197,0.007099391480730223
0.002560819462227913,0.00815494393476045,0.007407407407407408,0.0010878433505575197,0.0027397260273972603
0.0,0.0,0.0006265664160401002,0.0,0.007099391480730223
0.0,0.0008269588587967748,0.0012448132780082987,0.0,0.0012755102040816326
0.0,0.0008269588587967748,0.0,0.0010878433505575197,0.0007446016381236039
0.0004783926008611067,0.0,0.007407407407407408,0.0018726591760299626,0.0010498687664041995
0.0004783926008611067,0.00815494393476045,0.0,0.0,0.005443234836702955
0.0,0.0008269588587967748,0.0012448132780082987,0.0,0.0010498687664041995
0.002515090543259557,0.0008269588587967748,0.007407407407407408,0.0010878433505575197,0.0
0.0,0.0009532888465204957,0.0004914004914004914,0.0010878433505575197,0.0
0.0033613445378151263,0.0008269588587967748,0.0,0.0,0.007099391480730223
0.015655577299412915,0.0009532888465204957,0.022857142857142857,0.0010878433505575197,0.0010498687664041995
0.0,0.00815494393476045,0.0012448132780082987,0.0010878433505575197,0.0017667844522968198
0.0,0.0069767441860465115,0.007407407407407408,0.002,0.0007446016381236039
0.0,0.0008269588587967748,0.0,0.0,0.0010498687664041995
0.0004783926008611067,0.0,0.0012448132780082987,0.0,0.0
0.0,0.0008269588587967748,0.0012448132780082987,0.0010878433505575197,0.0010498687664041995
0.002515090543259557,0.00646551724137931,0.00102880658436214,0.0273972602739726,0.005443234836702955
0.0004783926008611067,0.0008269588587967748,0.0,0.006829268292682927,0.0010498687664041995
0.0004783926008611067,0.0008269588587967748,0.0,0.0010878433505575197,0.0
0.0,0.0008269588587967748,0.0,0.003134796238244514,0.0027397260273972603
0.0004783926008611067,0.0009532888465204957,0.0004914004914004914,0.0,0.0027397260273972603
0.0004783926008611067,0.0,0.0,0.004296455424274973,0.005443234836702955
0.0004783926008611067,0.0069767441860465115,0.0,0.0010878433505575197,0.0
0.0,0.0069767441860465115,0.004705882352941176,0.0010878433505575197,0.0017667844522968198
0.0004783926008611067,0.0,0.0,0.0010878433505575197,0.0010498687664041995
0.0033613445378151263,0.0008269588587967748,0.0012448132780082987,0.0018726591760299626,0.0
0.002515090543259557,0.0,0.0006265664160401002,0.004296455424274973,0.0010498687664041995
0.0,0.00646551724137931,0.0006265664160401002,0.0018726591760299626,0.0
0.0004783926008611067,0.0009532888465204957,0.0012448132780082987,0.0010878433505575197,0.0
0.0,0.0,0.0,0.0010878433505575197,0.0007446016381236039
0.0004783926008611067,0.0009532888465204957,0.0,0.0,0.0
0.0,0.0,0.00102880658436214,0.0010878433505575197,0.0
0.0004783926008611067,0.0008269588587967748,0.0,0.0010878433505575197,0.0
0.0033613445378151263,0.0,0.0012448132780082987,0.0,0.0
0.0,0.0008269588587967748,0.0012448132780082987,0.0,0.0007446016381236039
0.0004783926008611067,0.0008269588587967748,0.0012448132780082987,0.0010878433505575197,0.0
0.0,0.0008269588587967748,0.0,0.0,0.02258064516129032
0.0004783926008611067,0.0,0.0006265664160401002,0.0010878433505575197,0.03571428571428571
0.0004783926008611067,0.0008269588587967748,0.007407407407407408,0.0010878433505575197,0.015337423312883436
0.0004783926008611067,0.0,0.0,0.004296455424274973,0.0007446016381236039
0.0004783926008611067,0.0,0.007407407407407408,0.0010878433505575197,0.005443234836702955
0.0,0.0008269588587967748,0.0,0.010514018691588784,0.005443234836702955
0.0004783926008611067,0.0008269588587967748,0.007407407407407408,0.0,0.0012755102040816326
0.0,0.0008269588587967748,0.010050251256281407,0.002,0.007099391480730223
0.002515090543259557,0.0,0.0012448132780082987,0.0010878433505575197,0.0017667844522968198
0.0,0.0009532888465204957,0.0004914004914004914,0.010514018691588784,0.0010498687664041995
0.002515090543259557,0.0009532888465204957,0.0012448132780082987,0.0,0.02258064516129032
0.002560819462227913,0.0008269588587967748,0.0,0.0,0.0007446016381236039
0.002515090543259557,0.00815494393476045,0.0006265664160401002,0.010514018691588784,0.007099391480730223
0.0004783926008611067,0.0,0.0012448132780082987,0.004296455424274973,0.0
0.002515090543259557,0.0008269588587967748,0.0,0.0018726591760299626,0.0010498687664041995
0.0,0.0008269588587967748,0.0,0.004296455424274973,0.015337423312883436
0.0004783926008611067,0.00815494393476045,0.0,0.0,0.0010498687664041995
0.0004783926008611067,0.0008269588587967748,0.0004914004914004914,0.0018726591760299626,0.0
0.002515090543259557,0.0069767441860465115,0.0004914004914004914,0.0,0.0012755102040816326
0.0004783926008611067,0.00815494393476045,0.0012448132780082987,0.003134796238244514,0.0
0.006369426751592357,0.0069767441860465115,0.0,0.010514018691588784,0.0010498687664041995
0.0,0.0008269588587967748,0.0004914004914004914,0.002,0.005443234836702955
0.0004783926008611067,0.0008269588587967748,0.022857142857142857,0.003134796238244514,0.0012755102040816326
0.0,0.0008269588587967748,0.0012448132780082987,0.0,0.0012755102040816326
0.0004783926008611067,0.0008269588587967748,0.0004914004914004914,0.0,0.0012755102040816326
0.0004783926008611067,0.0,0.0,0.0,0.0010498687664041995
0.002515090543259557,0.0008269588587967748,0.007407407407407408,0.0010878433505575197,0.007099391480730223
0.0004783926008611067,0.0008269588587967748,0.0,0.0018726591760299626,0.0007446016381236039
0.0004783926008611067,0.0008269588587967748,0.012727272727272728,0.004296455424274973,0.0
0.0,0.0,0.0,0.0,0.007099391480730223
0.015655577299412915,0.0008269588587967748,0.0004914004914004914,0.0010878433505575197,0.0007446016381236039
0.015655577299412915,0.0008269588587967748,0.0012448132780082987,0.0010878433505575197,0.0010498687664041995
0.002515090543259557,0.00815494393476045,0.0004914004914004914,0.0010878433505575197,0.0
0.0033613445378151263,0.0,0.0012448132780082987,0.0,0.0
0.015655577299412915,0.0009532888465204957,0.007407407407407408,0.0,0.0010498687664041995
0.0033613445378151263,0.00815494393476045,0.0004914004914004914,0.0018726591760299626,0.0010498687664041995
0.0,0.0,0.0,0.0,0.0
0.0,0.0069767441860465115,0.022857142857142857,0.010514018691588784,0.005443234836702955
0.002515090543259557,0.00646551724137931,0.0,0.0010878433505575197,0.0
0.0004783926008611067,0.0008269588587967748,0.0,0.0,0.0007446016381236039
0.0,0.0,0.012727272727272728,0.010514018691588784,0.0
0.002515090543259557,0.0069767441860465115,0.00102880658436214,0.0,0.005443234836702955
0.002515090543259557,0.0,0.0,0.0,0.0
0.015655577299412915,0.0069767441860465115,0.0,0.0010878433505575197,0.0
0.0004783926008611067,0.0008269588587967748,0.022857142857142857,0.006829268292682927,0.0010498687664041995
0.0004783926008611067,0.0009532888465204957,0.0012448132780082987,0.0,0.0010498687664041995
0.0004783926008611067,0.025906735751295335,0.0012448132780082987,0.006829268292682927,0.0010498687664041995
0.015655577299412915,0.0,0.0,0.0,0.0010498687664041995
0.002560819462227913,0.0009532888465204957,0.0,0.002,0.0010498687664041995
0.002515090543259557,0.0008269588587967748,0.0,0.0,0.0007446016381236039
0.015655577299412915,0.0008269588587967748,0.012727272727272728,0.0010878433505575197,0.0
0.0,0.0008269588587967748,0.0004914004914004914,0.0,0.0
0.0004783926008611067,0.0069767441860465115,0.0006265664160401002,0.0,0.005443234836702955
0.0004783926008611067,0.0009532888465204957,0.0004914004914004914,0.004296455424274973,0.0
0.05,0.00815494393476045,0.0,0.0018726591760299626,0.0
0.0004783926008611067,0.00646551724137931,0.0,0.0,0.0
0.0,0.0,0.0004914004914004914,0.0010878433505575197,0.0
0.006369426751592357,0.0,0.0,0.0,0.0
0.0033613445378151263,0.0,0.012727272727272728,0.0,0.0
0.02857142857142857,0.0,0.0004914004914004914,0.0018726591760299626,0.0010498687664041995
0.0033613445378151263,0.00815494393476045,0.0004914004914004914,0.0,0.0010498687664041995
0.015655577299412915,0.025906735751295335,0.010050251256281407,0.010514018691588784,0.0012755102040816326
0.0,0.0,0.0,0.0018726591760299626,0.0
0.015655577299412915,0.00646551724137931,0.0012448132780082987,0.0010878433505575197,0.0010498687664041995
0.0,0.00646551724137931,0.0004914004914004914,0.0010878433505575197,0.027083493583279876
0.0,0.0,0.012727272727272728,0.004296455424274973,0.0
0.0004783926008611067,0.0,0.0,0.010514018691588784,0.0010498687664041995
0.0033613445378151263,0.00815494393476045,0.0006265664160401002,0.006829268292682927,0.0
0.002515090543259557,0.0009532888465204957,0.0,0.0,0.015337423312883436
0.0,0.0009532888465204957,0.0,0.010514018691588784,0.0010498687664041995
0.0004783926008611067,0.0,0.0006265664160401002,0.002,0.0010498687664041995
0.0,0.0,0.0004914004914004914,0.0010878433505575197,0.0
0.0004783926008611067,0.00815494393476045,0.0012448132780082987,0.0010878433505575197,0.0010498687664041995
0.0004783926008611067,0.00815494393476045,0.0012448132780082987,0.0018726591760299626,0.0010498687664041995
0.002515090543259557,0.0,0.012727272727272728,0.0010878433505575197,0.0
0.0004783926008611067,0.0009532888465204957,0.0012448132780082987,0.0,0.005443234836702955
0.0004783926008611067,0.00815494393476045,0.0006265664160401002,0.0,0.0010498687664041995
0.0033613445378151263,0.0,0.0,0.0,0.0010498687664041995
0.002560819462227913,0.0,0.00102880658436214,0.004296455424274973,0.007099391480730223
0.002560819462227913,0.0008269588587967748,0.010050251256281407,0.004296455424274973,0.0010498687664041995
0.0033613445378151263,0.00815494393476045,0.0006265664160401002,0.0010878433505575197,0.0010498687664041995
0.002560819462227913,0.0009532888465204957,0.0,0.0010878433505575197,0.0
0.0004783926008611067,0.0008269588587967748,0.0006265664160401002,0.0,0.0
0.0033613445378151263,0.0069767441860465115,0.0,0.010514018691588784,0.0
0.0,0.0069767441860465115,0.0,0.002,0.0
0.0,0.00646551724137931,0.0,0.0,0.0010498687664041995
0.0,0.0009532888465204957,0.0,0.010514018691588784,0.0007446016381236039
0.002560819462227913,0.0,0.0004914004914004914,0.006829268292682927,0.0017667844522968198
0.0004783926008611067,0.00815494393476045,0.0012448132780082987,0.0,0.0010498687664041995
0.0,0.0008269588587967748,0.0012448132780082987,0.0010878433505575197,0.0010498687664041995
0.0004783926008611067,0.00815494393476045,0.007407407407407408,0.0,0.0
0.0004783926008611067,0.0008269588587967748,0.0004914004914004914,0.010514018691588784,0.005443234836702955
0.0,0.0009532888465204957,0.012727272727272728,0.0,0.0007446016381236039
0.002515090543259557,0.00815494393476045,0.0006265664160401002,0.0018726591760299626,0.007099391480730223
0.015655577299412915,0.0,0.0004914004914004914,0.0010878433505575197,0.0010498687664041995
0.0,0.0069767441860465115,0.007407407407407408,0.006829268292682927,0.0010498687664041995
0.0004783926008611067,0.0009532888465204957,0.0,0.006829268292682927,0.0012755102040816326
0.006369426751592357,0.0008269588587967748,0.0004914004914004914,0.010514018691588784,0.0010498687664041995
0.0004783926008611067,0.00646551724137931,0.0012448132780082987,0.0,0.0
0.0004783926008611067,0.00646551724137931,0.007407407407407408,0.010514018691588784,0.0010498687664041995
0.05,0.0,0.012727272727272728,0.0010878433505575197,0.0010498687664041995
0.015655577299412915,0.0009532888465204957,0.004705882352941176,0.0,0.0
0.0,0.0009532888465204957,0.0,0.0,0.0
0.002515090543259557,0.0,0.0006265664160401002,0.0018726591760299626,0.0017667844522968198
0.0,0.00646551724137931,0.0012448132780082987,0.004296455424274973,0.0010498687664041995
0.0004783926008611067,0.0008269588587967748,0.0,0.0,0.0010498687664041995
0.0033613445378151263,0.0,0.022857142857142857,0.004296455424274973,0.0007446016381236039
0.015655577299412915,0.0008269588587967748,0.0,0.0010878433505575197,0.0012755102040816326
0.0033613445378151263,0.0008269588587967748,0.0,0.0010878433505575197,0.02258064516129032
0.0,0.0008269588587967748,0.022857142857142857,0.0,0.005443234836702955
0.002515090543259557,0.0069767441860465115,0.00102880658436214,0.0018726591760299626,0.0010498687664041995
0.0004783926008611067,0.0,0.0012448132780082987,0.0010878433505575197,0.0010498687664041995
0.0004783926008611067,0.0008269588587967748,0.0004914004914004914,0.010514018691588784,0.0
0.0004783926008611067,0.0008269588587967748,0.0012448132780082987,0.0010878433505575197,0.0
0.0004783926008611067,0.0008269588587967748,0.0,0.0,0.0
0.0,0.0,0.0004914004914004914,0.002,0.0
0.015655577299412915,0.0,0.0006265664160401002,0.0,0.007099391480730223
0.0004783926008611067,0.0008269588587967748,0.0012448132780082987,0.004296455424274973,0.0010498687664041995
0.0,0.0,0.0004914004914004914,0.0,0.0010498687664041995
0.0004783926008611067,0.0008269588587967748,0.0012448132780082987,0.0010878433505575197,0.005443234836702955
0.0004783926008611067,0.0009532888465204957,0.012727272727272728,0.0010878433505575197,0.0010498687664041995
0.0033613445378151263,0.0008269588587967748,0.0012448132780082987,0.0010878433505575197,0.0
0.015655577299412915,0.01702127659574468,0.022327667300260427,0.0,0.0017667844522968198
0.0,0.0009532888465204957,0.0006265664160401002,0.0010878433505575197,0.015337423312883436
0.0,0.0008269588587967748,0.0,0.0,0.0
0.0004783926008611067,0.0008269588587967748,0.007407407407407408,0.0018726591760299626,0.015337423312883436
0.0004783926008611067,0.0069767441860465115,0.0012448132780082987,0.0010878433505575197,0.0
0.0004783926008611067,0.0008269588587967748,0.0012448132780082987,0.0010878433505575197,0.015337423312883436
0.0004783926008611067,0.00646551724137931,0.0,0.0018726591760299626,0.0010498687664041995
0.0004783926008611067,0.0,0.0012448132780082987,0.0,0.007099391480730223
0.0,0.01702127659574468,0.0012448132780082987,0.0010878433505575197,0.005443234836702955
0.0,0.0009532888465204957,0.00102880658436214,0.004296455424274973,0.005443234836702955
0.0,0.0008269588587967748,0.0,0.006829268292682927,0.0
0.0,0.0008269588587967748,0.0012448132780082987,0.004296455424274973,0.0
0.002560819462227913,0.0008269588587967748,0.007407407407407408,0.0,0.005443234836702955
0.0004783926008611067,0.0009532888465204957,0.0006265664160401002,0.010514018691588784,0.0
0.0004783926008611067,0.0,0.0004914004914004914,0.0,0.0010498687664041995
0.0004783926008611067,0.0008269588587967748,0.0,0.006829268292682927,0.0
0.0004783926008611067,0.0,0.007407407407407408,0.0010878433505575197,0.0
0.015655577299412915,0.0008269588587967748,0.007407407407407408,0.004296455424274973,0.0
0.0004783926008611067,0.0,0.0012448132780082987,0.0010878433505575197,0.0010498687664041995
0.0033613445378151263,0.0008269588587967748,0.0,0.0,0.007099391480730223
0.0,0.0,0.0004914004914004914,0.0010878433505575197,0.0
0.0004783926008611067,0.0008269588587967748,0.0006265664160401002,0.0,0.0
0.0004783926008611067,0.0069767441860465115,0.0004914004914004914,0.0,0.0
0.0004783926008611067,0.025906735751295335,0.0004914004914004914,0.0,0.0
0.0004783926008611067,0.0008269588587967748,0.022857142857142857,0.004296455424274973,0.0010498687664041995
0.0,0.0008269588587967748,0.0012448132780082987,0.0010878433505575197,0.007099391480730223
0.0004783926008611067,0.0008269588587967748,0.007407407407407408,0.0010878433505575197,0.0
0.015655577299412915,0.0008269588587967748,0.0004914004914004914,0.004296455424274973,0.0
0.0004783926008611067,0.01702127659574468,0.007407407407407408,0.0,0.015337423312883436
0.002515090543259557,0.0069767441860465115,0.0012448132780082987,0.004296455424274973,0.0
0.0,0.0008269588587967748,0.0012448132780082987,0.0,0.0
0.0,0.0,0.0006265664160401002,0.0010878433505575197,0.0
0.002560819462227913,0.01702127659574468,0.004705882352941176,0.006829268292682927,0.005443234836702955
0.015655577299412915,0.0,0.0006265664160401002,0.0010878433505575197,0.0
0.0,0.0,0.0,0.0010878433505575197,0.0010498687664041995
0.002515090543259557,0.00815494393476045,0.0004914004914004914,0.0010878433505575197,0.0010498687664041995
0.0004783926008611067,0.0,0.0012448132780082987,0.006829268292682927,0.005443234836702955
0.0004783926008611067,0.00646551724137931,0.0004914004914004914,0.0010878433505575197,0.0007446016381236039
0.0004783926008611067,0.0069767441860465115,0.007407407407407408,0.004296455424274973,0.0
0.0004783926008611067,0.0,0.0,0.0,0.0
0.0,0.0009532888465204957,0.0012448132780082987,0.0010878433505575197,0.0017667844522968198
0.002515090543259557,0.0,0.012727272727272728,0.0,0.005443234836702955
0.0004783926008611067,0.0,0.0004914004914004914,0.0018726591760299626,0.0010498687664041995
0.002560819462227913,0.0008269588587967748,0.0012448132780082987,0.0,0.0
0.0004783926008611067,0.00646551724137931,0.0,0.0010878433505575197,0.0
0.0,0.0009532888465204957,0.0004914004914004914,0.0010878433505575197,0.005443234836702955
0.002515090543259557,0.00646551724137931,0.010050251256281407,0.0010878433505575197,0.0010498687664041995
0.002515090543259557,0.0,0.0,0.010514018691588784,0.0010498687664041995
0.002515090543259557,0.0008269588587967748,0.00102880658436214,0.0,0.02258064516129032
0.03225806451612903,0.0069767441860465115,0.004705882352941176,0.0010878433505575197,0.007099391480730223
0.0004783926008611067,0.025906735751295335,0.0006265664160401002,0.0010878433505575197,0.007099391480730223
0.0004783926008611067,0.0009532888465204957,0.022857142857142857,0.010514018691588784,0.007099391480730223
0.0004783926008611067,0.0,0.004705882352941176,0.010514018691588784,0.0
0.0,0.0,0.0,0.006829268292682927,0.0
0.0004783926008611067,0.0008269588587967748,0.0004914004914004914,0.0,0.0
0.0004783926008611067,0.0008269588587967748,0.007407407407407408,0.0,0.0
0.0004783926008611067,0.0008269588587967748,0.0004914004914004914,0.004296455424274973,0.0
0.0033613445378151263,0.00815494393476045,0.0,0.0,0.0010498687664041995
0.002515090543259557,0.0008269588587967748,0.0,0.0,0.0010498687664041995
0.0004783926008611067,0.0008269588587967748,0.0006265664160401002,0.006829268292682927,0.005443234836702955
0.0004783926008611067,0.00815494393476045,0.0004914004914004914,0.0010878433505575197,0.0007446016381236039
0.0004783926008611067,0.0008269588587967748,0.0,0.0010878433505575197,0.0010498687664041995
0.002515090543259557,0.0009532888465204957,0.004705882352941176,0.0010878433505575197,0.005443234836702955
0.0004783926008611067,0.0008269588587967748,0.012727272727272728,0.0010878433505575197,0.0
0.002515090543259557,0.0,0.007407407407407408,0.004296455424274973,0.0010498687664041995
0.0004783926008611067,0.0009532888465204957,0.0004914004914004914,0.0018726591760299626,0.015337423312883436
0.0,0.0,0.0,0.0,0.007099391480730223
0.0004783926008611067,0.0008269588587967748,0.0,0.0010878433505575197,0.0
0.0,0.1111111111111111,0.0,0.010514018691588784,0.0
0.002515090543259557,0.01702127659574468,0.0012448132780082987,0.0,0.0
0.0033613445378151263,0.0009532888465204957,0.0,0.0,0.0010498687664041995
0.002515090543259557,0.00646551724137931,0.0012448132780082987,0.0010878433505575197,0.015337423312883436
0.0,0.0069767441860465115,0.0,0.0,0.0017667844522968198
0.0004783926008611067,0.0008269588587967748,0.00102880658436214,0.0,0.0007446016381236039
0.0004783926008611067,0.0009532888465204957,0.0012448132780082987,0.006829268292682927,0.0010498687664041995
0.0,0.00646551724137931,0.007407407407407408,0.0010878433505575197,0.0012755102040816326
0.0,0.0008269588587967748,0.0006265664160401002,0.0,0.0017667844522968198
0.0004783926008611067,0.0009532888465204957,0.0,0.010514018691588784,0.015337423312883436
0.002515090543259557,0.0008269588587967748,0.0,0.0,0.0010498687664041995
0.0,0.0009532888465204957,0.0012448132780082987,0.0,0.0
0.0004783926008611067,0.00646551724137931,0.012727272727272728,0.0010878433505575197,0.005443234836702955
0.0004783926008611067,0.0,0.0,0.0,0.0
0.0004783926008611067,0.0,0.0,0.0018726591760299626,0.0010498687664041995
0.0004783926008611067,0.01702127659574468,0.0006265664160401002,0.0010878433505575197,0.11538461538461539
0.0004783926008611067,0.0,0.0006265664160401002,0.0,0.0010498687664041995
0.0033613445378151263,0.00815494393476045,0.0,0.0,0.005443234836702955
0.0004783926008611067,0.0,0.0004914004914004914,0.0,0.0010498687664041995
0.0004783926008611067,0.0008269588587967748,0.00102880658436214,0.0,0.02258064516129032
0.002515090543259557,0.0008269588587967748,0.0012448132780082987,0.0,0.0010498687664041995
0.002515090543259557,0.0,0.0012448132780082987,0.0010878433505575197,0.0010498687664041995
0.0033613445378151263,0.00815494393476045,0.007407407407407408,0.0,0.0007446016381236039
0.0,0.0,0.0006265664160401002,0.004296455424274973,0.005443234836702955
0.006369426751592357,0.00646551724137931,0.0,0.006829268292682927,0.007099391480730223
0.0,0.0,0.0006265664160401002,0.010514018691588784,0.0
0.0,0.0008269588587967748,0.0,0.0,0.0027397260273972603
0.0004783926008611067,0.0,0.007407407407407408,0.0010878433505575197,0.0010498687664041995
0.015655577299412915,0.0009532888465204957,0.0,0.002,0.0007446016381236039
0.002515090543259557,0.0,0.0004914004914004914,0.004296455424274973,0.0010498687664041995
0.002515090543259557,0.0008269588587967748,0.0,0.0,0.0010498687664041995
0.0,0.0008269588587967748,0.007407407407407408,0.0,0.0
0.002560819462227913,0.00815494393476045,0.012727272727272728,0.004296455424274973,0.005443234836702955
0.0004783926008611067,0.0,0.004705882352941176,0.004296455424274973,0.005443234836702955
0.0,0.00646551724137931,0.012727272727272728,0.0010878433505575197,0.0
0.0,0.0008269588587967748,0.007407407407407408,0.004296455424274973,0.0010498687664041995
0.002515090543259557,0.0,0.0006265664160401002,0.0010878433505575197,0.0010498687664041995
0.0004783926008611067,0.0008269588587967748,0.012727272727272728,0.0018726591760299626,0.0010498687664041995
0.0004783926008611067,0.00815494393476045,0.00102880658436214,0.0,0.0010498687664041995
0.0004783926008611067,0.0008269588587967748,0.0,0.0010878433505575197,0.0
0.0004783926008611067,0.0,0.00102880658436214,0.006829268292682927,0.007099391480730223
0.0004783926008611067,0.0008269588587967748,0.022857142857142857,0.003134796238244514,0.0
0.002515090543259557,0.00815494393476045,0.0012448132780082987,0.010514018691588784,0.0010498687664041995
0.006369426751592357,0.0008269588587967748,0.004705882352941176,0.006829268292682927,0.0
0.0004783926008611067,0.0,0.0012448132780082987,0.0,0.0010498687664041995
0.0,0.0,0.0,0.0018726591760299626,0.0010498687664041995
0.0004783926008611067,0.0008269588587967748,0.0,0.0,0.0
0.03225806451612903,0.0008269588587967748,0.0,0.0010878433505575197,0.0007446016381236039
0.0004783926008611067,0.0,0.0004914004914004914,0.004296455424274973,0.0012755102040816326
0.015655577299412915,0.0009532888465204957,0.0,0.0,0.0010498687664041995
0.0,0.0,0.0,0.004296455424274973,0.0
0.0033613445378151263,0.0008269588587967748,0.004705882352941176,0.010514018691588784,0.0
0.0004783926008611067,0.0,0.0004914004914004914,0.0,0.0
0.0,0.0,0.007407407407407408,0.0,0.005443234836702955
0.0,0.0008269588587967748,0.0,0.0,0.0
0.0004783926008611067,0.0008269588587967748,0.0004914004914004914,0.0,0.0010498687664041995
0.0,0.0,0.0006265664160401002,0.006829268292682927,0.0010498687664041995
0.0004783926008611067,0.0008269588587967748,0.007407407407407408,0.0,0.005443234836702955
0.002560819462227913,0.0008269588587967748,0.0012448132780082987,0.006829268292682927,0.0012755102040816326
0.006369426751592357,0.0069767441860465115,0.0,0.0010878433505575197,0.0
0.0004783926008611067,0.0008269588587967748,0.0,0.004296455424274973,0.0
0.0004783926008611067,0.0008269588587967748,0.0012448132780082987,0.0,0.0007446016381236039
0.0004783926008611067,0.0008269588587967748,0.012727272727272728,0.0010878433505575197,0.0017667844522968198
0.0004783926008611067,0.0008269588587967748,0.0,0.0,0.0
0.006369426751592357,0.0008269588587967748,0.0,0.0,0.0
0.0004783926008611067,0.00815494393476045,0.0,0.0,0.0
0.002560819462227913,0.01702127659574468,0.0006265664160401002,0.0,0.005443234836702955
0.015655577299412915,0.0008269588587967748,0.007407407407407408,0.0010878433505575197,0.005443234836702955
0.0004783926008611067,0.0008269588587967748,0.0012448132780082987,0.0010878433505575197,0.0
0.0004783926008611067,0.0008269588587967748,0.0004914004914004914,0.0,0.0
0.006369426751592357,0.0008269588587967748,0.0,0.010514018691588784,0.0010498687664041995
0.002560819462227913,0.0008269588587967748,0.0004914004914004914,0.0010878433505575197,0.0010498687664041995
0.002560819462227913,0.0008269588587967748,0.0012448132780082987,0.006829268292682927,0.0010498687664041995
0.0004783926008611067,0.0008269588587967748,0.0006265664160401002,0.0,0.0
0.0033613445378151263,0.0009532888465204957,0.0,0.010514018691588784,0.02258064516129032
0.0004783926008611067,0.0009532888465204957,0.0,0.006829268292682927,0.007099391480730223
0.0,0.0009532888465204957,0.0006265664160401002,0.0010878433505575197,0.005443234836702955
0.002515090543259557,0.00646551724137931,0.0,0.0010878433505575197,0.0
0.015655577299412915,0.0,0.0012448132780082987,0.0,0.0
0.002515090543259557,0.0008269588587967748,0.0,0.0010878433505575197,0.0010498687664041995
0.002515090543259557,0.0,0.0006265664160401002,0.0010878433505575197,0.0
0.0,0.0,0.0004914004914004914,0.006829268292682927,0.015337423312883436
0.0,0.0,0.0,0.0010878433505575197,0.005443234836702955
0.002515090543259557,0.0,0.0,0.0010878433505575197,0.0007446016381236039
0.015655577299412915,0.0009532888465204957,0.007407407407407408,0.003134796238244514,0.005443234836702955
0.0004783926008611067,0.0069767441860465115,0.0004914004914004914,0.0,0.0
0.015655577299412915,0.0069767441860465115,0.0006265664160401002,0.010514018691588784,0.0
0.0,0.0009532888465204957,0.0,0.006829268292682927,0.0
0.0,0.0,0.0004914004914004914,0.0010878433505575197,0.0010498687664041995
0.002515090543259557,0.0008269588587967748,0.0,0.004296455424274973,0.0
0.0004783926008611067,0.0009532888465204957,0.00102880658436214,0.0,0.0
0.0004783926008611067,0.0069767441860465115,0.0004914004914004914,0.0010878433505575197,0.015337423312883436
0.0004783926008611067,0.0069767441860465115,0.0,0.0010878433505575197,0.0010498687664041995
0.015655577299412915,0.0,0.007407407407407408,0.0010878433505575197,0.0010498687664041995
0.002515090543259557,0.0008269588587967748,0.0004914004914004914,0.010514018691588784,0.007099391480730223
0.0004783926008611067,0.0069767441860465115,0.0012448132780082987,0.004296455424274973,0.0
0.0,0.0008269588587967748,0.0004914004914004914,0.0,0.015337423312883436
0.0004783926008611067,0.0,0.007407407407407408,0.002,0.0
0.0004783926008611067,0.0008269588587967748,0.0,0.0010878433505575197,0.0
0.006369426751592357,0.0009532888465204957,0.0,0.006829268292682927,0.0017667844522968198
0.0,0.00646551724137931,0.0004914004914004914,0.0010878433505575197,0.0
0.0004783926008611067,0.0069767441860465115,0.0,0.0,0.0010498687664041995
0.0004783926008611067,0.0009532888465204957,0.007407407407407408,0.003134796238244514,0.005443234836702955
0.0004783926008611067,0.0008269588587967748,0.0004914004914004914,0.0,0.005443234836702955
0.002515090543259557,0.0008269588587967748,0.0006265664160401002,0.0,0.0
0.002515090543259557,0.0,0.0,0.0010878433505575197,0.0010498687664041995
0.0004783926008611067,0.0,0.0,0.0,0.005443234836702955
0.015655577299412915,0.0,0.0,0.0010878433505575197,0.0010498687664041995
0.0004783926008611067,0.0008269588587967748,0.022857142857142857,0.0010878433505575197,0.0010498687664041995
0.002515090543259557,0.0009532888465204957,0.007407407407407408,0.010514018691588784,0.0010498687664041995
0.0004783926008611067,0.0,0.0004914004914004914,0.0018726591760299626,0.0007446016381236039
0.002515090543259557,0.0009532888465204957,0.0,0.0010878433505575197,0.0
0.0004783926008611067,0.0,0.00102880658436214,0.0,0.0010498687664041995
0.002515090543259557,0.0009532888465204957,0.0,0.0010878433505575197,0.015337423312883436
0.0,0.0,0.0012448132780082987,0.0,0.0
0.0004783926008611067,0.0069767441860465115,0.0,0.0010878433505575197,0.03571428571428571
0.0033613445378151263,0.0,0.012727272727272728,0.003134796238244514,0.005443234836702955
0.0004783926008611067,0.0008269588587967748,0.0004914004914004914,0.0,0.0
0.0004783926008611067,0.0,0.0012448132780082987,0.0,0.02258064516129032
0.0,0.0008269588587967748,0.0012448132780082987,0.0,0.0010498687664041995
0.0004783926008611067,0.0,0.0,0.0,0.0010498687664041995
0.002515090543259557,0.00646551724137931,0.012727272727272728,0.0,0.0012755102040816326
0.015655577299412915,0.0008269588587967748,0.0004914004914004914,0.0,0.0027397260273972603
0.0,0.0069767441860465115,0.0,0.0018726591760299626,0.015337423312883436
0.0,0.0008269588587967748,0.0,0.004296455424274973,0.0017667844522968198
0.0004783926008611067,0.0069767441860465115,0.0,0.004296455424274973,0.0
0.0004783926008611067,0.00815494393476045,0.0004914004914004914,0.0010878433505575197,0.005443234836702955
0.0033613445378151263,0.0008269588587967748,0.0004914004914004914,0.0010878433505575197,0.0
0.002560819462227913,0.0069767441860465115,0.0,0.004296455424274973,0.0010498687664041995
0.002515090543259557,0.0008269588587967748,0.0,0.0010878433505575197,0.015337423312883436
0.002515090543259557,0.0,0.0,0.0010878433505575197,0.0027397260273972603
0.0004783926008611067,0.0069767441860465115,0.007407407407407408,0.0,0.0
0.0004783926008611067,0.0,0.0004914004914004914,0.0018726591760299626,0.0
0.0004783926008611067,0.0008269588587967748,0.007407407407407408,0.010514018691588784,0.0
0.0004783926008611067,0.0,0.0,0.006829268292682927,0.0010498687664041995
0.0,0.0008269588587967748,0.0,0.0,0.005443234836702955
0.0,0.0008269588587967748,0.007407407407407408,0.0010878433505575197,0.0010498687664041995
0.0004783926008611067,0.0,0.007407407407407408,0.010514018691588784,0.0010498687664041995
0.0033613445378151263,0.0008269588587967748,0.007407407407407408,0.0010878433505575197,0.0012755102040816326
0.0,0.0,0.010375851028934449,0.006829268292682927,0.007099391480730223
0.0,0.0009532888465204957,0.00102880658436214,0.0,0.005443234836702955
0.0,0.00646551724137931,0.012727272727272728,0.004296455424274973,0.0
0.0004783926008611067,0.00815494393476045,0.0012448132780082987,0.0010878433505575197,0.0010498687664041995
0.0004783926008611067,0.0,0.012727272727272728,0.004296455424274973,0.0
0.0004783926008611067,0.00815494393476045,0.0012448132780082987,0.003134796238244514,0.0
0.0,0.0008269588587967748,0.0,0.0,0.0010498687664041995
0.002560819462227913,0.0008269588587967748,0.0,0.0010878433505575197,0.0010498687664041995
0.0,0.0008269588587967748,0.0,0.0,0.0010498687664041995
0.0004783926008611067,0.0,0.0004914004914004914,0.0018726591760299626,0.0010498687664041995
0.0004783926008611067,0.0008269588587967748,0.0,0.0018726591760299626,0.11538461538461539
0.02857142857142857,0.0009532888465204957,0.0004914004914004914,0.010514018691588784,0.005443234836702955
0.0004783926008611067,0.0008269588587967748,0.0,0.0010878433505575197,0.0010498687664041995
0.0,0.0069767441860465115,0.0,0.0,0.007099391480730223
0.05,0.0008269588587967748,0.0,0.0018726591760299626,0.0010498687664041995
0.0004783926008611067,0.0009532888465204957,0.022857142857142857,0.0,0.0
0.0004783926008611067,0.046511627906976744,0.0,0.0010878433505575197,0.0010498687664041995
0.0,0.0009532888465204957,0.0,0.0,0.0010498687664041995
0.0,0.0008269588587967748,0.0,0.002,0.0027397260273972603
0.0004783926008611067,0.0,0.0006265664160401002,0.0018726591760299626,0.0010498687664041995
0.015655577299412915,0.0008269588587967748,0.0,0.004296455424274973,0.0010498687664041995
0.002515090543259557,0.0009532888465204957,0.0004914004914004914,0.002,0.015337423312883436
0.015655577299412915,0.0008269588587967748,0.00102880658436214,0.0,0.0
0.0004783926008611067,0.0,0.0004914004914004914,0.0,0.0017667844522968198
0.0004783926008611067,0.0008269588587967748,0.0012448132780082987,0.0,0.005443234836702955
0.0,0.0008269588587967748,0.0,0.006829268292682927,0.0010498687664041995
0.015655577299412915,0.0008269588587967748,0.0004914004914004914,0.0,0.0007446016381236039
0.0004783926008611067,0.0,0.0,0.0,0.015337423312883436
0.0,0.00815494393476045,0.0012448132780082987,0.0,0.005443234836702955
0.015655577299412915,0.0069767441860465115,0.0012448132780082987,0.0010878433505575197,0.0017667844522968198
0.002560819462227913,0.0,0.0006265664160401002,0.0018726591760299626,0.0007446016381236039
0.002560819462227913,0.0,0.0012448132780082987,0.0,0.0
0.0,0.0009532888465204957,0.0,0.0018726591760299626,0.0010498687664041995
0.0004783926008611067,0.0,0.0,0.0,0.0010498687664041995
0.0,0.0008269588587967748,0.00102880658436214,0.0010878433505575197,0.007099391480730223
0.006369426751592357,0.025906735751295335,0.0,0.0,0.005443234836702955
0.0,0.0009532888465204957,0.007407407407407408,0.0,0.0
0.0,0.0008269588587967748,0.0,0.0010878433505575197,0.015337423312883436
0.0004783926008611067,0.0008269588587967748,0.010050251256281407,0.002,0.0
0.0004783926008611067,0.00815494393476045,0.0,0.0010878433505575197,0.0010498687664041995
0.002515090543259557,0.0008269588587967748,0.0004914004914004914,0.0,0.0
0.0004783926008611067,0.00646551724137931,0.0,0.0010878433505575197,0.0007446016381236039
0.0,0.00646551724137931,0.0012448132780082987,0.0,0.0
0.0004783926008611067,0.0008269588587967748,0.0012448132780082987,0.003134796238244514,0.0010498687664041995
0.0004783926008611067,0.0009532888465204957,0.010050251256281407,0.0018726591760299626,0.0
0.0004783926008611067,0.0008269588587967748,0.0,0.004296455424274973,0.005443234836702955
0.0004783926008611067,0.00646551724137931,0.0004914004914004914,0.0010878433505575197,0.0027397260273972603
0.002515090543259557,0.0009532888465204957,0.007407407407407408,0.0,0.0010498687664041995
0.0,0.0069767441860465115,0.0012448132780082987,0.0,0.0
0.0004783926008611067,0.0069767441860465115,0.012727272727272728,0.0,0.0010498687664041995
0.006369426751592357,0.0009532888465204957,0.0006265664160401002,0.010514018691588784,0.0010498687664041995
0.0,0.0,0.007407407407407408,0.002,0.0
0.015655577299412915,0.0008269588587967748,0.0004914004914004914,0.003134796238244514,0.0
0.0004783926008611067,0.0,0.0,0.0010878433505575197,0.015337423312883436
0.0004783926008611067,0.0009532888465204957,0.0,0.004296455424274973,0.0
0.006369426751592357,0.0,0.007407407407407408,0.0018726591760299626,0.0
0.03225806451612903,0.0,0.0,0.0,0.0
0.0,0.0008269588587967748,0.0006265664160401002,0.0010878433505575197,0.0
0.0004783926008611067,0.0,0.0012448132780082987,0.006829268292682927,0.005443234836702955
0.0004783926008611067,0.0008269588587967748,0.004705882352941176,0.010514018691588784,0.007099391480730223
0.0004783926008611067,0.0008269588587967748,0.0,0.0010878433505575197,0.0
0.002515090543259557,0.0008269588587967748,0.007407407407407408,0.0,0.02258064516129032
0.0,0.00815494393476045,0.0004914004914004914,0.0,0.0010498687664041995
0.02857142857142857,0.00646551724137931,0.00102880658436214,0.0,0.0012755102040816326
0.015655577299412915,0.0008269588587967748,0.0004914004914004914,0.004296455424274973,0.007099391480730223
0.002515090543259557,0.0,0.0004914004914004914,0.0010878433505575197,0.005443234836702955
0.002515090543259557,0.00646551724137931,0.010050251256281407,0.0,0.0
0.0,0.0008269588587967748,0.0012448132780082987,0.0018726591760299626,0.0
0.0004783926008611067,0.0008269588587967748,0.0004914004914004914,0.0,0.0007446016381236039
0.0,0.0,0.0,0.0,0.015337423312883436
0.0004783926008611067,0.0008269588587967748,0.0006265664160401002,0.0,0.007099391480730223
0.002515090543259557,0.00646551724137931,0.0012448132780082987,0.0010878433505575197,0.0
0.0004783926008611067,0.0,0.0006265664160401002,0.0010878433505575197,0.0
0.0004783926008611067,0.0,0.0,0.0018726591760299626,0.0
0.0004783926008611067,0.0008269588587967748,0.00102880658436214,0.0273972602739726,0.0007446016381236039
0.015655577299412915,0.0,0.0012448132780082987,0.0010878433505575197,0.0010498687664041995
0.0033613445378151263,0.01702127659574468,0.0,0.0,0.0
0.002515090543259557,0.00815494393476045,0.010050251256281407,0.0,0.0010498687664041995
0.0004783926008611067,0.00815494393476045,0.0,0.0018726591760299626,0.0
0.015655577299412915,0.01702127659574468,0.012727272727272728,0.003134796238244514,0.0
0.0004783926008611067,0.0,0.007407407407407408,0.006829268292682927,0.0010498687664041995
0.0004783926008611067,0.0,0.0004914004914004914,0.0,0.0
0.0004783926008611067,0.00815494393476045,0.007407407407407408,0.0010878433505575197,0.0007446016381236039
0.0,0.0008269588587967748,0.0012448132780082987,0.0,0.005443234836702955
0.006369426751592357,0.0008269588587967748,0.007407407407407408,0.0010878433505575197,0.0010498687664041995
0.002560819462227913,0.00646551724137931,0.0004914004914004914,0.051458738822653186,0.0
0.0004783926008611067,0.0008269588587967748,0.0,0.0010878433505575197,0.0
0.0004783926008611067,0.0008269588587967748,0.0,0.0,0.0
0.002560819462227913,0.00815494393476045,0.010050251256281407,0.07692307692307693,0.0
0.0004783926008611067,0.0069767441860465115,0.0012448132780082987,0.0,0.0010498687664041995
0.006369426751592357,0.0009532888465204957,0.007407407407407408,0.0018726591760299626,0.0
0.0004783926008611067,0.00815494393476045,0.0006265664160401002,0.0,0.0007446016381236039
0.0,0.0,0.022857142857142857,0.006829268292682927,0.0010498687664041995
0.0,0.0008269588587967748,0.0004914004914004914,0.004296455424274973,0.0
0.0004783926008611067,0.0009532888465204957,0.0004914004914004914,0.0018726591760299626,0.005443234836702955
0.0004783926008611067,0.00646551724137931,0.0004914004914004914,0.0010878433505575197,0.0012755102040816326
0.0004783926008611067,0.0008269588587967748,0.0004914004914004914,0.0,0.005443234836702955
0.0004783926008611067,0.0,0.007407407407407408,0.004296455424274973,0.0010498687664041995
0.0004783926008611067,0.0008269588587967748,0.0,0.0,0.0010498687664041995
0.0004783926008611067,0.0008269588587967748,0.0004914004914004914,0.0,0.0010498687664041995
0.0,0.0009532888465204957,0.007407407407407408,0.0010878433505575197,0.0010498687664041995
0.0,0.0,0.0004914004914004914,0.010514018691588784,0.0010498687664041995
0.0004783926008611067,0.00815494393476045,0.0,0.0,0.0010498687664041995
0.0004783926008611067,0.0009532888465204957,0.0006265664160401002,0.004296455424274973,0.0007446016381236039
0.015655577299412915,0.0,0.0004914004914004914,0.004296455424274973,0.005443234836702955
0.0004783926008611067,0.0,0.0,0.0,0.0010498687664041995
0.002515090543259557,0.0008269588587967748,0.007407407407407408,0.0,0.015337423312883436
0.0004783926008611067,0.00646551724137931,0.0,0.0010878433505575197,0.0
0.015655577299412915,0.0009532888465204957,0.007407407407407408,0.0018726591760299626,0.0012755102040816326
0.0,0.00815494393476045,0.0004914004914004914,0.0,0.0012755102040816326
0.0004783926008611067,0.0008269588587967748,0.0004914004914004914,0.0010878433505575197,0.007099391480730223
0.0004783926008611067,0.00646551724137931,0.0004914004914004914,0.006829268292682927,0.0012755102040816326
0.015655577299412915,0.0,0.007407407407407408,0.003134796238244514,0.0010498687664041995
0.002515090543259557,0.0,0.010050251256281407,0.0010878433505575197,0.0
0.0004783926008611067,0.00646551724137931,0.0,0.002,0.0012755102040816326
0.0004783926008611067,0.00646551724137931,0.0,0.010514018691588784,0.007099391480730223
0.002560819462227913,0.0009532888465204957,0.0,0.0010878433505575197,0.0
0.0004783926008611067,0.0009532888465204957,0.0012448132780082987,0.002,0.0
0.0004783926008611067,0.00815494393476045,0.0,0.0010878433505575197,0.007099391480730223
0.0,0.0,0.0006265664160401002,0.0,0.0010498687664041995
0.015655577299412915,0.0008269588587967748,0.0012448132780082987,0.0010878433505575197,0.03571428571428571
0.0004783926008611067,0.0009532888465204957,0.0012448132780082987,0.004296455424274973,0.0
0.0004783926008611067,0.0,0.0,0.010514018691588784,0.0010498687664041995
0.0004783926008611067,0.0069767441860465115,0.0006265664160401002,0.0,0.007099391480730223
0.0004783926008611067,0.0008269588587967748,0.0,0.0,0.0
0.002515090543259557,0.00646551724137931,0.0,0.006829268292682927,0.0017667844522968198
0.002515090543259557,0.0069767441860465115,0.0006265664160401002,0.006829268292682927,0.0
0.0004783926008611067,0.00815494393476045,0.0,0.006829268292682927,0.0
0.0004783926008611067,0.0008269588587967748,0.0,0.0010878433505575197,0.0017667844522968198
0.0004783926008611067,0.0008269588587967748,0.004705882352941176,0.0018726591760299626,0.0027397260273972603
0.0004783926008611067,0.0008269588587967748,0.0,0.0010878433505575197,0.0012755102040816326
0.015655577299412915,0.0009532888465204957,0.007407407407407408,0.0018726591760299626,0.0
0.0004783926008611067,0.0008269588587967748,0.007407407407407408,0.006829268292682927,0.0010498687664041995
0.002515090543259557,0.0008269588587967748,0.007407407407407408,0.0,0.0010498687664041995
0.0004783926008611067,0.0069767441860465115,0.0012448132780082987,0.006829268292682927,0.0012755102040816326
0.0004783926008611067,0.0069767441860465115,0.00102880658436214,0.0,0.007099391480730223
0.0004783926008611067,0.0008269588587967748,0.00102880658436214,0.0010878433505575197,0.0010498687664041995
0.002515090543259557,0.0,0.0004914004914004914,0.0,0.007099391480730223
0.002515090543259557,0.0,0.0006265664160401002,0.004296455424274973,0.005443234836702955
0.0,0.0008269588587967748,0.00102880658436214,0.004296455424274973,0.0
0.0,0.0009532888465204957,0.0012448132780082987,0.0,0.0007446016381236039
0.0004783926008611067,0.0,0.0006265664160401002,0.0018726591760299626,0.11538461538461539
0.0,0.0069767441860465115,0.0004914004914004914,0.0010878433505575197,0.0
0.0004783926008611067,0.0,0.0,0.0,0.0
0.015655577299412915,0.0009532888465204957,0.0012448132780082987,0.0010878433505575197,0.0010498687664041995
0.0,0.00815494393476045,0.0,0.006829268292682927,0.007099391480730223
0.0,0.0008269588587967748,0.0006265664160401002,0.004296455424274973,0.0
0.002515090543259557,0.0009532888465204957,0.010050251256281407,0.0,0.0
0.015655577299412915,0.0,0.0012448132780082987,0.006829268292682927,0.0007446016381236039
0.002515090543259557,0.0,0.004705882352941176,0.0,0.0010498687664041995
0.006369426751592357,0.0,0.0006265664160401002,0.0010878433505575197,0.0010498687664041995
0.0,0.0009532888465204957,0.0,0.004296455424274973,0.007099391480730223
0.0004783926008611067,0.0,0.0,0.0,0.005443234836702955
0.0004783926008611067,0.0,0.0004914004914004914,0.0,0.0010498687664041995
0.0004783926008611067,0.0,0.0012448132780082987,0.0010878433505575197,0.0
0.002515090543259557,0.0008269588587967748,0.00102880658436214,0.0010878433505575197,0.0
0.0033613445378151263,0.0008269588587967748,0.0,0.004296455424274973,0.005443234836702955
0.015655577299412915,0.00815494393476045,0.0012448132780082987,0.0010878433505575197,0.0
0.0004783926008611067,0.00815494393476045,0.0004914004914004914,0.0,0.0017667844522968198
0.0004783926008611067,0.0,0.0004914004914004914,0.006829268292682927,0.007099391480730223
0.0004783926008611067,0.0,0.0,0.0,0.0
0.0,0.0009532888465204957,0.0004914004914004914,0.006829268292682927,0.0
0.0004783926008611067,0.00646551724137931,0.0,0.0,0.015337423312883436
0.015655577299412915,0.0009532888465204957,0.0,0.0,0.0010498687664041995
0.0,0.025906735751295335,0.007407407407407408,0.006829268292682927,0.007099391480730223
0.0004783926008611067,0.00815494393476045,0.0,0.0010878433505575197,0.0012755102040816326
0.0004783926008611067,0.0,0.0012448132780082987,0.0018726591760299626,0.0
0.0004783926008611067,0.0008269588587967748,0.0,0.006829268292682927,0.0
0.0004783926008611067,0.0,0.0,0.0018726591760299626,0.0007446016381236039
0.0004783926008611067,0.0008269588587967748,0.00102880658436214,0.004296455424274973,0.0010498687664041995
0.0,0.0008269588587967748,0.012727272727272728,0.0,0.0010498687664041995
0.0,0.0009532888465204957,0.0,0.0010878433505575197,0.0
0.0004783926008611067,0.0,0.0,0.0010878433505575197,0.007099391480730223
0.0004783926008611067,0.0,0.00102880658436214,0.0018726591760299626,0.0
0.0,0.00815494393476045,0.0,0.004296455424274973,0.0
0.002515090543259557,0.00815494393476045,0.00102880658436214,0.004296455424274973,0.0
0.0,0.0009532888465204957,0.0006265664160401002,0.0,0.0010498687664041995
0.0,0.0009532888465204957,0.0012448132780082987,0.0010878433505575197,0.007099391480730223
0.0004783926008611067,0.0,0.0,0.0010878433505575197,0.0010498687664041995
0.002515090543259557,0.0008269588587967748,0.0,0.0,0.0
0.0004783926008611067,0.0008269588587967748,0.007407407407407408,0.0010878433505575197,0.007099391480730223
0.0,0.0069767441860465115,0.0,0.010514018691588784,0.0
0.0004783926008611067,0.0008269588587967748,0.007407407407407408,0.038461538461538464,0.015337423312883436
0.0004783926008611067,0.0,0.0,0.0,0.007099391480730223
0.015655577299412915,0.0009532888465204957,0.0012448132780082987,0.0,0.0010498687664041995
0.0,0.0008269588587967748,0.022857142857142857,0.004296455424274973,0.007099391480730223
0.002515090543259557,0.0,0.0006265664160401002,0.004296455424274973,0.0010498687664041995
0.015655577299412915,0.00646551724137931,0.0,0.0,0.0010498687664041995
0.0,0.0008269588587967748,0.012727272727272728,0.0010878433505575197,0.0010498687664041995
0.0004783926008611067,0.0008269588587967748,0.0006265664160401002,0.0,0.0010498687664041995
0.0004783926008611067,0.0008269588587967748,0.0,0.0,0.0007446016381236039
0.0033613445378151263,0.0008269588587967748,0.00102880658436214,0.006829268292682927,0.0
0.0,0.0,0.0,0.0,0.0
0.0033613445378151263,0.0008269588587967748,0.0012448132780082987,0.0,0.0
0.0,0.0069767441860465115,0.0004914004914004914,0.0,0.0010498687664041995
0.0004783926008611067,0.0008269588587967748,0.0004914004914004914,0.003134796238244514,0.02258064516129032
0.0,0.00646551724137931,0.0,0.0018726591760299626,0.007099391480730223
0.0004783926008611067,0.00646551724137931,0.0006265664160401002,0.0,0.0010498687664041995
0.0004783926008611067,0.0,0.007407407407407408,0.0010878433505575197,0.0
0.0004783926008611067,0.0008269588587967748,0.0012448132780082987,0.0,0.0007446016381236039
0.0033613445378151263,0.0,0.012727272727272728,0.0010878433505575197,0.0007446016381236039
0.0,0.0008269588587967748,0.0,0.0010878433505575197,0.0010498687664041995
0.002515090543259557,0.00646551724137931,0.007407407407407408,0.0,0.0012755102040816326
0.05,0.0,0.0,0.0,0.0
0.0,0.0009532888465204957,0.0006265664160401002,0.006829268292682927,0.0
0.0004783926008611067,0.0,0.0012448132780082987,0.004296455424274973,0.0010498687664041995
0.0004783926008611067,0.0069767441860465115,0.0,0.0010878433505575197,0.005443234836702955
0.0,0.0008269588587967748,0.0,0.010514018691588784,0.0007446016381236039
0.0,0.0,0.0,0.0,0.0
0.015655577299412915,0.0,0.0012448132780082987,0.0010878433505575197,0.0
0.015655577299412915,0.0,0.007407407407407408,0.0010878433505575197,0.015337423312883436
0.0004783926008611067,0.0008269588587967748,0.0006265664160401002,0.0010878433505575197,0.0010498687664041995
0.05,0.0,0.0012448132780082987,0.003134796238244514,0.0012755102040816326
0.0004783926008611067,0.0,0.0012448132780082987,0.0,0.0
0.0004783926008611067,0.0008269588587967748,0.007407407407407408,0.004296455424274973,0.015337423312883436
0.0,0.0,0.0,0.0010878433505575197,0.0007446016381236039
0.015655577299412915,0.0008269588587967748,0.0,0.0018726591760299626,0.0017667844522968198
0.0004783926008611067,0.0,0.0006265664160401002,0.0010878433505575197,0.005443234836702955
0.0004783926008611067,0.0,0.0004914004914004914,0.004296455424274973,0.0007446016381236039
0.0004783926008611067,0.0,0.012727272727272728,0.0010878433505575197,0.0
0.002515090543259557,0.0069767441860465115,0.0004914004914004914,0.006829268292682927,0.005443234836702955
0.0004783926008611067,0.0009532888465204957,0.0,0.004296455424274973,0.015337423312883436
0.006369426751592357,0.0069767441860465115,0.0012448132780082987,0.006829268292682927,0.0007446016381236039
0.015655577299412915,0.0009532888465204957,0.0,0.0,0.0010498687664041995
0.0,0.0008269588587967748,0.0,0.0,0.0007446016381236039
0.0004783926008611067,0.0,0.0,0.010514018691588784,0.0
0.0004783926008611067,0.00815494393476045,0.0,0.0010878433505575197,0.0010498687664041995
0.015655577299412915,0.0009532888465204957,0.0006265664160401002,0.0018726591760299626,0.0
0.002515090543259557,0.0,0.0012448132780082987,0.010514018691588784,0.0007446016381236039
0.0004783926008611067,0.0008269588587967748,0.0006265664160401002,0.0,0.0010498687664041995
0.0004783926008611067,0.0008269588587967748,0.00102880658436214,0.0,0.0
0.002515090543259557,0.0009532888465204957,0.00102880658436214,0.0010878433505575197,0.0
0.0004783926008611067,0.0,0.0,0.004296455424274973,0.0
0.015655577299412915,0.0009532888465204957,0.010050251256281407,0.0,0.0
0.0004783926008611067,0.00815494393476045,0.004705882352941176,0.004296455424274973,0.0027397260273972603
0.0004783926008611067,0.0009532888465204957,0.0012448132780082987,0.0,0.0
0.0004783926008611067,0.0,0.0012448132780082987,0.004296455424274973,0.0007446016381236039
0.002515090543259557,0.0009532888465204957,0.0012448132780082987,0.0018726591760299626,0.0010498687664041995
0.0004783926008611067,0.0008269588587967748,0.0012448132780082987,0.0018726591760299626,0.0010498687664041995
0.015655577299412915,0.0,0.0,0.0018726591760299626,0.0017667844522968198
0.0,0.0009532888465204957,0.0,0.0010878433505575197,0.0012755102040816326
0.006369426751592357,0.0,0.0012448132780082987,0.038461538461538464,0.0010498687664041995
0.0,0.0,0.007407407407407408,0.003134796238244514,0.015337423312883436
0.0004783926008611067,0.0008269588587967748,0.0,0.0010878433505575197,0.0010498687664041995
0.0004783926008611067,0.0,0.010050251256281407,0.0018726591760299626,0.0017667844522968198
0.0,0.0,0.0006265664160401002,0.0,0.015337423312883436
0.0004783926008611067,0.0,0.007407407407407408,0.0010878433505575197,0.0
0.0004783926008611067,0.0069767441860465115,0.0004914004914004914,0.010514018691588784,0.0010498687664041995
0.015655577299412915,0.00646551724137931,0.0004914004914004914,0.0,0.015337423312883436
0.0004783926008611067,0.0008269588587967748,0.0004914004914004914,0.0010878433505575197,0.015337423312883436
0.0004783926008611067,0.0008269588587967748,0.0,0.006829268292682927,0.0012755102040816326
0.0033613445378151263,0.0,0.0004914004914004914,0.010514018691588784,0.0
0.002560819462227913,0.0,0.0004914004914004914,0.0,0.0010498687664041995
0.015655577299412915,0.0009532888465204957,0.007407407407407408,0.0018726591760299626,0.0
0.0004783926008611067,0.00815494393476045,0.0012448132780082987,0.004296455424274973,0.0027397260273972603
0.0004783926008611067,0.0008269588587967748,0.012727272727272728,0.004296455424274973,0.0007446016381236039
0.0004783926008611067,0.0,0.0004914004914004914,0.0010878433505575197,0.005443234836702955
0.0,0.00646551724137931,0.022857142857142857,0.0,0.005443234836702955
0.0,0.0008269588587967748,0.0006265664160401002,0.0018726591760299626,0.02258064516129032
0.0004783926008611067,0.0008269588587967748,0.0,0.004296455424274973,0.0010498687664041995
0.015655577299412915,0.0069767441860465115,0.0,0.0010878433505575197,0.0012755102040816326
0.0004783926008611067,0.0,0.0,0.0,0.0010498687664041995
0.0004783926008611067,0.0008269588587967748,0.0004914004914004914,0.006829268292682927,0.0012755102040816326
0.0,0.0008269588587967748,0.007407407407407408,0.0,0.0010498687664041995
0.0,0.0008269588587967748,0.004705882352941176,0.0,0.0
0.0004783926008611067,0.0008269588587967748,0.0,0.004296455424274973,0.0010498687664041995
0.0004783926008611067,0.0008269588587967748,0.007407407407407408,0.004296455424274973,0.0007446016381236039
0.0004783926008611067,0.0008269588587967748,0.0004914004914004914,0.0,0.0010498687664041995
0.0004783926008611067,0.0008269588587967748,0.0004914004914004914,0.004296455424274973,0.0007446016381236039
0.0004783926008611067,0.0069767441860465115,0.0004914004914004914,0.006829268292682927,0.007099391480730223
0.0,0.0,0.0,0.0010878433505575197,0.0007446016381236039
0.002515090543259557,0.00815494393476045,0.0012448132780082987,0.004296455424274973,0.0
0.0004783926008611067,0.0,0.0,0.0010878433505575197,0.0017667844522968198
0.0004783926008611067,0.0008269588587967748,0.0,0.0,0.007099391480730223
0.0,0.0008269588587967748,0.007407407407407408,0.010514018691588784,0.0010498687664041995
0.002515090543259557,0.0,0.007407407407407408,0.0,0.0017667844522968198
0.0004783926008611067,0.0,0.007407407407407408,0.0010878433505575197,0.0012755102040816326
0.006369426751592357,0.0008269588587967748,0.0,0.0010878433505575197,0.0
0.0004783926008611067,0.00646551724137931,0.0011890012121074703,0.004296455424274973,0.0007446016381236039
0.0004783926008611067,0.0,0.0004914004914004914,0.0,0.0
0.0004783926008611067,0.0,0.0,0.0,0.0010498687664041995
0.0,0.0,0.0004914004914004914,0.0010878433505575197,0.0010498687664041995
0.0004783926008611067,0.0069767441860465115,0.0,0.0010878433505575197,0.007099391480730223
0.0004783926008611067,0.0,0.0006265664160401002,0.0,0.0012755102040816326
0.002560819462227913,0.0069767441860465115,0.0,0.0010878433505575197,0.007099391480730223
0.0,0.0008269588587967748,0.0012448132780082987,0.0010878433505575197,0.0010498687664041995
0.0004783926008611067,0.0008269588587967748,0.012727272727272728,0.0,0.0027397260273972603
0.002515090543259557,0.0,0.0004914004914004914,0.0,0.0
0.0004783926008611067,0.0,0.0012448132780082987,0.0,0.0
0.0004783926008611067,0.0,0.0006265664160401002,0.0,0.005443234836702955
0.002515090543259557,0.0008269588587967748,0.0,0.004296455424274973,0.0
0.002515090543259557,0.0,0.0012448132780082987,0.002,0.0010498687664041995
0.002515090543259557,0.0008269588587967748,0.00102880658436214,0.004296455424274973,0.0
0.0,0.0008269588587967748,0.00102880658436214,0.0018726591760299626,0.0027397260273972603
0.0004783926008611067,0.0008269588587967748,0.0012448132780082987,0.004296455424274973,0.0
0.0033613445378151263,0.0,0.0,0.010514018691588784,0.0010498687664041995
0.0004783926008611067,0.0,0.0012448132780082987,0.0,0.0007446016381236039
0.0004783926008611067,0.0,0.0,0.0018726591760299626,0.005443234836702955
0.0,0.00646551724137931,0.0004914004914004914,0.0010878433505575197,0.007099391480730223
0.0004783926008611067,0.0008269588587967748,0.0,0.0,0.0
0.0004783926008611067,0.0,0.0012448132780082987,0.0010878433505575197,0.0
0.002560819462227913,0.0008269588587967748,0.00102880658436214,0.0018726591760299626,0.0007446016381236039
0.0004783926008611067,0.0,0.012727272727272728,0.0,0.0010498687664041995
0.0004783926008611067,0.0,0.00102880658436214,0.002,0.0
0.0004783926008611067,0.0,0.0,0.010514018691588784,0.0012755102040816326
0.002515090543259557,0.0008269588587967748,0.007407407407407408,0.004296455424274973,0.0010498687664041995
0.002515090543259557,0.00815494393476045,0.0004914004914004914,0.003134796238244514,0.015337423312883436
0.0004783926008611067,0.0,0.0,0.004296455424274973,0.005443234836702955
0.0004783926008611067,0.0,0.0012448132780082987,0.0,0.0012755102040816326
0.03225806451612903,0.0009532888465204957,0.0,0.004296455424274973,0.0
0.0004783926008611067,0.0008269588587967748,0.0006265664160401002,0.0010878433505575197,0.015337423312883436
0.0004783926008611067,0.0008269588587967748,0.0,0.0,0.02258064516129032
0.0004783926008611067,0.00815494393476045,0.0,0.0010878433505575197,0.0010498687664041995
0.015655577299412915,0.0,0.0004914004914004914,0.010514018691588784,0.0007446016381236039
0.002515090543259557,0.00815494393476045,0.0,0.004296455424274973,0.0010498687664041995
0.0,0.00815494393476045,0.0012448132780082987,0.004296455424274973,0.015337423312883436
0.0004783926008611067,0.0,0.0006265664160401002,0.0010878433505575197,0.0010498687664041995
0.015655577299412915,0.00646551724137931,0.0012448132780082987,0.0010878433505575197,0.0
0.0,0.0,0.0,0.0018726591760299626,0.015337423312883436
0.015655577299412915,0.0,0.0004914004914004914,0.0,0.0012755102040816326
0.0004783926008611067,0.0,0.0,0.0010878433505575197,0.0010498687664041995
0.0004783926008611067,0.0008269588587967748,0.0,0.0010878433505575197,0.0010498687664041995
0.0033613445378151263,0.00646551724137931,0.0006265664160401002,0.0,0.015337423312883436
0.0004783926008611067,0.0008269588587967748,0.0006265664160401002,0.0010878433505575197,0.0
0.0004783926008611067,0.0008269588587967748,0.0,0.0,0.0
0.0,0.0069767441860465115,0.00102880658436214,0.0,0.0
0.015655577299412915,0.0069767441860465115,0.0006265664160401002,0.0,0.0
0.0,0.0008269588587967748,0.0004914004914004914,0.0,0.005443234836702955
0.002515090543259557,0.0,0.0,0.0,0.005443234836702955
0.0004783926008611067,0.0,0.0,0.0010878433505575197,0.0010498687664041995
0.0,0.0,0.022857142857142857,0.0,0.0
0.0004783926008611067,0.0,0.0006265664160401002,0.010514018691588784,0.005443234836702955
0.015655577299412915,0.0,0.0,0.0,0.0012755102040816326
0.002515090543259557,0.0008269588587967748,0.0006265664160401002,0.0,0.0012755102040816326
0.0,0.0,0.0,0.0018726591760299626,0.0017667844522968198
0.002515090543259557,0.0008269588587967748,0.0,0.0,0.0
0.0,0.0009532888465204957,0.0,0.004296455424274973,0.0
0.0,0.0009532888465204957,0.00102880658436214,0.0010878433505575197,0.0
0.002515090543259557,0.0008269588587967748,0.0012448132780082987,0.010514018691588784,0.0010498687664041995
0.0004783926008611067,0.0008269588587967748,0.0012448132780082987,0.0010878433505575197,0.0
0.0,0.0008269588587967748,0.0012448132780082987,0.0,0.0007446016381236039
0.0004783926008611067,0.0,0.0012448132780082987,0.004296455424274973,0.005443234836702955
0.006369426751592357,0.0,0.0012448132780082987,0.0010878433505575197,0.0010498687664041995
0.002515090543259557,0.0009532888465204957,0.012727272727272728,0.0018726591760299626,0.007099391480730223
0.002515090543259557,0.0008269588587967748,0.0004914004914004914,0.0010878433505575197,0.0010498687664041995
0.002515090543259557,0.00646551724137931,0.0004914004914004914,0.0,0.005443234836702955
0.0004783926008611067,0.0009532888465204957,0.007407407407407408,0.0010878433505575197,0.0007446016381236039
0.002515090543259557,0.0008269588587967748,0.0,0.0010878433505575197,0.0010498687664041995
0.0004783926008611067,0.0009532888465204957,0.007407407407407408,0.0010878433505575197,0.0010498687664041995
0.0004783926008611067,0.0008269588587967748,0.007407407407407408,0.0010878433505575197,0.0017667844522968198
0.015655577299412915,0.0008269588587967748,0.0006265664160401002,0.0,0.007099391480730223
0.0004783926008611067,0.00646551724137931,0.0,0.0010878433505575197,0.0010498687664041995
0.015655577299412915,0.00646551724137931,0.0012448132780082987,0.0010878433505575197,0.0010498687664041995
0.0004783926008611067,0.0009532888465204957,0.0004914004914004914,0.0,0.0
0.0,0.0008269588587967748,0.0004914004914004914,0.0,0.007099391480730223
0.0,0.00646551724137931,0.0004914004914004914,0.0018726591760299626,0.0
0.0,0.0,0.010050251256281407,0.006829268292682927,0.005443234836702955
0.0004783926008611067,0.0008269588587967748,0.004705882352941176,0.0010878433505575197,0.0010498687664041995
0.0,0.00646551724137931,0.0,0.0010878433505575197,0.0012755102040816326
0.002515090543259557,0.0,0.0,0.010514018691588784,0.0012755102040816326
0.0,0.0008269588587967748,0.0012448132780082987,0.0010878433505575197,0.005443234836702955
0.0,0.01702127659574468,0.00102880658436214,0.0,0.0
0.0004783926008611067,0.0009532888465204957,0.007407407407407408,0.0,0.0017667844522968198
0.0004783926008611067,0.0008269588587967748,0.0006265664160401002,0.0,0.0010498687664041995
0.0,0.0,0.0012448132780082987,0.0010878433505575197,0.0010498687664041995
0.0004783926008611067,0.00815494393476045,0.007407407407407408,0.0010878433505575197,0.007099391480730223
0.015655577299412915,0.0009532888465204957,0.0006265664160401002,0.0,0.0
0.0033613445378151263,0.01702127659574468,0.0,0.0018726591760299626,0.0
0.0,0.0,0.0006265664160401002,0.0018726591760299626,0.0012755102040816326
0.0004783926008611067,0.00815494393476045,0.012727272727272728,0.0,0.0010498687664041995
0.0004783926008611067,0.00815494393476045,0.0,0.0,0.0012755102040816326
0.0,0.0,0.0012448132780082987,0.0018726591760299626,0.0010498687664041995
0.0004783926008611067,0.00815494393476045,0.0006265664160401002,0.0,0.0010498687664041995
0.002515090543259557,0.0,0.0006265664160401002,0.004296455424274973,0.0007446016381236039
0.015655577299412915,0.01356798692466613,0.0004914004914004914,0.0,0.0
0.0004783926008611067,0.0,0.0006265664160401002,0.004296455424274973,0.0010498687664041995
0.002515090543259557,0.00646551724137931,0.0006265664160401002,0.0273972602739726,0.0010498687664041995
0.015655577299412915,0.0,0.004705882352941176,0.004296455424274973,0.007099391480730223
0.0004783926008611067,0.0008269588587967748,0.0012448132780082987,0.0,0.0012755102040816326
0.0004783926008611067,0.0008269588587967748,0.010050251256281407,0.004296455424274973,0.0
0.002560819462227913,0.025906735751295335,0.0012448132780082987,0.0,0.0
0.0004783926008611067,0.0008269588587967748,0.00102880658436214,0.0,0.0010498687664041995
0.015655577299412915,0.0,0.0,0.0,0.0010498687664041995
0.0004783926008611067,0.0,0.004705882352941176,0.0,0.0010498687664041995
0.0004783926008611067,0.0,0.0012448132780082987,0.0,0.0
0.0,0.0008269588587967748,0.0012448132780082987,0.004296455424274973,0.0010498687664041995
0.0004783926008611067,0.0008269588587967748,0.0012448132780082987,0.006829268292682927,0.007099391480730223
0.0004783926008611067,0.00815494393476045,0.0006265664160401002,0.0010878433505575197,0.0010498687664041995
0.0033613445378151263,0.0008269588587967748,0.0012448132780082987,0.0,0.0010498687664041995
0.0004783926008611067,0.00646551724137931,0.0004914004914004914,0.006829268292682927,0.005443234836702955
0.05,0.0009532888465204957,0.0,0.0010878433505575197,0.0
0.006369426751592357,0.0,0.00102880658436214,0.0010878433505575197,0.0
0.0004783926008611067,0.0009532888465204957,0.0012448132780082987,0.0018726591760299626,0.0010498687664041995
0.0,0.0008269588587967748,0.007407407407407408,0.0010878433505575197,0.0
0.0,0.025906735751295335,0.0004914004914004914,0.0,0.007099391480730223
0.002515090543259557,0.0,0.0012448132780082987,0.002,0.0010498687664041995
0.0,0.0008269588587967748,0.00102880658436214,0.006829268292682927,0.0
0.0,0.0008269588587967748,0.0006265664160401002,0.006829268292682927,0.007099391480730223
0.002515090543259557,0.0008269588587967748,0.0,0.006829268292682927,0.0
0.0,0.0008269588587967748,0.012727272727272728,0.0010878433505575197,0.02258064516129032
0.0004783926008611067,0.0008269588587967748,0.0004914004914004914,0.004296455424274973,0.0007446016381236039
0.015655577299412915,0.0009532888465204957,0.0,0.006829268292682927,0.0010498687664041995
0.0,0.0,0.0012448132780082987,0.0,0.005443234836702955
0.002515090543259557,0.0,0.012727272727272728,0.0010878433505575197,0.0007446016381236039
0.0004783926008611067,0.0008269588587967748,0.004705882352941176,0.0,0.0010498687664041995
0.0,0.00646551724137931,0.0012448132780082987,0.0,0.0
0.0,0.00815494393476045,0.0,0.010514018691588784,0.0
0.0004783926008611067,0.0008269588587967748,0.012727272727272728,0.0,0.005443234836702955
0.002515090543259557,0.00815494393476045,0.0012448132780082987,0.0010878433505575197,0.0
0.002515090543259557,0.00646551724137931,0.0004914004914004914,0.0010878433505575197,0.0
0.0004783926008611067,0.00815494393476045,0.0012448132780082987,0.0010878433505575197,0.0012755102040816326
0.0,0.0008269588587967748,0.0012448132780082987,0.006829268292682927,0.0017667844522968198
0.002515090543259557,0.0,0.022857142857142857,0.0,0.0
0.0004783926008611067,0.00646551724137931,0.00102880658436214,0.0,0.0010498687664041995
0.002515090543259557,0.0008269588587967748,0.0012448132780082987,0.0010878433505575197,0.02258064516129032
0.0,0.0,0.007407407407407408,0.006829268292682927,0.0010498687664041995
0.0004783926008611067,0.0008269588587967748,0.0004914004914004914,0.0010878433505575197,0.0
0.0,0.0008269588587967748,0.0012448132780082987,0.002,0.0
0.0004783926008611067,0.00646551724137931,0.0,0.0,0.0010498687664041995
0.0004783926008611067,0.0008269588587967748,0.0012448132780082987,0.0,0.0010498687664041995
0.0004783926008611067,0.00815494393476045,0.0,0.0,0.0010498687664041995
0.0033613445378151263,0.0008269588587967748,0.00102880658436214,0.0010878433505575197,0.0010498687664041995
0.002515090543259557,0.0,0.00102880658436214,0.0010878433505575197,0.007099391480730223
0.002515090543259557,0.0009532888465204957,0.0006265664160401002,0.002,0.0017667844522968198
0.002515090543259557,0.0008269588587967748,0.022857142857142857,0.0,0.0
0.0004783926008611067,0.0,0.0,0.0,0.0
0.002560819462227913,0.0,0.0,0.0,0.0007446016381236039
0.0,0.00646551724137931,0.007407407407407408,0.002,0.0007446016381236039
0.015655577299412915,0.0009532888465204957,0.007407407407407408,0.0010878433505575197,0.0010498687664041995
0.002515090543259557,0.00815494393476045,0.0006265664160401002,0.0,0.015337423312883436
0.0004783926008611067,0.00646551724137931,0.0012448132780082987,0.0,0.02258064516129032
0.0004783926008611067,0.0,0.007407407407407408,0.0010878433505575197,0.0010498687664041995
0.002515090543259557,0.0008269588587967748,0.0,0.0,0.0010498687664041995
0.0004783926008611067,0.0008269588587967748,0.0006265664160401002,0.0010878433505575197,0.0010498687664041995
0.002560819462227913,0.00646551724137931,0.0012448132780082987,0.0,0.0
0.0004783926008611067,0.0009532888465204957,0.0,0.0010878433505575197,0.0007446016381236039
0.0004783926008611067,0.00646551724137931,0.007407407407407408,0.0010878433505575197,0.0
0.0033613445378151263,0.00815494393476045,0.0004914004914004914,0.0018726591760299626,0.0012755102040816326
0.0,0.00646551724137931,0.0004914004914004914,0.0,0.0
0.0004783926008611067,0.0,0.012727272727272728,0.006829268292682927,0.0
0.0004783926008611067,0.0,0.0006265664160401002,0.010514018691588784,0.0007446016381236039
0.0033613445378151263,0.0,0.0,0.004296455424274973,0.005443234836702955
0.0004783926008611067,0.0009532888465204957,0.0012448132780082987,0.004296455424274973,0.007099391480730223
0.0,0.0009532888465204957,0.0012448132780082987,0.0,0.0017667844522968198
0.015655577299412915,0.00815494393476045,0.0,0.0010878433505575197,0.0007446016381236039
0.0004783926008611067,0.00815494393476045,0.0006265664160401002,0.0,0.0010498687664041995
0.0,0.0008269588587967748,0.0,0.0,0.0
0.015655577299412915,0.0009532888465204957,0.0012448132780082987,0.0,0.0007446016381236039
0.0033613445378151263,0.0,0.0,0.0,0.0007446016381236039
0.0,0.0008269588587967748,0.012727272727272728,0.0010878433505575197,0.0
0.015655577299412915,0.0008269588587967748,0.012727272727272728,0.0010878433505575197,0.0
0.002515090543259557,0.0008269588587967748,0.0006265664160401002,0.0,0.0012755102040816326
0.015655577299412915,0.0008269588587967748,0.0,0.0,0.0012755102040816326
0.0004783926008611067,0.0,0.0006265664160401002,0.0,0.0
0.002515090543259557,0.0,0.0,0.006829268292682927,0.0012755102040816326
0.0004783926008611067,0.0,0.0012448132780082987,0.0010878433505575197,0.007099391480730223
0.0004783926008611067,0.0009532888465204957,0.0012448132780082987,0.0010878433505575197,0.0
0.0,0.0008269588587967748,0.00102880658436214,0.0010878433505575197,0.0
0.0,0.0,0.012727272727272728,0.0010878433505575197,0.0012755102040816326
0.0,0.0008269588587967748,0.0004914004914004914,0.006829268292682927,0.007099391480730223
0.0,0.0008269588587967748,0.0,0.0010878433505575197,0.007099391480730223
0.0,0.0,0.0,0.0010878433505575197,0.0
0.002515090543259557,0.00815494393476045,0.007407407407407408,0.0010878433505575197,0.0010498687664041995
0.002560819462227913,0.0,0.0012448132780082987,0.002,0.0007446016381236039
0.002515090543259557,0.0009532888465204957,0.0,0.004296455424274973,0.0010498687664041995
0.0033613445378151263,0.0008269588587967748,0.007407407407407408,0.0,0.0
0.0004783926008611067,0.0,0.0006265664160401002,0.0,0.0010498687664041995
0.0,0.0,0.0,0.0,0.02258064516129032
0.0033613445378151263,0.0009532888465204957,0.007407407407407408,0.0018726591760299626,0.0
0.0004783926008611067,0.0008269588587967748,0.0006265664160401002,0.003134796238244514,0.0010498687664041995
0.0004783926008611067,0.0069767441860465115,0.0006265664160401002,0.0018726591760299626,0.0010498687664041995
0.0,0.0,0.0012448132780082987,0.0010878433505575197,0.007099391480730223
0.0033613445378151263,0.0,0.0012448132780082987,0.002,0.0
0.002515090543259557,0.0008269588587967748,0.0012448132780082987,0.002,0.0
0.0,0.0008269588587967748,0.0012448132780082987,0.0,0.0027397260273972603
0.0004783926008611067,0.00646551724137931,0.0012448132780082987,0.006829268292682927,0.0
0.002560819462227913,0.0069767441860465115,0.0006265664160401002,0.0010878433505575197,0.0007446016381236039
0.0,0.0069767441860465115,0.00102880658436214,0.0010878433505575197,0.0010498687664041995
0.002515090543259557,0.0009532888465204957,0.0006265664160401002,0.006829268292682927,0.0007446016381236039
0.0,0.0008269588587967748,0.0004914004914004914,0.0,0.0017667844522968198
0.006369426751592357,0.0,0.0,0.0010878433505575197,0.0007446016381236039
0.0004783926008611067,0.0008269588587967748,0.0,0.0018726591760299626,0.0
0.002515090543259557,0.01702127659574468,0.0,0.010514018691588784,0.0
0.0004783926008611067,0.0,0.0004914004914004914,0.0010878433505575197,0.0012755102040816326
0.0004783926008611067,0.025906735751295335,0.004705882352941176,0.0,0.007099391480730223
0.0004783926008611067,0.0008269588587967748,0.007407407407407408,0.0,0.0027397260273972603
0.002515090543259557,0.0009532888465204957,0.007407407407407408,0.0018726591760299626,0.0010498687664041995
0.0,0.0008269588587967748,0.0,0.0,0.0010498687664041995
0.0004783926008611067,0.0009532888465204957,0.0004914004914004914,0.0,0.0010498687664041995
0.0004783926008611067,0.0069767441860465115,0.0006265664160401002,0.0,0.0007446016381236039
0.0,0.00815494393476045,0.0004914004914004914,0.010514018691588784,0.0007446016381236039
0.0004783926008611067,0.0069767441860465115,0.0004914004914004914,0.004296455424274973,0.0010498687664041995
0.002515090543259557,0.0008269588587967748,0.004705882352941176,0.0,0.0010498687664041995
0.05,0.046511627906976744,0.0004914004914004914,0.002,0.02258064516129032
0.0,0.00815494393476045,0.012727272727272728,0.004296455424274973,0.0010498687664041995
0.002515090543259557,0.0,0.004705882352941176,0.0010878433505575197,0.005443234836702955
0.0,0.0,0.0012448132780082987,0.0010878433505575197,0.0010498687664041995
0.0,0.0,0.0012448132780082987,0.0018726591760299626,0.005443234836702955
0.002560819462227913,0.0069767441860465115,0.0012448132780082987,0.0,0.0007446016381236039
0.0004783926008611067,0.0008269588587967748,0.0,0.0,0.0012755102040816326
0.002560819462227913,0.0008269588587967748,0.0,0.0010878433505575197,0.005443234836702955
0.03225806451612903,0.0008269588587967748,0.0006265664160401002,0.002,0.0
0.015655577299412915,0.0008269588587967748,0.0,0.0010878433505575197,0.005443234836702955
0.0004783926008611067,0.0,0.0,0.0010878433505575197,0.0010498687664041995
0.0004783926008611067,0.01702127659574468,0.0012448132780082987,0.0010878433505575197,0.0010498687664041995
0.0004783926008611067,0.0008269588587967748,0.0,0.0010878433505575197,0.0
0.0004783926008611067,0.0008269588587967748,0.0012448132780082987,0.0010878433505575197,0.0
0.0004783926008611067,0.0,0.0006265664160401002,0.0,0.007099391480730223
0.002515090543259557,0.00815494393476045,0.0004914004914004914,0.0,0.0017667844522968198
0.0004783926008611067,0.0008269588587967748,0.0012448132780082987,0.002,0.0010498687664041995
0.0,0.0069767441860465115,0.0004914004914004914,0.0,0.0
0.0004783926008611067,0.0008269588587967748,0.010050251256281407,0.0010878433505575197,0.0012755102040816326
0.0,0.0009532888465204957,0.0,0.0018726591760299626,0.0
0.002515090543259557,0.00646551724137931,0.0,0.0018726591760299626,0.0
0.0,0.0009532888465204957,0.0,0.0,0.0007446016381236039
0.0004783926008611067,0.0009532888465204957,0.0012448132780082987,0.010514018691588784,0.015337423312883436
0.0004783926008611067,0.0009532888465204957,0.007407407407407408,0.004296455424274973,0.0
0.006369426751592357,0.0008269588587967748,0.0006265664160401002,0.006829268292682927,0.0010498687664041995
0.0,0.0009532888465204957,0.0004914004914004914,0.0010878433505575197,0.0
0.0004783926008611067,0.0008269588587967748,0.012727272727272728,0.0010878433505575197,0.0010498687664041995
0.0004783926008611067,0.0009532888465204957,0.0006265664160401002,0.0010878433505575197,0.0007446016381236039
0.0004783926008611067,0.0008269588587967748,0.0,0.0,0.0
0.002515090543259557,0.0008269588587967748,0.0006265664160401002,0.0,0.0
0.0033613445378151263,0.0008269588587967748,0.0,0.006829268292682927,0.0
0.002515090543259557,0.0,0.0004914004914004914,0.0,0.0012755102040816326
0.002560819462227913,0.0,0.0,0.004296455424274973,0.0007446016381236039
0.0004783926008611067,0.00815494393476045,0.0,0.0,0.0
0.015655577299412915,0.0008269588587967748,0.0006265664160401002,0.0,0.0
0.015655577299412915,0.0008269588587967748,0.0004914004914004914,0.0,0.0007446016381236039
0.0004783926008611067,0.0,0.0012448132780082987,0.010514018691588784,0.0007446016381236039
0.0,0.0009532888465204957,0.0012448132780082987,0.004296455424274973,0.0
0.0004783926008611067,0.00815494393476045,0.0,0.004296455424274973,0.007099391480730223
0.015655577299412915,0.0,0.00102880658436214,0.0010878433505575197,0.0
0.0004783926008611067,0.0,0.0004914004914004914,0.0,0.0
0.0004783926008611067,0.0009532888465204957,0.0006265664160401002,0.0010878433505575197,0.0010498687664041995
0.0004783926008611067,0.0,0.00102880658436214,0.006829268292682927,0.0
0.0004783926008611067,0.0008269588587967748,0.0,0.0010878433505575197,0.0
0.05,0.0,0.0,0.0,0.0
0.0,0.0008269588587967748,0.0006265664160401002,0.0010878433505575197,0.0017667844522968198
0.0004783926008611067,0.0009532888465204957,0.0012448132780082987,0.0,0.0010498687664041995
0.0,0.00646551724137931,0.007407407407407408,0.004296455424274973,0.0
0.006369426751592357,0.0,0.0,0.0010878433505575197,0.005443234836702955
0.0,0.00646551724137931,0.0012448132780082987,0.004296455424274973,0.0012755102040816326
0.0033613445378151263,0.025906735751295335,0.0,0.0,0.0027397260273972603
0.0004783926008611067,0.01702127659574468,0.0004914004914004914,0.0,0.0012755102040816326
0.015655577299412915,0.0008269588587967748,0.0012448132780082987,0.010514018691588784,0.0010498687664041995
0.0004783926008611067,0.0008269588587967748,0.0,0.0,0.0
0.0004783926008611067,0.0,0.0,0.0,0.02258064516129032
0.0,0.00646551724137931,0.0,0.0010878433505575197,0.015337423312883436
0.0004783926008611067,0.0,0.007407407407407408,0.0010878433505575197,0.005443234836702955
0.002515090543259557,0.0,0.0006265664160401002,0.0,0.0007446016381236039
0.002560819462227913,0.0008269588587967748,0.0012448132780082987,0.002,0.02258064516129032
0.0004783926008611067,0.00646551724137931,0.0004914004914004914,0.0,0.0010498687664041995
0.0004783926008611067,0.00646551724137931,0.0012448132780082987,0.0,0.0027397260273972603
0.0004783926008611067,0.0,0.00102880658436214,0.0010878433505575197,0.007099391480730223
0.0004783926008611067,0.0,0.0006265664160401002,0.010514018691588784,0.0
0.0004783926008611067,0.0008269588587967748,0.0006265664160401002,0.006829268292682927,0.0010498687664041995
0.0,0.0009532888465204957,0.0,0.0010878433505575197,0.0012755102040816326
0.0004783926008611067,0.0,0.0,0.004296455424274973,0.0012755102040816326
0.0004783926008611067,0.0,0.0,0.0010878433505575197,0.0007446016381236039
0.0004783926008611067,0.0,0.0012448132780082987,0.0,0.0010498687664041995
0.002560819462227913,0.0,0.0006265664160401002,0.0010878433505575197,0.0010498687664041995
0.0,0.0,0.0,0.0010878433505575197,0.0010498687664041995
0.0004783926008611067,0.0008269588587967748,0.0004914004914004914,0.002,0.0007446016381236039
0.0,0.0009532888465204957,0.007407407407407408,0.010514018691588784,0.007099391480730223
0.006369426751592357,0.0,0.0,0.0010878433505575197,0.0007446016381236039
0.0004783926008611067,0.0008269588587967748,0.0,0.0018726591760299626,0.02258064516129032
0.0004783926008611067,0.0008269588587967748,0.0006265664160401002,0.0010878433505575197,0.0012755102040816326
0.002515090543259557,0.0008269588587967748,0.0012448132780082987,0.0010878433505575197,0.02258064516129032
0.0,0.0,0.0004914004914004914,0.006829268292682927,0.0010498687664041995
0.0004783926008611067,0.0008269588587967748,0.00102880658436214,0.004296455424274973,0.0
0.0004783926008611067,0.0009532888465204957,0.0012448132780082987,0.0,0.0007446016381236039
0.0,0.1111111111111111,0.007407407407407408,0.006829268292682927,0.0
0.0004783926008611067,0.0008269588587967748,0.0,0.0010878433505575197,0.0007446016381236039
0.0004783926008611067,0.0,0.0,0.0018726591760299626,0.015337423312883436
0.0,0.01702127659574468,0.004705882352941176,0.004296455424274973,0.0007446016381236039
0.002515090543259557,0.0008269588587967748,0.022857142857142857,0.006829268292682927,0.015337423312883436
0.0,0.0008269588587967748,0.00102880658436214,0.0,0.03571428571428571
0.0,0.0,0.0004914004914004914,0.0010878433505575197,0.0027397260273972603
0.0004783926008611067,0.0,0.010050251256281407,0.0,0.007099391480730223
0.015655577299412915,0.0,0.0,0.004296455424274973,0.015337423312883436
0.0004783926008611067,0.0,0.0004914004914004914,0.0010878433505575197,0.0
0.002515090543259557,0.0,0.0,0.0,0.007099391480730223
0.0,0.0008269588587967748,0.007407407407407408,0.0,0.0
0.0004783926008611067,0.01702127659574468,0.00102880658436214,0.006829268292682927,0.0
0.0004783926008611067,0.0008269588587967748,0.0,0.0010878433505575197,0.005443234836702955
0.006369426751592357,0.0,0.0006265664160401002,0.006829268292682927,0.0012755102040816326
0.0,0.0009532888465204957,0.0006265664160401002,0.004296455424274973,0.02258064516129032
0.0,0.0,0.00102880658436214,0.0010878433505575197,0.0
0.0004783926008611067,0.0,0.0004914004914004914,0.010514018691588784,0.007099391480730223
0.0,0.0,0.0,0.004296455424274973,0.0
0.0004783926008611067,0.0,0.010050251256281407,0.0010878433505575197,0.0
0.0,0.0,0.0004914004914004914,0.0,0.0010498687664041995
0.0,0.0069767441860465115,0.0006265664160401002,0.0010878433505575197,0.0
0.0,0.0008269588587967748,0.00102880658436214,0.0,0.007099391480730223
0.0004783926008611067,0.0008269588587967748,0.012727272727272728,0.0,0.005443234836702955
0.0,0.0,0.0006265664160401002,0.0010878433505575197,0.015337423312883436
0.0,0.0,0.0012448132780082987,0.0010878433505575197,0.0
0.002560819462227913,0.0,0.0006265664160401002,0.0,0.0
0.0004783926008611067,0.0008269588587967748,0.0012448132780082987,0.0,0.0
0.0,0.0,0.0012448132780082987,0.0,0.0010498687664041995
0.0004783926008611067,0.0008269588587967748,0.0,0.010514018691588784,0.007099391480730223
0.002515090543259557,0.0009532888465204957,0.0004914004914004914,0.004296455424274973,0.0
0.0004783926008611067,0.00815494393476045,0.022857142857142857,0.0010878433505575197,0.0017667844522968198
0.0004783926008611067,0.0008269588587967748,0.0006265664160401002,0.003134796238244514,0.0012755102040816326
0.0,0.00815494393476045,0.0,0.0,0.0
0.0004783926008611067,0.0,0.007407407407407408,0.0,0.0
0.0004783926008611067,0.0008269588587967748,0.0,0.0,0.0010498687664041995
0.002560819462227913,0.0008269588587967748,0.022857142857142857,0.0010878433505575197,0.0
0.002515090543259557,0.0069767441860465115,0.007407407407407408,0.0,0.0
0.006369426751592357,0.0,0.0006265664160401002,0.010514018691588784,0.0
0.0004783926008611067,0.0,0.012727272727272728,0.0,0.0010498687664041995
0.0004783926008611067,0.0008269588587967748,0.0012448132780082987,0.0,0.0007446016381236039
0.0004783926008611067,0.0008269588587967748,0.0,0.0,0.0027397260273972603
0.0004783926008611067,0.0069767441860465115,0.0,0.0010878433505575197,0.0010498687664041995
0.0,0.0,0.0004914004914004914,0.0,0.0017667844522968198
0.0004783926008611067,0.00646551724137931,0.00102880658436214,0.0,0.015337423312883436
0.0004783926008611067,0.0008269588587967748,0.0004914004914004914,0.006829268292682927,0.007099391480730223
0.0004783926008611067,0.0069767441860465115,0.0006265664160401002,0.0018726591760299626,0.0007446016381236039
0.0,0.0008269588587967748,0.0004914004914004914,0.0,0.0010498687664041995
0.0004783926008611067,0.00646551724137931,0.007407407407407408,0.0,0.02258064516129032
0.0004783926008611067,0.0008269588587967748,0.012727272727272728,0.006829268292682927,0.0010498687664041995
0.0004783926008611067,0.0,0.0012448132780082987,0.004296455424274973,0.0
0.002515090543259557,0.0,0.0004914004914004914,0.0010878433505575197,0.0010498687664041995
0.0004783926008611067,0.0,0.0,0.0,0.0
0.0,0.0008269588587967748,0.0,0.0,0.007099391480730223
0.015655577299412915,0.0,0.0,0.004296455424274973,0.0012755102040816326
0.0,0.0009532888465204957,0.0,0.0010878433505575197,0.0
0.0004783926008611067,0.0,0.0006265664160401002,0.0010878433505575197,0.0017667844522968198
0.0,0.0,0.00102880658436214,0.0,0.005443234836702955
0.0004783926008611067,0.0,0.0012448132780082987,0.0,0.0010498687664041995
0.0004783926008611067,0.0,0.0,0.0,0.0007446016381236039
0.002560819462227913,0.0008269588587967748,0.0,0.0,0.0010498687664041995
0.0033613445378151263,0.0,0.022857142857142857,0.0,0.0017667844522968198
0.0,0.0,0.0,0.003134796238244514,0.0007446016381236039
0.0004783926008611067,0.0008269588587967748,0.0006265664160401002,0.0010878433505575197,0.0
0.015655577299412915,0.0009532888465204957,0.007407407407407408,0.0010878433505575197,0.0
0.0004783926008611067,0.0,0.007407407407407408,0.0010878433505575197,0.0010498687664041995
0.0,0.00646551724137931,0.0004914004914004914,0.0010878433505575197,0.015337423312883436
0.0004783926008611067,0.0,0.0004914004914004914,0.0010878433505575197,0.015337423312883436
0.0004783926008611067,0.0,0.0012448132780082987,0.0010878433505575197,0.005443234836702955
0.006369426751592357,0.0069767441860465115,0.022857142857142857,0.0,0.0
0.0004783926008611067,0.0008269588587967748,0.0006265664160401002,0.0018726591760299626,0.0
0.002515090543259557,0.0,0.0,0.0010878433505575197,0.0
0.0004783926008611067,0.025906735751295335,0.0006265664160401002,0.010514018691588784,0.0
0.0004783926008611067,0.0,0.0004914004914004914,0.004296455424274973,0.0007446016381236039
0.0,0.0009532888465204957,0.007407407407407408,0.004296455424274973,0.0
0.002515090543259557,0.0069767441860465115,0.022857142857142857,0.0010878433505575197,0.0010498687664041995
0.0,0.0008269588587967748,0.0,0.006829268292682927,0.007099391480730223
0.0004783926008611067,0.0,0.0012448132780082987,0.004296455424274973,0.0010498687664041995
0.006369426751592357,0.0008269588587967748,0.0004914004914004914,0.0,0.0010498687664041995
0.0,0.0008269588587967748,0.0004914004914004914,0.004296455424274973,0.0
0.0004783926008611067,0.0069767441860465115,0.0012448132780082987,0.0010878433505575197,0.0010498687664041995
0.002515090543259557,0.0,0.0,0.0,0.0
0.002515090543259557,0.0,0.0012448132780082987,0.006829268292682927,0.005443234836702955
0.002515090543259557,0.0008269588587967748,0.0006265664160401002,0.0,0.0007446016381236039
0.015655577299412915,0.00646551724137931,0.0,0.0,0.0010498687664041995
0.0004783926008611067,0.0009532888465204957,0.012727272727272728,0.0,0.0
0.0004783926008611067,0.0008269588587967748,0.0,0.0,0.007099391480730223
0.0033613445378151263,0.0009532888465204957,0.0,0.0018726591760299626,0.0
0.0004783926008611067,0.0,0.0,0.0010878433505575197,0.0010498687664041995
0.0004783926008611067,0.0009532888465204957,0.007407407407407408,0.0,0.0007446016381236039
0.002515090543259557,0.00646551724137931,0.007407407407407408,0.0,0.0010498687664041995
0.0004783926008611067,0.0008269588587967748,0.00102880658436214,0.0,0.015337423312883436
0.002515090543259557,0.0,0.0004914004914004914,0.0,0.02258064516129032
0.0004783926008611067,0.0008269588587967748,0.0,0.006829268292682927,0.0010498687664041995
0.0004783926008611067,0.0069767441860465115,0.0,0.0010878433505575197,0.0
0.0,0.0008269588587967748,0.00102880658436214,0.006829268292682927,0.0010498687664041995
0.0,0.00815494393476045,0.0004914004914004914,0.0010878433505575197,0.0
0.0004783926008611067,0.0008269588587967748,0.0012448132780082987,0.0010878433505575197,0.005443234836702955
0.0004783926008611067,0.00815494393476045,0.00102880658436214,0.0,0.0007446016381236039
0.0004783926008611067,0.00646551724137931,0.0,0.0,0.0010498687664041995
0.0004783926008611067,0.0009532888465204957,0.0,0.0010878433505575197,0.0
0.0033613445378151263,0.0009532888465204957,0.0,0.0010878433505575197,0.0017667844522968198
0.0,0.0008269588587967748,0.0,0.0,0.0012755102040816326
0.0004783926008611067,0.0008269588587967748,0.0,0.010514018691588784,0.0
0.0,0.0009532888465204957,0.0,0.0018726591760299626,0.0027397260273972603
0.0,0.0008269588587967748,0.0004914004914004914,0.004296455424274973,0.0
0.002560819462227913,0.0,0.00102880658436214,0.0,0.0010498687664041995
0.0004783926008611067,0.00646551724137931,0.0004914004914004914,0.0,0.005443234836702955
0.002560819462227913,0.0008269588587967748,0.0,0.0,0.015337423312883436
0.0,0.0008269588587967748,0.0006265664160401002,0.0,0.0
0.0004783926008611067,0.0069767441860465115,0.0012448132780082987,0.0,0.015337423312883436
0.0,0.0008269588587967748,0.010050251256281407,0.0,0.0
0.015655577299412915,0.0008269588587967748,0.0,0.0,0.0010498687664041995
0.002560819462227913,0.0,0.0012448132780082987,0.0010878433505575197,0.0
0.002560819462227913,0.0008269588587967748,0.004705882352941176,0.0,0.0
0.0004783926008611067,0.0,0.0012448132780082987,0.0,0.0007446016381236039
0.0033613445378151263,0.0008269588587967748,0.0012448132780082987,0.0,0.0
0.002515090543259557,0.0008269588587967748,0.0012448132780082987,0.0,0.0017667844522968198
0.0,0.0,0.0006265664160401002,0.0010878433505575197,0.005443234836702955
0.0004783926008611067,0.0009532888465204957,0.0006265664160401002,0.0,0.007099391480730223
0.0004783926008611067,0.0,0.012727272727272728,0.0018726591760299626,0.0
0.0,0.0,0.0012448132780082987,0.0018726591760299626,0.0
0.002515090543259557,0.0,0.0012448132780082987,0.0018726591760299626,0.007099391480730223
0.0004783926008611067,0.0008269588587967748,0.0,0.010514018691588784,0.0
0.0033613445378151263,0.0069767441860465115,0.0012448132780082987,0.0010878433505575197,0.0010498687664041995
0.0,0.00646551724137931,0.0006265664160401002,0.006829268292682927,0.007099391480730223
0.0033613445378151263,0.00646551724137931,0.0004914004914004914,0.0,0.0007446016381236039
0.0033613445378151263,0.0008269588587967748,0.0012448132780082987,0.0,0.0010498687664041995
0.002560819462227913,0.0,0.0006265664160401002,0.0,0.0007446016381236039
0.006369426751592357,0.0,0.0012448132780082987,0.0010878433505575197,0.0010498687664041995
0.0004783926008611067,0.0009532888465204957,0.0004914004914004914,0.0010878433505575197,0.0
0.006369426751592357,0.0,0.0004914004914004914,0.004296455424274973,0.0012755102040816326
0.0004783926008611067,0.0009532888465204957,0.0004914004914004914,0.0010878433505575197,0.0007446016381236039
0.015655577299412915,0.00815494393476045,0.0,0.0010878433505575197,0.0010498687664041995
0.0004783926008611067,0.0,0.0012448132780082987,0.0,0.0012755102040816326
0.0004783926008611067,0.0,0.0006265664160401002,0.006829268292682927,0.0010498687664041995
0.0004783926008611067,0.0069767441860465115,0.0012448132780082987,0.003134796238244514,0.0
0.0033613445378151263,0.00815494393476045,0.0,0.0,0.0010498687664041995
0.002515090543259557,0.0,0.0,0.004296455424274973,0.0
0.0004783926008611067,0.0008269588587967748,0.0,0.004296455424274973,0.0
0.0,0.0008269588587967748,0.007407407407407408,0.0,0.0010498687664041995
0.015655577299412915,0.0008269588587967748,0.0,0.0018726591760299626,0.015337423312883436
0.0004783926008611067,0.0008269588587967748,0.0012448132780082987,0.0,0.0010498687664041995
0.0004783926008611067,0.0,0.0,0.0,0.0010498687664041995
0.0,0.0009532888465204957,0.0004914004914004914,0.0010878433505575197,0.015337423312883436
0.0004783926008611067,0.0009497003965947299,0.022857142857142857,0.010514018691588784,0.0010498687664041995
0.0004783926008611067,0.00815494393476045,0.00102880658436214,0.0018726591760299626,0.0012755102040816326
0.0004783926008611067,0.0008269588587967748,0.0006265664160401002,0.0,0.0007446016381236039
0.0004783926008611067,0.0009532888465204957,0.0,0.0,0.0007446016381236039
0.0004783926008611067,0.0,0.0,0.0,0.0010498687664041995
0.0,0.0008269588587967748,0.0004914004914004914,0.0010878433505575197,0.0
0.0004783926008611067,0.0009532888465204957,0.0,0.0010878433505575197,0.0
0.006369426751592357,0.0,0.0,0.006829268292682927,0.0017667844522968198
0.002515090543259557,0.0008269588587967748,0.0,0.004296455424274973,0.0010498687664041995
0.0004783926008611067,0.00815494393476045,0.0006265664160401002,0.0,0.007099391480730223
0.0004783926008611067,0.00815494393476045,0.0,0.0010878433505575197,0.007099391480730223
0.0,0.0008269588587967748,0.0012448132780082987,0.0010878433505575197,0.0010498687664041995
0.002515090543259557,0.0008269588587967748,0.012727272727272728,0.004296455424274973,0.0
0.0004783926008611067,0.025906735751295335,0.0,0.006829268292682927,0.0017667844522968198
0.002515090543259557,0.0008269588587967748,0.00102880658436214,0.002,0.005443234836702955
0.0004783926008611067,0.00815494393476045,0.004705882352941176,0.0010878433505575197,0.0
0.0004783926008611067,0.0,0.00102880658436214,0.0010878433505575197,0.0010498687664041995
0.0004783926008611067,0.0,0.0,0.0,0.0017667844522968198
0.002515090543259557,0.0009532888465204957,0.007407407407407408,0.0010878433505575197,0.0010498687664041995
0.0004783926008611067,0.0,0.0,0.0018726591760299626,0.005443234836702955
0.0033613445378151263,0.0008269588587967748,0.0,0.0010878433505575197,0.0010498687664041995
0.015655577299412915,0.01702127659574468,0.007407407407407408,0.0,0.015337423312883436
0.0004783926008611067,0.0008269588587967748,0.010050251256281407,0.0010878433505575197,0.0
0.0004783926008611067,0.0009532888465204957,0.0012448132780082987,0.0018726591760299626,0.007099391480730223
0.0004783926008611067,0.00646551724137931,0.022857142857142857,0.0,0.0010498687664041995
0.006369426751592357,0.0,0.0006265664160401002,0.0,0.0017667844522968198
0.0004783926008611067,0.00646551724137931,0.0012448132780082987,0.006829268292682927,0.0010498687664041995
0.002515090543259557,0.0,0.0,0.0010878433505575197,0.0010498687664041995
0.002515090543259557,0.0,0.00102880658436214,0.0010878433505575197,0.0010498687664041995
0.0004783926008611067,0.0069767441860465115,0.0,0.004296455424274973,0.0
0.0004783926008611067,0.00815494393476045,0.00102880658436214,0.0,0.0010498687664041995
0.002515090543259557,0.0,0.0,0.0,0.0007446016381236039
0.0,0.00815494393476045,0.0004914004914004914,0.0,0.0
0.0004783926008611067,0.0009532888465204957,0.0012448132780082987,0.004296455424274973,0.0012755102040816326
0.0004783926008611067,0.01702127659574468,0.0,0.0,0.03571428571428571
0.002515090543259557,0.0008269588587967748,0.0012448132780082987,0.003134796238244514,0.0007446016381236039
0.0004783926008611067,0.0,0.0012448132780082987,0.0,0.0010498687664041995
0.0004783926008611067,0.0008269588587967748,0.0004914004914004914,0.0,0.0007446016381236039
0.002515090543259557,0.00815494393476045,0.0004914004914004914,0.0,0.0
0.002560819462227913,0.0008269588587967748,0.0,0.010514018691588784,0.0010498687664041995
0.002560819462227913,0.0069767441860465115,0.0,0.006829268292682927,0.007099391480730223
0.0004783926008611067,0.00815494393476045,0.0,0.0010878433505575197,0.0012755102040816326
0.0,0.0009532888465204957,0.012727272727272728,0.0010878433505575197,0.0010498687664041995
0.0,0.0069767441860465115,0.0012448132780082987,0.0010878433505575197,0.0010498687664041995
0.0004783926008611067,0.00815494393476045,0.0006265664160401002,0.0,0.0010498687664041995
0.015655577299412915,0.0008269588587967748,0.022857142857142857,0.010514018691588784,0.0010498687664041995
0.0004783926008611067,0.0008269588587967748,0.0,0.002,0.0
0.0,0.0008269588587967748,0.0012448132780082987,0.010514018691588784,0.0
0.002515090543259557,0.0069767441860465115,0.00102880658436214,0.0010878433505575197,0.0
0.002515090543259557,0.0069767441860465115,0.007407407407407408,0.0,0.0010498687664041995
0.0,0.0,0.0006265664160401002,0.004296455424274973,0.0
0.0033613445378151263,0.00646551724137931,0.0,0.0,0.0010498687664041995
0.0004783926008611067,0.0008269588587967748,0.0,0.006829268292682927,0.02258064516129032
0.0033613445378151263,0.0008269588587967748,0.00102880658436214,0.0,0.0
0.0,0.0009532888465204957,0.0004914004914004914,0.010514018691588784,0.0
0.0004783926008611067,0.00815494393476045,0.0,0.004296455424274973,0.0012755102040816326
0.015655577299412915,0.01702127659574468,0.007407407407407408,0.0010878433505575197,0.0010498687664041995
0.0,0.0009532888465204957,0.0006265664160401002,0.0,0.0
0.0004783926008611067,0.0,0.0,0.0,0.0
0.015655577299412915,0.0008269588587967748,0.0012448132780082987,0.003134796238244514,0.0010498687664041995
0.0004783926008611067,0.0008269588587967748,0.0006265664160401002,0.004296455424274973,0.005443234836702955
0.0,0.0,0.0012448132780082987,0.0,0.0
0.0004783926008611067,0.0,0.0,0.0010878433505575197,0.0
0.002515090543259557,0.0,0.010050251256281407,0.0,0.0010498687664041995
0.03225806451612903,0.0009532888465204957,0.0,0.0010878433505575197,0.02258064516129032
0.0004783926008611067,0.0,0.0004914004914004914,0.0,0.0010498687664041995
0.0004783926008611067,0.0069767441860465115,0.0012448132780082987,0.0,0.0007446016381236039
0.0,0.0008269588587967748,0.00102880658436214,0.0010878433505575197,0.005443234836702955
0.002515090543259557,0.0008269588587967748,0.0,0.006829268292682927,0.0007446016381236039
0.0,0.0009532888465204957,0.0004914004914004914,0.004296455424274973,0.015337423312883436
0.002560819462227913,0.0,0.0004914004914004914,0.0,0.0010498687664041995
0.0004783926008611067,0.0008269588587967748,0.0,0.0010878433505575197,0.0
0.0004783926008611067,0.0008269588587967748,0.0012448132780082987,0.0,0.0
0.0004783926008611067,0.00815494393476045,0.0,0.0010878433505575197,0.007099391480730223
0.0004783926008611067,0.0,0.007407407407407408,0.006829268292682927,0.0010498687664041995
0.0,0.0009532888465204957,0.0012448132780082987,0.010514018691588784,0.0007446016381236039
0.0004783926008611067,0.0,0.0,0.0,0.005443234836702955
0.0,0.0,0.0,0.002,0.0
0.0004783926008611067,0.0008269588587967748,0.010050251256281407,0.0,0.005443234836702955
0.0004783926008611067,0.0,0.0,0.0010878433505575197,0.0010498687664041995
0.0004783926008611067,0.0,0.00102880658436214,0.0010878433505575197,0.0
0.0004783926008611067,0.0008269588587967748,0.010050251256281407,0.0018726591760299626,0.0
0.0004783926008611067,0.00646551724137931,0.0,0.0010878433505575197,0.0
0.0,0.00646551724137931,0.007407407407407408,0.0010878433505575197,0.0010498687664041995
0.0033613445378151263,0.0,0.0,0.0,0.0
0.0004783926008611067,0.0009532888465204957,0.0012448132780082987,0.0,0.0
0.0004783926008611067,0.0,0.0006265664160401002,0.0010878433505575197,0.005443234836702955
0.002515090543259557,0.0008269588587967748,0.0,0.002,0.0010498687664041995
0.015655577299412915,0.0008269588587967748,0.007407407407407408,0.004296455424274973,0.0017667844522968198
0.002560819462227913,0.0,0.0,0.010514018691588784,0.005443234836702955
0.0004783926008611067,0.0,0.0006265664160401002,0.0,0.0010498687664041995
0.0004783926008611067,0.0,0.0006265664160401002,0.0,0.0
0.0004783926008611067,0.0009532888465204957,0.0,0.010514018691588784,0.0010498687664041995
0.002560819462227913,0.00646551724137931,0.0012448132780082987,0.0010878433505575197,0.0
0.0004783926008611067,0.00646551724137931,0.0,0.0018726591760299626,0.0010498687664041995
0.0,0.0,0.0004914004914004914,0.0010878433505575197,0.0010498687664041995
0.0004783926008611067,0.0,0.0004914004914004914,0.0010878433505575197,0.0007446016381236039
0.0004783926008611067,0.00646551724137931,0.0006265664160401002,0.004296455424274973,0.0
0.0004783926008611067,0.0009532888465204957,0.0,0.0010878433505575197,0.0010498687664041995
0.0,0.0009532888465204957,0.012727272727272728,0.0010878433505575197,0.0007446016381236039
0.0004783926008611067,0.0008269588587967748,0.0,0.0,0.0010498687664041995
0.0033613445378151263,0.0,0.0,0.0,0.0
0.002515090543259557,0.00646551724137931,0.0,0.0,0.0010498687664041995
0.0004783926008611067,0.0008269588587967748,0.0,0.0018726591760299626,0.007099391480730223
0.0,0.01702127659574468,0.0004914004914004914,0.0010878433505575197,0.0010498687664041995
0.0004783926008611067,0.0009532888465204957,0.004705882352941176,0.0010878433505575197,0.0007446016381236039
0.0,0.0009532888465204957,0.0004914004914004914,0.0,0.0010498687664041995
0.006369426751592357,0.00815494393476045,0.022857142857142857,0.0,0.0
0.0033613445378151263,0.0,0.0012448132780082987,0.006829268292682927,0.007099391480730223
0.0004783926008611067,0.00646551724137931,0.007407407407407408,0.010514018691588784,0.0010498687664041995
0.0004783926008611067,0.0008269588587967748,0.0012448132780082987,0.0,0.0012755102040816326
0.0033613445378151263,0.0,0.0012448132780082987,0.0010878433505575197,0.0
0.0033613445378151263,0.0069767441860465115,0.0012448132780082987,0.0,0.0010498687664041995
0.0004783926008611067,0.025906735751295335,0.0,0.004296455424274973,0.0
0.0004783926008611067,0.00646551724137931,0.022857142857142857,0.0,0.0
0.0004783926008611067,0.0,0.012727272727272728,0.0273972602739726,0.0010498687664041995
0.0004783926008611067,0.0,0.0012448132780082987,0.010514018691588784,0.015337423312883436
0.0004783926008611067,0.0008269588587967748,0.0004914004914004914,0.0,0.0
0.0004783926008611067,0.0008269588587967748,0.0004914004914004914,0.003134796238244514,0.015337423312883436
0.0033613445378151263,0.00646551724137931,0.0004914004914004914,0.0,0.0
0.0004783926008611067,0.0,0.0,0.0010878433505575197,0.0
0.002515090543259557,0.0008269588587967748,0.00102880658436214,0.0,0.02258064516129032
0.0004783926008611067,0.0,0.0,0.0,0.0
0.002560819462227913,0.0,0.0012448132780082987,0.0,0.015337423312883436
0.0,0.0,0.00102880658436214,0.006829268292682927,0.0010498687664041995
0.002560819462227913,0.0009532888465204957,0.0,0.0018726591760299626,0.0007446016381236039
0.0004783926008611067,0.0,0.0,0.0010878433505575197,0.0010498687664041995
0.05,0.0008269588587967748,0.0004914004914004914,0.0,0.0012755102040816326
0.002515090543259557,0.0008269588587967748,0.0,0.0,0.0
0.0004783926008611067,0.00646551724137931,0.012727272727272728,0.0010878433505575197,0.02258064516129032
0.015655577299412915,0.0,0.0,0.0,0.0017667844522968198
0.002515090543259557,0.0,0.007407407407407408,0.0018726591760299626,0.015337423312883436
0.002515090543259557,0.0009532888465204957,0.0012448132780082987,0.0010878433505575197,0.0
0.002515090543259557,0.0,0.004705882352941176,0.0010878433505575197,0.007099391480730223
0.0004783926008611067,0.0008269588587967748,0.0012448132780082987,0.0010878433505575197,0.0017667844522968198
0.0,0.00646551724137931,0.0,0.004296455424274973,0.0010498687664041995
0.002560819462227913,0.00815494393476045,0.0004914004914004914,0.0,0.0010498687664041995
0.002560819462227913,0.0,0.007407407407407408,0.0018726591760299626,0.015337423312883436
0.006369426751592357,0.0008269588587967748,0.0012448132780082987,0.0,0.0007446016381236039
0.002515090543259557,0.0008269588587967748,0.0004914004914004914,0.004296455424274973,0.0010498687664041995
0.02857142857142857,0.0008269588587967748,0.00102880658436214,0.006829268292682927,0.0007446016381236039
0.0,0.0,0.0,0.0010878433505575197,0.0027397260273972603
0.0,0.0008269588587967748,0.0012448132780082987,0.006829268292682927,0.0
0.0033613445378151263,0.0008269588587967748,0.0012448132780082987,0.0010878433505575197,0.0
0.0,0.0,0.0006265664160401002,0.0010878433505575197,0.0
0.0004783926008611067,0.0009532888465204957,0.0006265664160401002,0.0,0.02258064516129032
0.006369426751592357,0.0008269588587967748,0.0004914004914004914,0.002,0.0010498687664041995
0.002515090543259557,0.0,0.0,0.004296455424274973,0.0
0.0004783926008611067,0.0,0.0,0.0018726591760299626,0.0
0.0,0.0008269588587967748,0.0012448132780082987,0.0,0.0
0.015655577299412915,0.0008269588587967748,0.0,0.004296455424274973,0.0007446016381236039
0.0004783926008611067,0.0008269588587967748,0.010050251256281407,0.003134796238244514,0.0007446016381236039
0.0,0.0009532888465204957,0.0012448132780082987,0.0,0.005443234836702955
0.0,0.0,0.0004914004914004914,0.0,0.0
0.0004783926008611067,0.0,0.0012448132780082987,0.0010878433505575197,0.0027397260273972603
0.0,0.0,0.0004914004914004914,0.0010878433505575197,0.0010498687664041995
0.0033613445378151263,0.0,0.0004914004914004914,0.0,0.0010498687664041995
0.015655577299412915,0.0069767441860465115,0.0,0.006829268292682927,0.0010498687664041995
0.0004783926008611067,0.0,0.0,0.0,0.0
0.002515090543259557,0.0,0.0,0.0,0.0
0.0,0.0009532888465204957,0.0,0.010514018691588784,0.0012755102040816326
0.0004783926008611067,0.00815494393476045,0.0,0.004296455424274973,0.0017667844522968198
0.002515090543259557,0.00646551724137931,0.007407407407407408,0.0018726591760299626,0.0010498687664041995
0.0004783926008611067,0.0,0.0,0.0018726591760299626,0.0
0.0,0.0069767441860465115,0.0,0.0010878433505575197,0.0
0.0,0.0,0.004705882352941176,0.0018726591760299626,0.0
0.015655577299412915,0.0,0.0,0.006829268292682927,0.0010498687664041995
0.0004783926008611067,0.0008269588587967748,0.0006265664160401002,0.006829268292682927,0.0010498687664041995
0.0004783926008611067,0.0008269588587967748,0.0004914004914004914,0.006829268292682927,0.03571428571428571
0.0004783926008611067,0.0,0.0,0.0,0.0
0.002560819462227913,0.0069767441860465115,0.00102880658436214,0.0,0.0
0.0,0.00815494393476045,0.012727272727272728,0.0,0.0027397260273972603
0.0004783926008611067,0.0,0.0012448132780082987,0.0018726591760299626,0.0010498687664041995
0.0004783926008611067,0.00815494393476045,0.0,0.0018726591760299626,0.0007446016381236039
0.0004783926008611067,0.00815494393476045,0.007407407407407408,0.0,0.005443234836702955
0.002515090543259557,0.0,0.0004914004914004914,0.0,0.005443234836702955
0.0004783926008611067,0.0,0.0,0.0,0.0010498687664041995
0.0004783926008611067,0.0069767441860465115,0.0,0.0010878433505575197,0.0010498687664041995
0.0004783926008611067,0.0,0.012727272727272728,0.004296455424274973,0.015337423312883436
0.015655577299412915,0.0,0.0,0.0018726591760299626,0.007099391480730223
0.0004783926008611067,0.0009532888465204957,0.0006265664160401002,0.0010878433505575197,0.0
0.002515090543259557,0.0,0.012727272727272728,0.0,0.0
0.0004783926008611067,0.00646551724137931,0.007407407407407408,0.004296455424274973,0.005443234836702955
0.002515090543259557,0.0,0.0,0.0,0.0012755102040816326
0.002515090543259557,0.0008269588587967748,0.0006265664160401002,0.0018726591760299626,0.005443234836702955
0.015655577299412915,0.0009532888465204957,0.00102880658436214,0.0010878433505575197,0.005443234836702955
0.0,0.00646551724137931,0.0,0.0,0.015337423312883436
0.0004783926008611067,0.0008269588587967748,0.0012448132780082987,0.0,0.005443234836702955
0.0004783926008611067,0.00815494393476045,0.007407407407407408,0.004296455424274973,0.005443234836702955
0.0004783926008611067,0.0,0.0,0.0018726591760299626,0.0010498687664041995
0.0,0.0009532888465204957,0.0006265664160401002,0.003134796238244514,0.0010498687664041995
0.0,0.00646551724137931,0.0012448132780082987,0.004296455424274973,0.0010498687664041995
0.002560819462227913,0.0008269588587967748,0.0004914004914004914,0.0010878433505575197,0.007099391480730223
0.0004783926008611067,0.0069767441860465115,0.0,0.0010878433505575197,0.005443234836702955
0.0004783926008611067,0.0,0.0,0.002,0.0007446016381236039
0.0004783926008611067,0.00815494393476045,0.0004914004914004914,0.004296455424274973,0.0010498687664041995
0.0004783926008611067,0.0,0.0,0.006829268292682927,0.005443234836702955
0.0,0.0069767441860465115,0.0,0.004296455424274973,0.0
0.0004783926008611067,0.01702127659574468,0.0,0.0010878433505575197,0.005443234836702955
0.0004783926008611067,0.0008269588587967748,0.004705882352941176,0.010514018691588784,0.0
0.002515090543259557,0.00646551724137931,0.0,0.006829268292682927,0.0010498687664041995
0.0,0.0008269588587967748,0.0012448132780082987,0.004296455424274973,0.03571428571428571
0.0004783926008611067,0.0008269588587967748,0.0004914004914004914,0.0,0.0017667844522968198
0.0,0.0008269588587967748,0.00102880658436214,0.0,0.0010498687664041995
0.0004783926008611067,0.0008269588587967748,0.0012448132780082987,0.0,0.0007446016381236039
0.0004783926008611067,0.0008269588587967748,0.007407407407407408,0.0,0.0010498687664041995
0.0004783926008611067,0.0008269588587967748,0.007407407407407408,0.0,0.0010498687664041995
0.0004783926008611067,0.0009532888465204957,0.0006265664160401002,0.0,0.0
0.015655577299412915,0.0009532888465204957,0.0,0.004296455424274973,0.0
0.0,0.0009532888465204957,0.0,0.0010878433505575197,0.0
0.0,0.00646551724137931,0.00102880658436214,0.006829268292682927,0.0017667844522968198
0.0004783926008611067,0.0009532888465204957,0.012727272727272728,0.0018726591760299626,0.005443234836702955
0.0,0.0008269588587967748,0.00102880658436214,0.0,0.0
0.002515090543259557,0.0008269588587967748,0.0012448132780082987,0.0,0.0010498687664041995
0.015655577299412915,0.00815494393476045,0.0,0.0,0.0010498687664041995
0.0004783926008611067,0.0,0.0012448132780082987,0.0,0.0
0.0004783926008611067,0.00815494393476045,0.004705882352941176,0.0010878433505575197,0.005443234836702955
0.0,0.0008269588587967748,0.0012448132780082987,0.002,0.005443234836702955
0.0004783926008611067,0.0009532888465204957,0.0006265664160401002,0.006829268292682927,0.0
0.0,0.0009532888465204957,0.0012448132780082987,0.0010878433505575197,0.0
0.0004783926008611067,0.0,0.0004914004914004914,0.006829268292682927,0.0012755102040816326
0.015655577299412915,0.0,0.0,0.0,0.007099391480730223
0.0,0.00815494393476045,0.0,0.0,0.0010498687664041995
0.0004783926008611067,0.0008269588587967748,0.00102880658436214,0.010514018691588784,0.0010498687664041995
0.0004783926008611067,0.0069767441860465115,0.007407407407407408,0.0018726591760299626,0.0
0.0004783926008611067,0.00646551724137931,0.0,0.002,0.0010498687664041995
0.002560819462227913,0.0,0.012727272727272728,0.0,0.007099391480730223
0.002515090543259557,0.0,0.0,0.0,0.0010498687664041995
0.0004783926008611067,0.0009532888465204957,0.0004914004914004914,0.0,0.0010498687664041995
0.0004783926008611067,0.025906735751295335,0.0,0.0018726591760299626,0.0010498687664041995
0.002560819462227913,0.0,0.0006265664160401002,0.004296455424274973,0.02258064516129032
0.006369426751592357,0.00646551724137931,0.0,0.0010878433505575197,0.007099391480730223
0.0,0.0,0.0004914004914004914,0.0,0.0
0.015655577299412915,0.00646551724137931,0.0006265664160401002,0.004296455424274973,0.015337423312883436
0.002515090543259557,0.0008269588587967748,0.0006265664160401002,0.0,0.015337423312883436
0.0004783926008611067,0.00646551724137931,0.0006265664160401002,0.0018726591760299626,0.0010498687664041995
0.0,0.0,0.0012448132780082987,0.0,0.0010498687664041995
0.0,0.0069767441860465115,0.0,0.004296455424274973,0.0
0.0004783926008611067,0.0,0.0012448132780082987,0.0,0.0
0.0004783926008611067,0.0069767441860465115,0.0,0.0,0.005443234836702955
0.0033613445378151263,0.0008269588587967748,0.007407407407407408,0.0010878433505575197,0.0010498687664041995
0.006369426751592357,0.0008269588587967748,0.0006265664160401002,0.0,0.0
0.0004783926008611067,0.0009532888465204957,0.0,0.0,0.005443234836702955
0.0004783926008611067,0.0008269588587967748,0.0004914004914004914,0.0,0.0010498687664041995
0.0004783926008611067,0.0,0.007407407407407408,0.0010878433505575197,0.007099391480730223
0.002515090543259557,0.0,0.0,0.0,0.005443234836702955
0.0004783926008611067,0.0,0.0,0.006829268292682927,0.0
0.0,0.0,0.0012448132780082987,0.0010878433505575197,0.007099391480730223
0.002515090543259557,0.0069767441860465115,0.004705882352941176,0.004296455424274973,0.005443234836702955
0.0004783926008611067,0.0069767441860465115,0.0012448132780082987,0.0,0.007099391480730223
0.006369426751592357,0.0008269588587967748,0.0004914004914004914,0.006829268292682927,0.0007446016381236039
0.002560819462227913,0.0,0.0012448132780082987,0.0010878433505575197,0.005443234836702955
0.0,0.0008269588587967748,0.0004914004914004914,0.004296455424274973,0.0007446016381236039
0.002515090543259557,0.0009532888465204957,0.0012448132780082987,0.004296455424274973,0.0017667844522968198
0.002515090543259557,0.0008269588587967748,0.0,0.0,0.005443234836702955
0.0,0.0008269588587967748,0.0012448132780082987,0.0010878433505575197,0.0012755102040816326
0.002515090543259557,0.0,0.0006265664160401002,0.0010878433505575197,0.0010498687664041995
0.002515090543259557,0.0,0.0,0.0010878433505575197,0.0010498687664041995
0.0004783926008611067,0.0008269588587967748,0.0,0.0010878433505575197,0.0
0.0004783926008611067,0.0,0.00102880658436214,0.0010878433505575197,0.0010498687664041995
0.002515090543259557,0.00646551724137931,0.0,0.0,0.0012755102040816326
0.0004783926008611067,0.0008269588587967748,0.0006265664160401002,0.0010878433505575197,0.0
0.002515090543259557,0.0009532888465204957,0.004705882352941176,0.006829268292682927,0.0007446016381236039
0.0004783926008611067,0.0,0.0012448132780082987,0.0,0.0
0.0,0.0009532888465204957,0.0,0.002,0.0
0.0,0.0,0.012727272727272728,0.0018726591760299626,0.0
0.0,0.0,0.012727272727272728,0.0010878433505575197,0.007099391480730223
0.0004783926008611067,0.0,0.007407407407407408,0.0,0.007099391480730223
0.002560819462227913,0.0,0.012727272727272728,0.010514018691588784,0.0010498687664041995
0.0,0.0,0.0012448132780082987,0.004296455424274973,0.0
0.0,0.01702127659574468,0.022857142857142857,0.006829268292682927,0.0010498687664041995
0.0,0.01702127659574468,0.0004914004914004914,0.0010878433505575197,0.015337423312883436
0.002515090543259557,0.0009532888465204957,0.007407407407407408,0.0018726591760299626,0.0
0.002560819462227913,0.0008269588587967748,0.0012448132780082987,0.0010878433505575197,0.0
0.0004783926008611067,0.0069767441860465115,0.0004914004914004914,0.0,0.0
0.0004783926008611067,0.0008269588587967748,0.004705882352941176,0.002,0.005443234836702955
0.0033613445378151263,0.0,0.0,0.0010878433505575197,0.0
0.002515090543259557,0.0009532888465204957,0.0006265664160401002,0.0010878433505575197,0.0
0.0004783926008611067,0.0008269588587967748,0.0004914004914004914,0.0,0.0012755102040816326
0.0004783926008611067,0.0,0.0004914004914004914,0.0010878433505575197,0.0
0.0,0.0,0.0,0.002,0.0
0.0004783926008611067,0.0,0.0006265664160401002,0.0,0.0
0.006369426751592357,0.00815494393476045,0.00102880658436214,0.004296455424274973,0.0
0.006369426751592357,0.0069767441860465115,0.0004914004914004914,0.006829268292682927,0.0007446016381236039
0.0004783926008611067,0.0008269588587967748,0.0,0.002,0.0012755102040816326
0.002515090543259557,0.01702127659574468,0.0004914004914004914,0.0,0.0027397260273972603
0.002560819462227913,0.0,0.00102880658436214,0.0010878433505575197,0.0010498687664041995
0.0004783926008611067,0.00815494393476045,0.0,0.0010878433505575197,0.0010498687664041995
0.002560819462227913,0.0,0.0012448132780082987,0.0010878433505575197,0.0010498687664041995
0.002515090543259557,0.0069767441860465115,0.00102880658436214,0.0010878433505575197,0.0010498687664041995
0.0,0.0008269588587967748,0.00102880658436214,0.010514018691588784,0.0012755102040816326
0.0,0.0008269588587967748,0.007407407407407408,0.0018726591760299626,0.0010498687664041995
0.0004783926008611067,0.0,0.0004914004914004914,0.0010878433505575197,0.0
0.0033613445378151263,0.0009532888465204957,0.007407407407407408,0.0,0.0010498687664041995
0.0004783926008611067,0.0,0.0,0.0010878433505575197,0.0010498687664041995
0.0,0.01702127659574468,0.0004914004914004914,0.0010878433505575197,0.007099391480730223
0.002515090543259557,0.0,0.00102880658436214,0.0,0.005443234836702955
0.0,0.0008269588587967748,0.0012448132780082987,0.0273972602739726,0.0027397260273972603
0.002515090543259557,0.00815494393476045,0.00102880658436214,0.004296455424274973,0.0010498687664041995
0.0004783926008611067,0.0008269588587967748,0.0012448132780082987,0.006829268292682927,0.0012755102040816326
0.0004783926008611067,0.0008269588587967748,0.0,0.0,0.005443234836702955
0.0004783926008611067,0.0008269588587967748,0.0004914004914004914,0.0010878433505575197,0.0
0.006369426751592357,0.0,0.00102880658436214,0.0018726591760299626,0.0
0.0,0.0008269588587967748,0.0012448132780082987,0.0,0.0010498687664041995
0.0033613445378151263,0.0069767441860465115,0.0,0.0,0.0010498687664041995
0.0,0.0,0.0006265664160401002,0.010514018691588784,0.0010498687664041995
0.002515090543259557,0.0008269588587967748,0.0012448132780082987,0.0010878433505575197,0.0
0.0004783926008611067,0.0069767441860465115,0.00102880658436214,0.0010878433505575197,0.0
0.002515090543259557,0.0,0.0,0.0010878433505575197,0.0010498687664041995
0.002515090543259557,0.0008269588587967748,0.007407407407407408,0.0010878433505575197,0.007099391480730223
0.0004783926008611067,0.0,0.0004914004914004914,0.010514018691588784,0.0010498687664041995
0.0004783926008611067,0.0008269588587967748,0.0006265664160401002,0.006829268292682927,0.0
0.015655577299412915,0.0008269588587967748,0.0,0.0,0.0010498687664041995
0.0004783926008611067,0.0009532888465204957,0.0004914004914004914,0.0,0.015337423312883436
0.0004783926008611067,0.0008269588587967748,0.0004914004914004914,0.006829268292682927,0.007099391480730223
0.0033613445378151263,0.0008269588587967748,0.0,0.004296455424274973,0.0010498687664041995
0.006369426751592357,0.0,0.0,0.0010878433505575197,0.0007446016381236039
0.002560819462227913,0.0008269588587967748,0.00102880658436214,0.0010878433505575197,0.0010498687664041995
0.0033613445378151263,0.0,0.0006265664160401002,0.0,0.02258064516129032
0.0,0.0008269588587967748,0.0012448132780082987,0.010514018691588784,0.0010498687664041995
0.0,0.0,0.0,0.0010878433505575197,0.0010498687664041995
0.0004783926008611067,0.0,0.007407407407407408,0.010514018691588784,0.0
0.002515090543259557,0.025906735751295335,0.007407407407407408,0.0010878433505575197,0.005443234836702955
0.0004783926008611067,0.0,0.0,0.0010878433505575197,0.0010498687664041995
0.0004783926008611067,0.0008269588587967748,0.0,0.006829268292682927,0.0
0.002515090543259557,0.0,0.007407407407407408,0.0,0.0010498687664041995
0.006369426751592357,0.0,0.0004914004914004914,0.0,0.0
0.0004783926008611067,0.0,0.007407407407407408,0.004296455424274973,0.0
0.015655577299412915,0.0,0.0004914004914004914,0.0018726591760299626,0.0010498687664041995
0.002515090543259557,0.0,0.004705882352941176,0.0,0.0010498687664041995
0.002515090543259557,0.00815494393476045,0.0004914004914004914,0.0010878433505575197,0.0010498687664041995
0.002560819462227913,0.0009532888465204957,0.0004914004914004914,0.0,0.007099391480730223
0.002560819462227913,0.0008269588587967748,0.007407407407407408,0.0010878433505575197,0.0010498687664041995
0.0004783926008611067,0.0008269588587967748,0.0,0.004296455424274973,0.03571428571428571
0.0004783926008611067,0.0009532888465204957,0.0012448132780082987,0.004296455424274973,0.005443234836702955
0.0004783926008611067,0.0008269588587967748,0.0004914004914004914,0.0010878433505575197,0.005443234836702955
0.002515090543259557,0.0008269588587967748,0.0006265664160401002,0.0,0.0
0.0,0.0009532888465204957,0.0012448132780082987,0.0010878433505575197,0.0
0.0004783926008611067,0.0,0.0006265664160401002,0.006829268292682927,0.0
0.002515090543259557,0.00646551724137931,0.0004914004914004914,0.004296455424274973,0.0010498687664041995
0.0,0.0,0.046511627906976744,0.0018726591760299626,0.0010498687664041995
0.0033613445378151263,0.0008269588587967748,0.0012448132780082987,0.0,0.0
0.002515090543259557,0.00646551724137931,0.0,0.0,0.0007446016381236039
0.0,0.0069767441860465115,0.0006265664160401002,0.004296455424274973,0.0
0.0,0.00646551724137931,0.0004914004914004914,0.0,0.0007446016381236039
0.0004783926008611067,0.0,0.0,0.0,0.0010498687664041995
0.0004783926008611067,0.0008269588587967748,0.0,0.0,0.0
0.0,0.01702127659574468,0.0,0.006829268292682927,0.015337423312883436
0.0,0.00815494393476045,0.0,0.0010878433505575197,0.0010498687664041995
0.0004783926008611067,0.0,0.0004914004914004914,0.006829268292682927,0.007099391480730223
0.0004783926008611067,0.0008269588587967748,0.0,0.0010878433505575197,0.005443234836702955
0.0,0.0008269588587967748,0.0012448132780082987,0.0010878433505575197,0.0010498687664041995
0.0004783926008611067,0.00815494393476045,0.0,0.0,0.005443234836702955
0.002515090543259557,0.025906735751295335,0.0,0.0,0.0
0.006369426751592357,0.0008269588587967748,0.0,0.0010878433505575197,0.0010498687664041995
0.0004783926008611067,0.0009532888465204957,0.0004914004914004914,0.0018726591760299626,0.0007446016381236039
0.0,0.0008269588587967748,0.0,0.0010878433505575197,0.0
0.002560819462227913,0.0008269588587967748,0.0012448132780082987,0.0010878433505575197,0.0007446016381236039
0.0004783926008611067,0.0008269588587967748,0.00102880658436214,0.0018726591760299626,0.007099391480730223
0.0004783926008611067,0.01702127659574468,0.0,0.0010878433505575197,0.0
0.002515090543259557,0.0009532888465204957,0.0,0.0,0.015337423312883436
0.0,0.0069767441860465115,0.0,0.0010878433505575197,0.0
0.0004783926008611067,0.00646551724137931,0.012727272727272728,0.010514018691588784,0.0007446016381236039
0.002515090543259557,0.0008269588587967748,0.0,0.0018726591760299626,0.02258064516129032
0.015655577299412915,0.025906735751295335,0.0,0.0010878433505575197,0.0
0.0,0.00646551724137931,0.007407407407407408,0.0018726591760299626,0.0010498687664041995
0.015655577299412915,0.00646551724137931,0.0,0.0,0.0007446016381236039
0.0004783926008611067,0.0,0.0004914004914004914,0.0010878433505575197,0.0012755102040816326
0.0004783926008611067,0.0,0.007407407407407408,0.0,0.005443234836702955
0.0004783926008611067,0.0008269588587967748,0.0,0.0,0.005443234836702955
0.0004783926008611067,0.0008269588587967748,0.022857142857142857,0.004296455424274973,0.005443234836702955
0.002515090543259557,0.01702127659574468,0.007407407407407408,0.0018726591760299626,0.007099391480730223
0.0,0.0008269588587967748,0.0,0.004296455424274973,0.0010498687664041995
0.002515090543259557,0.0009532888465204957,0.0004914004914004914,0.0010878433505575197,0.0
0.0,0.0,0.0004914004914004914,0.0010878433505575197,0.0012755102040816326
0.015655577299412915,0.00646551724137931,0.0012448132780082987,0.0,0.007099391480730223
0.0,0.0,0.0,0.0018726591760299626,0.02258064516129032
0.0033613445378151263,0.0008269588587967748,0.0012448132780082987,0.0010878433505575197,0.0007446016381236039
0.0004783926008611067,0.0,0.0,0.0,0.0010498687664041995
0.0004783926008611067,0.0008269588587967748,0.0004914004914004914,0.006829268292682927,0.0010498687664041995
0.002515090543259557,0.0008269588587967748,0.004705882352941176,0.0010878433505575197,0.015337423312883436
0.0004783926008611067,0.0,0.007407407407407408,0.002,0.0010498687664041995
0.0,0.0,0.0006265664160401002,0.0,0.015337423312883436
0.0004783926008611067,0.0069767441860465115,0.0004914004914004914,0.0,0.0007446016381236039
0.0004783926008611067,0.00646551724137931,0.00102880658436214,0.0010878433505575197,0.0012755102040816326
0.0004783926008611067,0.0008269588587967748,0.0012448132780082987,0.0,0.0010498687664041995
0.0,0.0008269588587967748,0.0004914004914004914,0.004296455424274973,0.0007446016381236039
0.0,0.0008269588587967748,0.0,0.0,0.0
0.0004783926008611067,0.0,0.004705882352941176,0.0010878433505575197,0.0010498687664041995
0.0004783926008611067,0.0,0.00102880658436214,0.006829268292682927,0.0
0.002515090543259557,0.0,0.004705882352941176,0.0,0.007099391480730223
0.0,0.0008269588587967748,0.0,0.006829268292682927,0.0
0.0,0.0,0.0012448132780082987,0.004296455424274973,0.0
0.0004783926008611067,0.01702127659574468,0.00102880658436214,0.0010878433505575197,0.015337423312883436
0.015655577299412915,0.0008269588587967748,0.0,0.004296455424274973,0.02258064516129032
0.002515090543259557,0.0,0.0006265664160401002,0.0,0.0027397260273972603
0.0004783926008611067,0.0,0.0012448132780082987,0.010514018691588784,0.0027397260273972603
0.0004783926008611067,0.0009532888465204957,0.0012448132780082987,0.004296455424274973,0.0010498687664041995
0.015655577299412915,0.0008269588587967748,0.0,0.0,0.005443234836702955
0.0004783926008611067,0.00815494393476045,0.0012448132780082987,0.0010878433505575197,0.0
0.0,0.0,0.007407407407407408,0.0010878433505575197,0.0012755102040816326
0.0004783926008611067,0.0,0.0012448132780082987,0.0,0.0010498687664041995
0.0004783926008611067,0.0009532888465204957,0.0012448132780082987,0.003134796238244514,0.0010498687664041995
0.002560819462227913,0.0,0.0006265664160401002,0.004296455424274973,0.0010498687664041995
0.006369426751592357,0.00646551724137931,0.0004914004914004914,0.0,0.0
0.02857142857142857,0.0,0.0006265664160401002,0.004296455424274973,0.0007446016381236039
0.0033613445378151263,0.0,0.0,0.006206398549938926,0.0
0.0004783926008611067,0.0,0.0,0.0,0.0010498687664041995
0.0004783926008611067,0.0008269588587967748,0.007407407407407408,0.004296455424274973,0.0012755102040816326
0.0004783926008611067,0.0069767441860465115,0.0006265664160401002,0.003134796238244514,0.0
0.0,0.0,0.007407407407407408,0.0,0.0010498687664041995
0.002515090543259557,0.0008269588587967748,0.0006265664160401002,0.0,0.0010498687664041995
0.0004783926008611067,0.0,0.0,0.0273972602739726,0.0
0.002515090543259557,0.0,0.0004914004914004914,0.006829268292682927,0.11538461538461539
0.0004783926008611067,0.0009532888465204957,0.0012448132780082987,0.0010878433505575197,0.0010498687664041995
0.0004783926008611067,0.0008269588587967748,0.007407407407407408,0.0010878433505575197,0.0
0.0,0.0,0.0006265664160401002,0.0,0.0010498687664041995
0.0004783926008611067,0.0069767441860465115,0.0004914004914004914,0.0010878433505575197,0.005443234836702955
0.0004783926008611067,0.0,0.0,0.010514018691588784,0.0010498687664041995
0.0,0.0008269588587967748,0.0,0.0,0.0010498687664041995
0.0,0.0008269588587967748,0.022857142857142857,0.0,0.0
0.002515090543259557,0.0,0.0006265664160401002,0.0018726591760299626,0.005443234836702955
0.0,0.0,0.0,0.0,0.02258064516129032
0.0,0.0008269588587967748,0.012727272727272728,0.0,0.02258064516129032
0.0004783926008611067,0.0,0.0,0.0010878433505575197,0.005443234836702955
0.0,0.0,0.0,0.0010878433505575197,0.0
0.0004783926008611067,0.0008269588587967748,0.0012448132780082987,0.0,0.007099391480730223
0.0004783926008611067,0.0,0.0012448132780082987,0.0010878433505575197,0.0
0.0004783926008611067,0.00646551724137931,0.012727272727272728,0.002,0.015337423312883436
0.0004783926008611067,0.0,0.0004914004914004914,0.0010878433505575197,0.0012755102040816326
0.0033613445378151263,0.0008269588587967748,0.0,0.0010878433505575197,0.0
0.0,0.0008269588587967748,0.0012448132780082987,0.0010878433505575197,0.0010498687664041995
0.0004783926008611067,0.0008269588587967748,0.0012448132780082987,0.0,0.005443234836702955
0.0,0.0008269588587967748,0.007407407407407408,0.0010878433505575197,0.015337423312883436
0.0,0.0009532888465204957,0.012727272727272728,0.0,0.005443234836702955
0.015655577299412915,0.0009532888465204957,0.0,0.0010878433505575197,0.0012755102040816326
0.002560819462227913,0.00815494393476045,0.0,0.0010878433505575197,0.0010498687664041995
0.0,0.0,0.0012448132780082987,0.0010878433505575197,0.0
0.0004783926008611067,0.00815494393476045,0.0004914004914004914,0.0,0.0007446016381236039
0.0004783926008611067,0.00815494393476045,0.00102880658436214,0.004296455424274973,0.0012755102040816326
0.002515090543259557,0.0009532888465204957,0.004705882352941176,0.0,0.007099391480730223
0.015655577299412915,0.0,0.010050251256281407,0.0,0.0
0.0033613445378151263,0.0008269588587967748,0.00102880658436214,0.0,0.005443234836702955
0.0004783926008611067,0.0,0.00102880658436214,0.0,0.007099391480730223
0.0,0.0,0.007407407407407408,0.0018726591760299626,0.0027397260273972603
0.0033613445378151263,0.0008269588587967748,0.0012448132780082987,0.0,0.0010498687664041995
0.0004783926008611067,0.0069767441860465115,0.0,0.0018726591760299626,0.005443234836702955
0.015655577299412915,0.0,0.0,0.0,0.0
0.002515090543259557,0.00815494393476045,0.0006265664160401002,0.0,0.02258064516129032
0.0004783926008611067,0.0,0.0,0.0010878433505575197,0.0012755102040816326
0.006369426751592357,0.0,0.0012448132780082987,0.004296455424274973,0.007099391480730223
0.0004783926008611067,0.00646551724137931,0.007407407407407408,0.0,0.005443234836702955
0.0004783926008611067,0.0008269588587967748,0.0006265664160401002,0.0010878433505575197,0.0010498687664041995
0.0,0.00646551724137931,0.00102880658436214,0.0010878433505575197,0.0010498687664041995
0.002515090543259557,0.00815494393476045,0.0006265664160401002,0.0010878433505575197,0.007099391480730223
0.0004783926008611067,0.00646551724137931,0.0,0.006829268292682927,0.0010498687664041995
0.0004783926008611067,0.0,0.0004914004914004914,0.004296455424274973,0.0027397260273972603
0.0,0.0008269588587967748,0.012727272727272728,0.0010878433505575197,0.007099391480730223
0.0004783926008611067,0.0009532888465204957,0.0,0.004296455424274973,0.0010498687664041995
0.0004783926008611067,0.0008269588587967748,0.0,0.0010878433505575197,0.0007446016381236039
0.0004783926008611067,0.0,0.0,0.0010878433505575197,0.0010498687664041995
0.05,0.0008269588587967748,0.0012448132780082987,0.010514018691588784,0.0012755102040816326
0.0004783926008611067,0.00646551724137931,0.007407407407407408,0.0010878433505575197,0.0010498687664041995
0.0004783926008611067,0.00646551724137931,0.0012448132780082987,0.0010878433505575197,0.0
0.006369426751592357,0.0,0.0006265664160401002,0.0,0.0010498687664041995
0.0004783926008611067,0.0008269588587967748,0.0,0.010514018691588784,0.0010498687664041995
0.015655577299412915,0.0008269588587967748,0.007407407407407408,0.0,0.0
0.002515090543259557,0.0009532888465204957,0.0006265664160401002,0.006829268292682927,0.0007446016381236039
0.0004783926008611067,0.0,0.0004914004914004914,0.0,0.007099391480730223
0.015655577299412915,0.0008269588587967748,0.0012448132780082987,0.004296455424274973,0.0012755102040816326
0.015655577299412915,0.0,0.007407407407407408,0.010514018691588784,0.0
0.0004783926008611067,0.00815494393476045,0.0006265664160401002,0.0,0.005443234836702955
0.0004783926008611067,0.0008269588587967748,0.0,0.0,0.005443234836702955
0.0004783926008611067,0.01702127659574468,0.0012448132780082987,0.002,0.0010498687664041995
0.0,0.01702127659574468,0.0,0.0010878433505575197,0.0
0.0,0.0009532888465204957,0.0006265664160401002,0.010514018691588784,0.007099391480730223
0.0004783926008611067,0.0,0.0,0.0,0.0
0.0,0.0,0.012727272727272728,0.0,0.0
0.002515090543259557,0.0008269588587967748,0.007407407407407408,0.010514018691588784,0.0027397260273972603
0.002515090543259557,0.0009532888465204957,0.0004914004914004914,0.004296455424274973,0.0
0.006369426751592357,0.00646551724137931,0.0012448132780082987,0.0010878433505575197,0.0012755102040816326
0.0,0.00815494393476045,0.0012448132780082987,0.0010878433505575197,0.007099391480730223
0.0004783926008611067,0.00646551724137931,0.0006265664160401002,0.0,0.0010498687664041995
0.0004783926008611067,0.0008269588587967748,0.0,0.0,0.0010498687664041995
0.0004783926008611067,0.0069767441860465115,0.0004914004914004914,0.0,0.0
0.0033613445378151263,0.025906735751295335,0.0006265664160401002,0.0,0.0017667844522968198
0.002560819462227913,0.0008269588587967748,0.0006265664160401002,0.0010878433505575197,0.0
0.002515090543259557,0.0008269588587967748,0.00102880658436214,0.0,0.005443234836702955
0.0004783926008611067,0.0,0.0004914004914004914,0.004296455424274973,0.0007446016381236039
0.0004783926008611067,0.00815494393476045,0.00102880658436214,0.0,0.0
0.0004783926008611067,0.0008269588587967748,0.0004914004914004914,0.0010878433505575197,0.007099391480730223
0.0,0.00646551724137931,0.0004914004914004914,0.010514018691588784,0.007099391480730223
0.0,0.0,0.007407407407407408,0.004296455424274973,0.0010498687664041995
0.0004783926008611067,0.00646551724137931,0.0012448132780082987,0.0,0.007099391480730223
0.002515090543259557,0.0,0.0,0.0,0.007099391480730223
0.0004783926008611067,0.00646551724137931,0.00102880658436214,0.0,0.007099391480730223
0.0,0.0,0.0012448132780082987,0.0,0.0027397260273972603
0.0,0.0008269588587967748,0.0,0.0018726591760299626,0.0010498687664041995
0.0004783926008611067,0.00646551724137931,0.0012448132780082987,0.0,0.0
0.0,0.0,0.0004914004914004914,0.0,0.0012755102040816326
0.0,0.0,0.0012448132780082987,0.010514018691588784,0.005443234836702955
0.002515090543259557,0.0009532888465204957,0.007407407407407408,0.0010878433505575197,0.0007446016381236039
0.0004783926008611067,0.0069767441860465115,0.0,0.0018726591760299626,0.015337423312883436
0.0004783926008611067,0.00646551724137931,0.0,0.0018726591760299626,0.0010498687664041995
0.0004783926008611067,0.0069767441860465115,0.0006265664160401002,0.004296455424274973,0.0
0.002560819462227913,0.0008269588587967748,0.0,0.004296455424274973,0.0010498687664041995
0.0004783926008611067,0.0,0.0004914004914004914,0.006829268292682927,0.0
0.0004783926008611067,0.0008269588587967748,0.007407407407407408,0.0,0.0010498687664041995
0.0004783926008611067,0.0,0.012727272727272728,0.0,0.11538461538461539
0.0004783926008611067,0.0008269588587967748,0.0006265664160401002,0.004296455424274973,0.0
0.0,0.0008269588587967748,0.007407407407407408,0.0,0.0007446016381236039
0.002515090543259557,0.0,0.007407407407407408,0.004296455424274973,0.0010498687664041995
0.0004783926008611067,0.00815494393476045,0.022857142857142857,0.0010878433505575197,0.0
0.015655577299412915,0.0,0.012727272727272728,0.0,0.007099391480730223
0.002515090543259557,0.0069767441860465115,0.0,0.0,0.0027397260273972603
0.0004783926008611067,0.0,0.0006265664160401002,0.0018726591760299626,0.0010498687664041995
0.0004783926008611067,0.01702127659574468,0.0012448132780082987,0.0,0.0010498687664041995
0.002515090543259557,0.0008269588587967748,0.046511627906976744,0.0,0.015337423312883436
0.0004783926008611067,0.00646551724137931,0.0004914004914004914,0.0010878433505575197,0.0010498687664041995
0.05,0.0,0.0,0.0,0.005443234836702955
0.0004783926008611067,0.0008269588587967748,0.0004914004914004914,0.010514018691588784,0.0010498687664041995
0.0,0.0,0.0,0.006829268292682927,0.0010498687664041995
0.0004783926008611067,0.00646551724137931,0.0004914004914004914,0.0010878433505575197,0.03571428571428571
0.015655577299412915,0.0,0.0,0.010514018691588784,0.0010498687664041995
0.0,0.0008269588587967748,0.0,0.0010878433505575197,0.0010498687664041995
0.0,0.0008269588587967748,0.0006265664160401002,0.0,0.0
0.015655577299412915,0.0,0.0012448132780082987,0.0018726591760299626,0.005443234836702955
0.0,0.0009532888465204957,0.007407407407407408,0.0018726591760299626,0.0010498687664041995
0.0004783926008611067,0.00815494393476045,0.0004914004914004914,0.0010878433505575197,0.0010498687664041995
0.015655577299412915,0.0069767441860465115,0.0006265664160401002,0.0,0.005443234836702955
0.0004783926008611067,0.0,0.007407407407407408,0.0010878433505575197,0.005443234836702955
0.0004783926008611067,0.0008269588587967748,0.0,0.010514018691588784,0.0010498687664041995
0.0004783926008611067,0.0,0.0006265664160401002,0.0,0.0012755102040816326
0.006369426751592357,0.0008269588587967748,0.007407407407407408,0.0010878433505575197,0.0
0.002515090543259557,0.0008269588587967748,0.004705882352941176,0.0,0.015337423312883436
0.002515090543259557,0.0,0.0,0.002,0.015337423312883436
0.002515090543259557,0.00646551724137931,0.0,0.010514018691588784,0.0012755102040816326
0.0,0.0,0.0,0.0010878433505575197,0.0010498687664041995
0.0,0.00646551724137931,0.010050251256281407,0.0,0.015337423312883436
0.002515090543259557,0.0,0.00102880658436214,0.0010878433505575197,0.005443234836702955
0.0004783926008611067,0.0008269588587967748,0.0,0.0,0.0
0.0004783926008611067,0.0008269588587967748,0.0,0.0010878433505575197,0.0
0.006369426751592357,0.00646551724137931,0.0012448132780082987,0.0,0.0010498687664041995
0.0004783926008611067,0.00646551724137931,0.0012448132780082987,0.0,0.0010498687664041995
0.0004783926008611067,0.00815494393476045,0.00102880658436214,0.0,0.015337423312883436
0.0004783926008611067,0.0,0.0,0.004296455424274973,0.0
0.0,0.0009532888465204957,0.0006265664160401002,0.0018726591760299626,0.0007446016381236039
0.0,0.0,0.00102880658436214,0.0,0.0
0.0004783926008611067,0.0,0.0,0.0,0.0
0.002515090543259557,0.0008269588587967748,0.0012448132780082987,0.0010878433505575197,0.0010498687664041995
0.0004783926008611067,0.0,0.0,0.003134796238244514,0.0007446016381236039
0.0004783926008611067,0.0009532888465204957,0.0012448132780082987,0.006829268292682927,0.007099391480730223
0.0004783926008611067,0.0008269588587967748,0.007407407407407408,0.010514018691588784,0.0010498687664041995
0.0,0.00815494393476045,0.0012448132780082987,0.0,0.0007446016381236039
0.0,0.0008269588587967748,0.0,0.0,0.0017667844522968198
0.002515090543259557,0.0008269588587967748,0.0,0.010514018691588784,0.0010498687664041995
0.015655577299412915,0.0,0.0012448132780082987,0.0010878433505575197,0.0
0.0004783926008611067,0.0,0.0,0.006829268292682927,0.0
0.0004783926008611067,0.0,0.0,0.0018726591760299626,0.0027397260273972603
0.0004783926008611067,0.00815494393476045,0.0012448132780082987,0.0,0.0
0.0,0.0,0.0012448132780082987,0.0010878433505575197,0.0010498687664041995
0.0004783926008611067,0.0008269588587967748,0.012727272727272728,0.0,0.0010498687664041995
0.0033613445378151263,0.0009532888465204957,0.0004914004914004914,0.003134796238244514,0.0
0.002515090543259557,0.0008269588587967748,0.0,0.0,0.0
0.0,0.0008269588587967748,0.0004914004914004914,0.0010878433505575197,0.0010498687664041995
0.0,0.0008269588587967748,0.0006265664160401002,0.003134796238244514,0.0010498687664041995
0.0,0.0,0.0012448132780082987,0.004296455424274973,0.015337423312883436
0.0,0.0,0.007407407407407408,0.0010878433505575197,0.0
0.0004783926008611067,0.0008269588587967748,0.0006265664160401002,0.006829268292682927,0.0010498687664041995
0.0,0.0,0.0004914004914004914,0.0,0.005443234836702955
0.002515090543259557,0.00815494393476045,0.0,0.010514018691588784,0.0010498687664041995
0.002560819462227913,0.01702127659574468,0.0,0.004296455424274973,0.0
0.0,0.0008269588587967748,0.0006265664160401002,0.0,0.0017667844522968198
0.0004783926008611067,0.025906735751295335,0.0004914004914004914,0.002,0.0010498687664041995
0.002515090543259557,0.0008269588587967748,0.0,0.010514018691588784,0.005443234836702955
0.03225806451612903,0.0008269588587967748,0.0004914004914004914,0.0018726591760299626,0.0027397260273972603
0.006369426751592357,0.0,0.00102880658436214,0.0,0.007099391480730223
0.0,0.0008269588587967748,0.0006265664160401002,0.004296455424274973,0.005443234836702955
0.002515090543259557,0.0,0.010050251256281407,0.004296455424274973,0.0
0.0004783926008611067,0.0009532888465204957,0.00102880658436214,0.006829268292682927,0.0007446016381236039
0.002515090543259557,0.0008269588587967748,0.0,0.006829268292682927,0.007099391480730223
0.0004783926008611067,0.0008269588587967748,0.0006265664160401002,0.010514018691588784,0.0010498687664041995
0.0,0.0,0.0012448132780082987,0.0010878433505575197,0.005443234836702955
0.002515090543259557,0.0008269588587967748,0.0006265664160401002,0.0,0.0
0.0004783926008611067,0.0,0.0,0.006829268292682927,0.0
0.002515090543259557,0.0,0.0004914004914004914,0.002,0.0
0.0,0.0,0.0006265664160401002,0.0,0.007099391480730223
0.0,0.0008269588587967748,0.0,0.010514018691588784,0.0012755102040816326
0.0,0.0,0.0,0.0,0.0010498687664041995
0.0004783926008611067,0.0069767441860465115,0.007407407407407408,0.0018726591760299626,0.0
0.0,0.0,0.007407407407407408,0.010514018691588784,0.0012755102040816326
0.03225806451612903,0.0009532888465204957,0.0,0.0010878433505575197,0.0
0.0004783926008611067,0.0,0.0012448132780082987,0.006829268292682927,0.0010498687664041995
0.0004783926008611067,0.0,0.0012448132780082987,0.006829268292682927,0.0012755102040816326
0.0004783926008611067,0.0009532888465204957,0.0012448132780082987,0.0018726591760299626,0.0007446016381236039
0.0004783926008611067,0.0008269588587967748,0.0,0.006829268292682927,0.0012755102040816326
0.0,0.0008269588587967748,0.0004914004914004914,0.006829268292682927,0.0
0.015655577299412915,0.00815494393476045,0.0,0.0,0.0
0.0004783926008611067,0.0008269588587967748,0.0,0.0,0.0
0.0004783926008611067,0.0009532888465204957,0.0004914004914004914,0.010514018691588784,0.0010498687664041995
0.0004783926008611067,0.0,0.0,0.006829268292682927,0.0010498687664041995
0.0004783926008611067,0.0008269588587967748,0.0,0.010514018691588784,0.007099391480730223
0.0004783926008611067,0.0,0.0,0.0,0.0
0.0004783926008611067,0.0008269588587967748,0.0004914004914004914,0.0010878433505575197,0.0
0.0,0.00815494393476045,0.00102880658436214,0.0,0.007099391480730223
0.002515090543259557,0.0,0.0,0.010514018691588784,0.0007446016381236039
0.0004783926008611067,0.0008269588587967748,0.007407407407407408,0.004296455424274973,0.0
0.002515090543259557,0.0008269588587967748,0.0,0.0,0.0010498687664041995
0.0,0.0,0.0012448132780082987,0.004296455424274973,0.0
0.0004783926008611067,0.0,0.007407407407407408,0.0018726591760299626,0.0
0.0004783926008611067,0.01702127659574468,0.0,0.0,0.0010498687664041995
0.002515090543259557,0.0008269588587967748,0.007407407407407408,0.0018726591760299626,0.0010498687664041995
0.0004783926008611067,0.0008269588587967748,0.0,0.0,0.005443234836702955
0.0,0.0008269588587967748,0.0,0.0,0.015337423312883436
0.0004783926008611067,0.0008269588587967748,0.0004914004914004914,0.003134796238244514,0.007099391480730223
0.0004783926008611067,0.0,0.007407407407407408,0.0,0.0
0.002515090543259557,0.00815494393476045,0.007407407407407408,0.0010878433505575197,0.0
0.015655577299412915,0.0008269588587967748,0.0,0.006829268292682927,0.0
0.0,0.0009532888465204957,0.004705882352941176,0.0010878433505575197,0.0012755102040816326
0.002560819462227913,0.00815494393476045,0.010050251256281407,0.0,0.0010498687664041995
0.0,0.0,0.0006265664160401002,0.0018726591760299626,0.0
0.002515090543259557,0.0008269588587967748,0.0,0.0,0.0012755102040816326
0.0004783926008611067,0.0,0.012727272727272728,0.0018726591760299626,0.0
0.0004783926008611067,0.0069767441860465115,0.0006265664160401002,0.0018726591760299626,0.0007446016381236039
0.0,0.0,0.0,0.0010878433505575197,0.0010498687664041995
0.002515090543259557,0.0008269588587967748,0.0006265664160401002,0.006829268292682927,0.0
0.0004783926008611067,0.00815494393476045,0.0004914004914004914,0.0010878433505575197,0.0010498687664041995
0.0033613445378151263,0.1111111111111111,0.0012448132780082987,0.0,0.005443234836702955
0.0004783926008611067,0.0009532888465204957,0.0004914004914004914,0.0,0.005443234836702955
0.015655577299412915,0.0008269588587967748,0.0,0.0,0.0
0.002560819462227913,0.0,0.0004914004914004914,0.0010878433505575197,0.0007446016381236039
0.0004783926008611067,0.0009532888465204957,0.012727272727272728,0.0010878433505575197,0.0010498687664041995
0.0033613445378151263,0.0,0.007407407407407408,0.0010878433505575197,0.02258064516129032
0.0004783926008611067,0.01702127659574468,0.00102880658436214,0.002,0.0017667844522968198
0.0004783926008611067,0.0009532888465204957,0.00102880658436214,0.0,0.005443234836702955
0.002515090543259557,0.00646551724137931,0.0012448132780082987,0.0018726591760299626,0.0
0.0033613445378151263,0.0008269588587967748,0.0,0.0,0.0017667844522968198
0.0,0.0008269588587967748,0.004705882352941176,0.0010878433505575197,0.0
0.002515090543259557,0.00646551724137931,0.0,0.0,0.0
0.0,0.0008269588587967748,0.00102880658436214,0.0,0.0010498687664041995
0.015655577299412915,0.0,0.0006265664160401002,0.0010878433505575197,0.007099391480730223
0.0033613445378151263,0.0,0.007407407407407408,0.0,0.0010498687664041995
0.0,0.0008269588587967748,0.0,0.010514018691588784,0.0017667844522968198
0.015655577299412915,0.0009532888465204957,0.0,0.006829268292682927,0.015337423312883436
0.0,0.0009532888465204957,0.0,0.0,0.0
0.015655577299412915,0.0,0.007407407407407408,0.002,0.007099391480730223
0.0004783926008611067,0.0,0.00102880658436214,0.002,0.007099391480730223
0.0033613445378151263,0.0009532888465204957,0.0,0.010514018691588784,0.0
0.0033613445378151263,0.0,0.007407407407407408,0.0,0.0010498687664041995
0.0004783926008611067,0.0,0.0004914004914004914,0.004296455424274973,0.0
0.0004783926008611067,0.0008269588587967748,0.0004914004914004914,0.0,0.0
0.015655577299412915,0.0,0.0006265664160401002,0.010514018691588784,0.0010498687664041995
0.0004783926008611067,0.0009532888465204957,0.0,0.006829268292682927,0.0012755102040816326
0.05,0.0008269588587967748,0.0,0.004296455424274973,0.0007446016381236039
0.0,0.00646551724137931,0.0,0.002,0.0
0.0,0.0009532888465204957,0.0004914004914004914,0.0018726591760299626,0.0010498687664041995
0.0,0.0008269588587967748,0.0,0.0010878433505575197,0.0010498687664041995
0.0,0.0069767441860465115,0.0004914004914004914,0.004296455424274973,0.005443234836702955
0.0,0.0,0.007407407407407408,0.0018726591760299626,0.0010498687664041995
0.0004783926008611067,0.0008269588587967748,0.0,0.010514018691588784,0.0
0.0,0.00646551724137931,0.0004914004914004914,0.0,0.015337423312883436
0.006369426751592357,0.0,0.0012448132780082987,0.002,0.0010498687664041995
0.002515090543259557,0.0069767441860465115,0.0012448132780082987,0.004296455424274973,0.0017667844522968198
0.002515090543259557,0.0,0.0,0.004296455424274973,0.0
0.002515090543259557,0.0,0.0012448132780082987,0.0010878433505575197,0.0007446016381236039
0.0004783926008611067,0.00815494393476045,0.0,0.0010878433505575197,0.0
0.0,0.00646551724137931,0.0004914004914004914,0.0,0.0010498687664041995
0.002560819462227913,0.0069767441860465115,0.007407407407407408,0.0,0.0017667844522968198
0.002515090543259557,0.0008269588587967748,0.0,0.0,0.0012755102040816326
0.002515090543259557,0.0009532888465204957,0.0,0.0273972602739726,0.0
0.002560819462227913,0.0008269588587967748,0.0012448132780082987,0.004296455424274973,0.0010498687664041995
0.002515090543259557,0.0,0.0,0.0018726591760299626,0.0010498687664041995
0.0033613445378151263,0.0009532888465204957,0.0,0.0,0.02258064516129032
0.0,0.0008269588587967748,0.0012448132780082987,0.0018726591760299626,0.0010498687664041995
0.015655577299412915,0.0008269588587967748,0.007407407407407408,0.006829268292682927,0.0010498687664041995
0.0004783926008611067,0.0,0.0,0.002,0.007099391480730223
0.002515090543259557,0.0008269588587967748,0.022857142857142857,0.0,0.0
0.0004783926008611067,0.0,0.0012448132780082987,0.0,0.007099391480730223
0.0,0.00646551724137931,0.0006265664160401002,0.0,0.0
0.006369426751592357,0.0008269588587967748,0.0012448132780082987,0.0010878433505575197,0.0
0.0,0.0009532888465204957,0.0004914004914004914,0.003134796238244514,0.0010498687664041995
0.0004783926008611067,0.0009532888465204957,0.0,0.0,0.0
0.0004783926008611067,0.0008269588587967748,0.0012448132780082987,0.002,0.0007446016381236039
0.002560819462227913,0.00646551724137931,0.0,0.0,0.0010498687664041995
0.0004783926008611067,0.0,0.0004914004914004914,0.0010878433505575197,0.0010498687664041995
0.0,0.00646551724137931,0.0004914004914004914,0.0010878433505575197,0.0
0.0004783926008611067,0.00646551724137931,0.0012448132780082987,0.0010878433505575197,0.0007446016381236039
0.002560819462227913,0.0008269588587967748,0.0012448132780082987,0.004296455424274973,0.0010498687664041995
0.0004783926008611067,0.0,0.007407407407407408,0.006829268292682927,0.005443234836702955
0.0,0.0,0.0012448132780082987,0.0,0.0010498687664041995
0.002515090543259557,0.0008269588587967748,0.010050251256281407,0.0,0.0
0.0,0.0,0.0,0.0010878433505575197,0.02258064516129032
0.015655577299412915,0.0008269588587967748,0.0,0.0010878433505575197,0.0010498687664041995
0.0,0.0008269588587967748,0.007407407407407408,0.0,0.0010498687664041995
0.0,0.0009532888465204957,0.00102880658436214,0.0010878433505575197,0.0010498687664041995
0.002515090543259557,0.0,0.0012448132780082987,0.0010878433505575197,0.0017667844522968198
0.0,0.0069767441860465115,0.007407407407407408,0.004296455424274973,0.015337423312883436
0.006369426751592357,0.00815494393476045,0.0,0.010514018691588784,0.0017667844522968198
0.0004783926008611067,0.0008269588587967748,0.0004914004914004914,0.004296455424274973,0.0
0.002560819462227913,0.0008269588587967748,0.0004914004914004914,0.004296455424274973,0.0010498687664041995
0.0,0.0008269588587967748,0.0004914004914004914,0.0010878433505575197,0.0010498687664041995
0.0004783926008611067,0.00646551724137931,0.0006265664160401002,0.0010878433505575197,0.0
0.0004783926008611067,0.0008269588587967748,0.0012448132780082987,0.0,0.0012755102040816326
0.0004783926008611067,0.00646551724137931,0.0,0.0010878433505575197,0.0
0.03225806451612903,0.0009532888465204957,0.0012448132780082987,0.0010878433505575197,0.0010498687664041995
0.0004783926008611067,0.00646551724137931,0.0012448132780082987,0.0,0.007099391480730223
0.0004783926008611067,0.0,0.022857142857142857,0.002,0.0010498687664041995
0.002515090543259557,0.0008269588587967748,0.00102880658436214,0.0,0.0
0.0004783926008611067,0.0069767441860465115,0.0006265664160401002,0.0010878433505575197,0.0010498687664041995
0.0004783926008611067,0.0009532888465204957,0.0,0.0,0.0010498687664041995
0.015655577299412915,0.0008269588587967748,0.0,0.004296455424274973,0.03571428571428571
0.0004783926008611067,0.00646551724137931,0.0006265664160401002,0.0,0.0010498687664041995
0.0,0.0008269588587967748,0.007407407407407408,0.0018726591760299626,0.005443234836702955
0.0033613445378151263,0.0,0.0004914004914004914,0.0010878433505575197,0.0010498687664041995
0.0,0.0008269588587967748,0.0012448132780082987,0.004296455424274973,0.0010498687664041995
0.002515090543259557,0.0,0.012727272727272728,0.0010878433505575197,0.0010498687664041995
0.0,0.0008269588587967748,0.00102880658436214,0.0,0.0007446016381236039
0.0004783926008611067,0.0,0.0,0.004296455424274973,0.0010498687664041995
0.0004783926008611067,0.0008269588587967748,0.007407407407407408,0.0010878433505575197,0.0
0.002515090543259557,0.0009532888465204957,0.004705882352941176,0.0010878433505575197,0.0
0.0,0.0008269588587967748,0.0006265664160401002,0.0010878433505575197,0.0
0.0,0.0008269588587967748,0.0012448132780082987,0.0,0.0
0.0,0.0069767441860465115,0.007407407407407408,0.0,0.007099391480730223
0.002515090543259557,0.0008269588587967748,0.0004914004914004914,0.0,0.015337423312883436
0.0004783926008611067,0.0,0.00102880658436214,0.0010878433505575197,0.0
0.0004783926008611067,0.0009532888465204957,0.0012448132780082987,0.0,0.0
0.0004783926008611067,0.0009532888465204957,0.0012448132780082987,0.0,0.0
0.0004783926008611067,0.0,0.0,0.0,0.0
0.0,0.0008269588587967748,0.0006265664160401002,0.0,0.0
0.015655577299412915,0.0,0.0,0.004296455424274973,0.0
0.0,0.0008269588587967748,0.0012448132780082987,0.010514018691588784,0.015337423312883436
0.0004783926008611067,0.0,0.0004914004914004914,0.0018726591760299626,0.005443234836702955
0.0,0.0,0.00102880658436214,0.0,0.0
0.0004783926008611067,0.0008269588587967748,0.0006265664160401002,0.010514018691588784,0.0007446016381236039
0.0004783926008611067,0.00646551724137931,0.0,0.002,0.0
0.015655577299412915,0.0,0.0012448132780082987,0.0,0.005443234836702955
0.0,0.0,0.0012448132780082987,0.0018726591760299626,0.0017667844522968198
0.0,0.0009532888465204957,0.0,0.0010878433505575197,0.015337423312883436
0.006369426751592357,0.0,0.0004914004914004914,0.0,0.0
0.0004783926008611067,0.0009532888465204957,0.0,0.0010878433505575197,0.0
0.006369426751592357,0.0069767441860465115,0.0004914004914004914,0.0,0.0017667844522968198
0.0004783926008611067,0.0008269588587967748,0.0,0.006829268292682927,0.0010498687664041995
0.002515090543259557,0.0,0.007407407407407408,0.0010878433505575197,0.005443234836702955
0.002515090543259557,0.00646551724137931,0.012727272727272728,0.010514018691588784,0.005443234836702955
0.0004783926008611067,0.00815494393476045,0.0,0.0,0.0010498687664041995
0.002515090543259557,0.00646551724137931,0.0004914004914004914,0.0,0.0010498687664041995
0.0004783926008611067,0.0008269588587967748,0.0,0.0,0.0010498687664041995
0.002560819462227913,0.0,0.012727272727272728,0.0,0.0007446016381236039
0.0033613445378151263,0.0,0.0006265664160401002,0.0,0.0010498687664041995
0.0004783926008611067,0.0,0.0,0.0010878433505575197,0.0
0.015655577299412915,0.0008269588587967748,0.010050251256281407,0.0010878433505575197,0.0
0.002560819462227913,0.0008269588587967748,0.0004914004914004914,0.003134796238244514,0.005443234836702955
0.0004783926008611067,0.0009532888465204957,0.007407407407407408,0.0,0.0
0.0,0.0009532888465204957,0.0006265664160401002,0.0,0.0010498687664041995
0.0004783926008611067,0.0,0.007407407407407408,0.0010878433505575197,0.0
0.0004783926008611067,0.0008269588587967748,0.0004914004914004914,0.0,0.0
0.0004783926008611067,0.0008269588587967748,0.004705882352941176,0.0010878433505575197,0.0
0.002515090543259557,0.0,0.0006265664160401002,0.004296455424274973,0.0
0.015655577299412915,0.00646551724137931,0.0,0.0010878433505575197,0.0007446016381236039
0.0004783926008611067,0.0009532888465204957,0.0012448132780082987,0.0010878433505575197,0.005443234836702955
0.015655577299412915,0.0009532888465204957,0.0,0.0,0.015337423312883436
0.0004783926008611067,0.0008269588587967748,0.0012448132780082987,0.0010878433505575197,0.0007446016381236039
0.0,0.0009532888465204957,0.012727272727272728,0.0010878433505575197,0.0
0.0004783926008611067,0.00646551724137931,0.012727272727272728,0.004296455424274973,0.0
0.002515090543259557,0.0008269588587967748,0.0006265664160401002,0.0,0.0
0.0,0.0069767441860465115,0.010050251256281407,0.002,0.015337423312883436
0.002515090543259557,0.0008269588587967748,0.007407407407407408,0.0,0.0010498687664041995
0.0004783926008611067,0.0008269588587967748,0.0012448132780082987,0.0,0.0
0.002515090543259557,0.0,0.0,0.0010878433505575197,0.0
0.015655577299412915,0.0008269588587967748,0.0,0.0,0.0007446016381236039
0.006369426751592357,0.0,0.0,0.004296455424274973,0.0
0.002515090543259557,0.0009532888465204957,0.0,0.0,0.0012755102040816326
0.0,0.00815494393476045,0.007407407407407408,0.0010878433505575197,0.0027397260273972603
0.002560819462227913,0.0008269588587967748,0.0,0.006829268292682927,0.0012755102040816326
0.0004783926008611067,0.0008269588587967748,0.0004914004914004914,0.0,0.0
0.0004783926008611067,0.0008269588587967748,0.00102880658436214,0.0,0.015337423312883436
0.0004783926008611067,0.00815494393476045,0.0006265664160401002,0.0010878433505575197,0.015337423312883436
0.0004783926008611067,0.0009532888465204957,0.0004914004914004914,0.0010878433505575197,0.0010498687664041995
0.0004783926008611067,0.0008269588587967748,0.007407407407407408,0.0010878433505575197,0.0027397260273972603
0.0033613445378151263,0.0,0.0,0.0018726591760299626,0.0
0.0,0.0008269588587967748,0.012727272727272728,0.0010878433505575197,0.0010498687664041995
0.0004783926008611067,0.00815494393476045,0.0012448132780082987,0.006829268292682927,0.0007446016381236039
0.0,0.0,0.0,0.006829268292682927,0.005443234836702955
0.002560819462227913,0.0008269588587967748,0.0,0.0018726591760299626,0.007099391480730223
0.0004783926008611067,0.0,0.004705882352941176,0.0,0.0007446016381236039
0.0004783926008611067,0.0069767441860465115,0.0012448132780082987,0.0,0.0
0.0004783926008611067,0.0009532888465204957,0.0004914004914004914,0.0010878433505575197,0.015337423312883436
0.006369426751592357,0.0008269588587967748,0.0,0.0010878433505575197,0.0
0.0004783926008611067,0.0008269588587967748,0.0,0.004296455424274973,0.02258064516129032
0.0004783926008611067,0.0009532888465204957,0.004705882352941176,0.0,0.005443234836702955
0.0,0.0008269588587967748,0.0012448132780082987,0.0,0.0010498687664041995
0.015655577299412915,0.00646551724137931,0.0006265664160401002,0.010514018691588784,0.0
0.006369426751592357,0.0008269588587967748,0.007407407407407408,0.0,0.0027397260273972603
0.002515090543259557,0.0,0.0,0.0010878433505575197,0.0
0.0004783926008611067,0.0008269588587967748,0.012727272727272728,0.004296455424274973,0.005443234836702955
0.0004783926008611067,0.0,0.0006265664160401002,0.0,0.0
0.0,0.0008269588587967748,0.004705882352941176,0.0010878433505575197,0.0007446016381236039
0.002560819462227913,0.0008269588587967748,0.007407407407407408,0.0,0.0010498687664041995
0.006369426751592357,0.0008269588587967748,0.0,0.006829268292682927,0.015337423312883436
0.0,0.0008269588587967748,0.0004914004914004914,0.0010878433505575197,0.0012755102040816326
0.0,0.0008269588587967748,0.0,0.003134796238244514,0.0007446016381236039
0.0004783926008611067,0.0,0.0004914004914004914,0.0,0.0010498687664041995
0.0,0.0,0.0,0.004296455424274973,0.0
0.002515090543259557,0.0008269588587967748,0.0012448132780082987,0.0,0.0
0.0,0.0008269588587967748,0.0006265664160401002,0.0,0.0007446016381236039
0.0004783926008611067,0.0,0.012727272727272728,0.0018726591760299626,0.0010498687664041995
0.0004783926008611067,0.0008269588587967748,0.0004914004914004914,0.006829268292682927,0.0010498687664041995
0.006369426751592357,0.0008269588587967748,0.0012448132780082987,0.0,0.0010498687664041995
0.015655577299412915,0.0008269588587967748,0.0004914004914004914,0.0,0.005443234836702955
0.0004783926008611067,0.0008269588587967748,0.0,0.006829268292682927,0.0
0.0004783926008611067,0.0,0.0004914004914004914,0.004296455424274973,0.0010498687664041995
0.002515090543259557,0.0,0.0,0.0,0.007099391480730223
0.0,0.0009532888465204957,0.0006265664160401002,0.0,0.0007446016381236039
0.006369426751592357,0.0,0.0,0.0,0.0
0.0,0.0069767441860465115,0.0,0.0,0.007099391480730223
0.0004783926008611067,0.00646551724137931,0.0012448132780082987,0.0,0.0
0.0,0.0008269588587967748,0.0,0.006829268292682927,0.0010498687664041995
0.0004783926008611067,0.0008269588587967748,0.0012448132780082987,0.0,0.0
0.002515090543259557,0.0,0.0012448132780082987,0.010514018691588784,0.0
0.015655577299412915,0.0008269588587967748,0.0,0.002,0.0
0.002515090543259557,0.0008269588587967748,0.0,0.010514018691588784,0.0
0.002515090543259557,0.0,0.0,0.0,0.0007446016381236039
0.002560819462227913,0.0,0.0,0.0010878433505575197,0.0
0.0004783926008611067,0.0008269588587967748,0.012727272727272728,0.0010878433505575197,0.0
0.0004783926008611067,0.0008269588587967748,0.0,0.0010878433505575197,0.0010498687664041995
0.0004783926008611067,0.0008269588587967748,0.0004914004914004914,0.0,0.0010498687664041995
0.0004783926008611067,0.00646551724137931,0.0004914004914004914,0.003134796238244514,0.0010498687664041995
0.0,0.0,0.0004914004914004914,0.006829268292682927,0.0007446016381236039
0.0,0.0009532888465204957,0.0006265664160401002,0.0010878433505575197,0.0010498687664041995
0.0,0.0009532888465204957,0.007407407407407408,0.0010878433505575197,0.005443234836702955
0.0,0.0008269588587967748,0.0,0.0,0.0
0.015655577299412915,0.0,0.012727272727272728,0.0,0.0007446016381236039
0.0,0.0,0.0004914004914004914,0.0018726591760299626,0.0
0.002560819462227913,0.0,0.00102880658436214,0.004296455424274973,0.007099391480730223
0.002560819462227913,0.0008269588587967748,0.0012448132780082987,0.006829268292682927,0.02258064516129032
0.002560819462227913,0.01702127659574468,0.0012448132780082987,0.010514018691588784,0.0010498687664041995
0.0004783926008611067,0.00646551724137931,0.0012448132780082987,0.0010878433505575197,0.0010498687664041995
0.006369426751592357,0.0,0.0012448132780082987,0.0018940448116616993,0.0010498687664041995
0.0,0.0009532888465204957,0.0,0.0,0.02258064516129032
0.0004783926008611067,0.0,0.0012448132780082987,0.004296455424274973,0.007099391480730223
0.0004783926008611067,0.0008269588587967748,0.007407407407407408,0.006829268292682927,0.015337423312883436
0.002515090543259557,0.00815494393476045,0.0004914004914004914,0.0,0.005443234836702955
0.0004783926008611067,0.0008269588587967748,0.007407407407407408,0.0018726591760299626,0.0010498687664041995
0.0004783926008611067,0.0008269588587967748,0.0,0.0,0.007099391480730223
0.002515090543259557,0.0,0.0,0.006829268292682927,0.0010498687664041995
0.0,0.0008269588587967748,0.0,0.0018726591760299626,0.0010498687664041995
0.0004783926008611067,0.0008269588587967748,0.0,0.0010878433505575197,0.0007446016381236039
0.0004783926008611067,0.0,0.0,0.0010878433505575197,0.0
0.015655577299412915,0.0008269588587967748,0.0,0.004296455424274973,0.0
0.0004783926008611067,0.0069767441860465115,0.0,0.0018726591760299626,0.0017667844522968198
0.002515090543259557,0.0,0.0004914004914004914,0.0,0.0010498687664041995
0.0,0.00815494393476045,0.0012448132780082987,0.002,0.02258064516129032
0.0004783926008611067,0.0,0.0,0.006829268292682927,0.0007446016381236039
0.002560819462227913,0.0,0.0,0.004296455424274973,0.005443234836702955
0.0004783926008611067,0.0008269588587967748,0.0004914004914004914,0.010514018691588784,0.0
0.0,0.0008269588587967748,0.0,0.002,0.0
0.0,0.0009532888465204957,0.0012448132780082987,0.004296455424274973,0.0010498687664041995
0.015655577299412915,0.0009532888465204957,0.0012448132780082987,0.0,0.0010498687664041995
0.0,0.00815494393476045,0.0,0.0018726591760299626,0.0017667844522968198
0.0004783926008611067,0.0008269588587967748,0.0006265664160401002,0.0,0.0
0.0004783926008611067,0.0009532888465204957,0.0,0.0010878433505575197,0.005443234836702955
0.015655577299412915,0.0,0.0,0.0010878433505575197,0.0017667844522968198
0.002515090543259557,0.00646551724137931,0.0004914004914004914,0.006829268292682927,0.007099391480730223
0.0,0.0,0.00102880658436214,0.0010878433505575197,0.0010498687664041995
0.002560819462227913,0.00815494393476045,0.0,0.0,0.0007446016381236039
0.0004783926008611067,0.0008269588587967748,0.00102880658436214,0.0010878433505575197,0.0010498687664041995
0.0,0.0008269588587967748,0.0,0.0010878433505575197,0.0007446016381236039
0.0004783926008611067,0.0008269588587967748,0.010050251256281407,0.002,0.03571428571428571
0.0004783926008611067,0.0,0.007407407407407408,0.0,0.0
0.0004783926008611067,0.00646551724137931,0.0,0.0,0.007099391480730223
0.002515090543259557,0.0069767441860465115,0.0012448132780082987,0.0010878433505575197,0.007099391480730223
0.0,0.00646551724137931,0.0004914004914004914,0.0,0.0010498687664041995
0.0004783926008611067,0.0008269588587967748,0.00102880658436214,0.006829268292682927,0.0
0.002515090543259557,0.0008269588587967748,0.0012448132780082987,0.0018726591760299626,0.0010498687664041995
0.0,0.0009532888465204957,0.00102880658436214,0.0010878433505575197,0.005443234836702955
0.006369426751592357,0.0069767441860465115,0.0,0.0,0.0
0.0004783926008611067,0.00646551724137931,0.0012448132780082987,0.0,0.0
0.0004783926008611067,0.0009532888465204957,0.0004914004914004914,0.0010878433505575197,0.02258064516129032
0.0004783926008611067,0.0,0.0006265664160401002,0.0,0.007099391480730223
0.0004783926008611067,0.0008269588587967748,0.0,0.006829268292682927,0.0
0.0004783926008611067,0.0008269588587967748,0.0,0.0010878433505575197,0.0007446016381236039
0.0004783926008611067,0.00646551724137931,0.0,0.0010878433505575197,0.0010498687664041995
0.0004783926008611067,0.0008269588587967748,0.0012448132780082987,0.0010878433505575197,0.0010498687664041995
0.0004783926008611067,0.00815494393476045,0.0004914004914004914,0.004296455424274973,0.0
0.015655577299412915,0.0,0.0012448132780082987,0.0,0.0007446016381236039
0.0004783926008611067,0.0,0.0004914004914004914,0.0,0.0010498687664041995
0.002515090543259557,0.0008269588587967748,0.0006265664160401002,0.0,0.0010498687664041995
0.0004783926008611067,0.0,0.0004914004914004914,0.0010878433505575197,0.0
0.0004783926008611067,0.0009532888465204957,0.0012448132780082987,0.0010878433505575197,0.0
0.0,0.0,0.00102880658436214,0.010514018691588784,0.0010498687664041995
0.0004783926008611067,0.0009532888465204957,0.0012448132780082987,0.0,0.0010498687664041995
0.0,0.00646551724137931,0.0,0.0,0.0
0.0004783926008611067,0.00646551724137931,0.0012448132780082987,0.0010878433505575197,0.0010498687664041995
0.0033613445378151263,0.0,0.0012448132780082987,0.0010878433505575197,0.0
0.0,0.0,0.0,0.0010878433505575197,0.0017667844522968198
0.0,0.0008269588587967748,0.0004914004914004914,0.004296455424274973,0.005443234836702955
0.0004783926008611067,0.0069767441860465115,0.004705882352941176,0.0010878433505575197,0.015337423312883436
0.002515090543259557,0.0,0.0012448132780082987,0.0,0.0012755102040816326
0.015655577299412915,0.0008269588587967748,0.012727272727272728,0.010514018691588784,0.007099391480730223
0.002515090543259557,0.0008269588587967748,0.0012448132780082987,0.0,0.005443234836702955
0.0004783926008611067,0.0008269588587967748,0.0,0.0,0.0010498687664041995
0.0,0.0069767441860465115,0.0,0.0,0.0
0.0004783926008611067,0.0,0.0,0.0,0.0
0.002515090543259557,0.0008269588587967748,0.007407407407407408,0.0010878433505575197,0.0
0.0,0.0,0.0006265664160401002,0.0010878433505575197,0.0012755102040816326
0.002560819462227913,0.0,0.012727272727272728,0.0,0.0
0.002560819462227913,0.0069767441860465115,0.0004914004914004914,0.004296455424274973,0.0
0.002560819462227913,0.0,0.00102880658436214,0.0,0.0010498687664041995
0.0,0.0009532888465204957,0.012727272727272728,0.006829268292682927,0.015337423312883436
0.0004783926008611067,0.0069767441860465115,0.007407407407407408,0.0,0.0010498687664041995
0.0004783926008611067,0.0008269588587967748,0.0004914004914004914,0.006829268292682927,0.0010498687664041995
0.002560819462227913,0.0009532888465204957,0.012300497402553385,0.003134796238244514,0.0
0.006369426751592357,0.0008269588587967748,0.012727272727272728,0.0010878433505575197,0.0
0.0004783926008611067,0.00646551724137931,0.007407407407407408,0.004296455424274973,0.0017667844522968198
0.0004783926008611067,0.0069767441860465115,0.0006265664160401002,0.0010878433505575197,0.0010498687664041995
0.0004783926008611067,0.0008269588587967748,0.007407407407407408,0.0010878433505575197,0.0012755102040816326
0.0004783926008611067,0.00815494393476045,0.0012448132780082987,0.0,0.0010498687664041995
0.002515090543259557,0.0008269588587967748,0.0,0.0018726591760299626,0.0
0.0004783926008611067,0.0008269588587967748,0.0012448132780082987,0.0018726591760299626,0.0007446016381236039
0.0,0.0008269588587967748,0.0,0.004296455424274973,0.005443234836702955
0.0004783926008611067,0.00815494393476045,0.0012448132780082987,0.0,0.0
0.015655577299412915,0.0008269588587967748,0.0006265664160401002,0.0010878433505575197,0.0
0.0004783926008611067,0.0,0.0006265664160401002,0.006829268292682927,0.0
0.002560819462227913,0.0008269588587967748,0.0,0.0010878433505575197,0.0
0.0004783926008611067,0.0008269588587967748,0.0,0.0,0.0007446016381236039
0.002515090543259557,0.00646551724137931,0.010050251256281407,0.0,0.0027397260273972603
0.002515090543259557,0.00646551724137931,0.0004914004914004914,0.010514018691588784,0.0010498687664041995
0.0004783926008611067,0.0009532888465204957,0.007407407407407408,0.0,0.0
0.015655577299412915,0.0008269588587967748,0.0,0.0018726591760299626,0.0
0.0004783926008611067,0.0008269588587967748,0.004705882352941176,0.010514018691588784,0.0012755102040816326
0.0004783926008611067,0.0,0.0006265664160401002,0.0,0.0
0.0,0.0008269588587967748,0.0004914004914004914,0.0,0.005443234836702955
0.0,0.0008269588587967748,0.0012448132780082987,0.0,0.0
0.0004783926008611067,0.0008269588587967748,0.007407407407407408,0.002,0.0012755102040816326
0.002515090543259557,0.0009532888465204957,0.0,0.0018726591760299626,0.0010498687664041995
0.015655577299412915,0.0,0.0012448132780082987,0.004296455424274973,0.0012755102040816326
0.002515090543259557,0.0009532888465204957,0.0004914004914004914,0.0010878433505575197,0.005443234836702955
0.0004783926008611067,0.0,0.0,0.0,0.0
0.0004783926008611067,0.0009532888465204957,0.0,0.0010878433505575197,0.0007446016381236039
0.0004783926008611067,0.0,0.007407407407407408,0.0010878433505575197,0.0010498687664041995
0.0004783926008611067,0.00646551724137931,0.0,0.006829268292682927,0.0
0.0004783926008611067,0.0008269588587967748,0.0012448132780082987,0.0,0.0
0.002515090543259557,0.01702127659574468,0.004705882352941176,0.004296455424274973,0.0010498687664041995
0.0004783926008611067,0.0009532888465204957,0.0012448132780082987,0.0010878433505575197,0.0010498687664041995
0.0004783926008611067,0.00646551724137931,0.0006265664160401002,0.0018726591760299626,0.0
0.0004783926008611067,0.0,0.0004914004914004914,0.003134796238244514,0.005443234836702955
0.0,0.0008269588587967748,0.0012448132780082987,0.0010878433505575197,0.0
0.0,0.0008269588587967748,0.0,0.0010878433505575197,0.007099391480730223
0.002515090543259557,0.0,0.00102880658436214,0.0010878433505575197,0.005443234836702955
0.0004783926008611067,0.0,0.0012448132780082987,0.002,0.0
0.0,0.0009532888465204957,0.0012448132780082987,0.0018726591760299626,0.0
0.0004783926008611067,0.0009532888465204957,0.0,0.002,0.0007446016381236039
0.0004783926008611067,0.00646551724137931,0.012727272727272728,0.006829268292682927,0.007099391480730223
0.0004783926008611067,0.0008269588587967748,0.007407407407407408,0.0,0.0
0.0004783926008611067,0.0,0.0,0.0010878433505575197,0.03571428571428571
0.0,0.0008269588587967748,0.0012448132780082987,0.004296455424274973,0.0007446016381236039
0.0004783926008611067,0.00815494393476045,0.007407407407407408,0.006829268292682927,0.0010498687664041995
0.002560819462227913,0.0009532888465204957,0.0,0.0,0.0
0.0,0.00815494393476045,0.0006265664160401002,0.0,0.0010498687664041995
0.0,0.0008269588587967748,0.00102880658436214,0.010514018691588784,0.015337423312883436
0.002515090543259557,0.0,0.0006265664160401002,0.004296455424274973,0.0010498687664041995
0.006369426751592357,0.0,0.0004914004914004914,0.0,0.015337423312883436
0.0004783926008611067,0.00815494393476045,0.0012448132780082987,0.003134796238244514,0.0
0.006369426751592357,0.00815494393476045,0.0,0.0,0.005443234836702955
0.0004783926008611067,0.00646551724137931,0.0004914004914004914,0.002,0.0010498687664041995
0.002515090543259557,0.0,0.0,0.0018726591760299626,0.007099391480730223
0.0004783926008611067,0.0008269588587967748,0.0,0.0010878433505575197,0.0
0.0004783926008611067,0.0008269588587967748,0.0006265664160401002,0.002,0.0
0.0004783926008611067,0.0,0.0004914004914004914,0.0,0.0
0.0,0.0,0.0,0.0,0.0017667844522968198
0.0004783926008611067,0.0,0.0004914004914004914,0.0010878433505575197,0.0007446016381236039
0.0033613445378151263,0.0,0.0,0.003134796238244514,0.0
0.0004783926008611067,0.0,0.0,0.0010878433505575197,0.0010498687664041995
0.0004783926008611067,0.0008269588587967748,0.0012448132780082987,0.004296455424274973,0.0
0.002560819462227913,0.0009532888465204957,0.0004914004914004914,0.0,0.0
0.015655577299412915,0.0008269588587967748,0.0012448132780082987,0.006829268292682927,0.0017667844522968198
0.0,0.0008269588587967748,0.0,0.0010878433505575197,0.0010498687664041995
0.0,0.00646551724137931,0.0012448132780082987,0.0010878433505575197,0.0
0.0004783926008611067,0.0009532888465204957,0.007407407407407408,0.0,0.0012755102040816326
0.0004783926008611067,0.0008269588587967748,0.0004914004914004914,0.0010878433505575197,0.0
0.0,0.00815494393476045,0.0012448132780082987,0.004296455424274973,0.03571428571428571
0.002560819462227913,0.00646551724137931,0.0012448132780082987,0.0010878433505575197,0.007099391480730223
0.0,0.0069767441860465115,0.0012448132780082987,0.004296455424274973,0.005443234836702955
0.0,0.0,0.0004914004914004914,0.004296455424274973,0.005443234836702955
0.0,0.025906735751295335,0.0,0.0018726591760299626,0.0012755102040816326
0.0004783926008611067,0.0008269588587967748,0.0012448132780082987,0.0,0.0
0.002515090543259557,0.0008269588587967748,0.0,0.0010878433505575197,0.0010498687664041995
0.0,0.0008269588587967748,0.007407407407407408,0.0010878433505575197,0.0010498687664041995
0.0004783926008611067,0.0,0.012727272727272728,0.006829268292682927,0.005443234836702955
0.006369426751592357,0.0008269588587967748,0.00102880658436214,0.0,0.0
0.0004783926008611067,0.0008269588587967748,0.0004914004914004914,0.004296455424274973,0.0
0.0,0.0,0.007407407407407408,0.006829268292682927,0.015337423312883436
0.0004783926008611067,0.0008269588587967748,0.0006265664160401002,0.010514018691588784,0.0010498687664041995
0.002560819462227913,0.0069767441860465115,0.0,0.0,0.0017667844522968198
0.0004783926008611067,0.0,0.0012448132780082987,0.002,0.007099391480730223
0.0033613445378151263,0.0008269588587967748,0.0006265664160401002,0.0,0.0010498687664041995
0.0004783926008611067,0.0,0.0006265664160401002,0.0,0.0
0.0,0.0,0.0,0.0018726591760299626,0.0
0.0004783926008611067,0.00815494393476045,0.007407407407407408,0.0,0.0027397260273972603
0.0004783926008611067,0.0008269588587967748,0.0,0.0,0.0010498687664041995
0.015655577299412915,0.00646551724137931,0.0012448132780082987,0.004296455424274973,0.0
0.0004783926008611067,0.0069767441860465115,0.0012448132780082987,0.004296455424274973,0.0017667844522968198
0.0004783926008611067,0.0008269588587967748,0.0004914004914004914,0.0018726591760299626,0.02258064516129032
0.0004783926008611067,0.0008269588587967748,0.0012448132780082987,0.0,0.007099391480730223
0.0033613445378151263,0.0,0.0004914004914004914,0.0,0.0010498687664041995
0.006369426751592357,0.0,0.0,0.002,0.0010498687664041995
0.0033613445378151263,0.0,0.0012448132780082987,0.0018726591760299626,0.0010498687664041995
0.0,0.00646551724137931,0.0,0.004296455424274973,0.0
0.015655577299412915,0.0,0.0004914004914004914,0.0,0.0
0.0,0.0009532888465204957,0.0,0.0010878433505575197,0.0012755102040816326
0.0004783926008611067,0.0,0.0,0.010514018691588784,0.0
0.0,0.0008269588587967748,0.0,0.0,0.0010498687664041995
0.015655577299412915,0.0008269588587967748,0.00102880658436214,0.0,0.0
0.0004783926008611067,0.0,0.004705882352941176,0.004296455424274973,0.0010498687664041995
0.002515090543259557,0.0008269588587967748,0.0012448132780082987,0.0,0.0
0.015655577299412915,0.0,0.0004914004914004914,0.0018726591760299626,0.0
0.0,0.0,0.0006265664160401002,0.0,0.0010498687664041995
0.002515090543259557,0.00646551724137931,0.012727272727272728,0.0010878433505575197,0.0
0.015655577299412915,0.0008269588587967748,0.0012448132780082987,0.0018726591760299626,0.0
0.0,0.00815494393476045,0.0012448132780082987,0.0010878433505575197,0.0010498687664041995
0.002560819462227913,0.0,0.0012448132780082987,0.0018726591760299626,0.0017667844522968198
0.002515090543259557,0.0,0.0006265664160401002,0.0010878433505575197,0.0
0.002560819462227913,0.00646551724137931,0.0004914004914004914,0.0,0.0
0.0004783926008611067,0.0,0.0004914004914004914,0.002,0.0010498687664041995
0.002560819462227913,0.00646551724137931,0.0004914004914004914,0.010514018691588784,0.007099391480730223
0.015655577299412915,0.00815494393476045,0.0012448132780082987,0.0,0.0007446016381236039
0.0,0.0008269588587967748,0.0012448132780082987,0.0,0.0010498687664041995
0.0,0.0,0.0004914004914004914,0.004296455424274973,0.007099391480730223
0.002515090543259557,0.00646551724137931,0.0012448132780082987,0.0273972602739726,0.0012755102040816326
0.0004783926008611067,0.0,0.0,0.0010878433505575197,0.005443234836702955
0.002560819462227913,0.0008269588587967748,0.0012448132780082987,0.006829268292682927,0.02258064516129032
0.002515090543259557,0.0009532888465204957,0.007407407407407408,0.0010878433505575197,0.0
0.002515090543259557,0.00646551724137931,0.0,0.0,0.0010498687664041995
0.006369426751592357,0.0008269588587967748,0.00102880658436214,0.0010878433505575197,0.0027397260273972603
0.0004783926008611067,0.0008269588587967748,0.0,0.0,0.0007446016381236039
0.002515090543259557,0.0008269588587967748,0.0,0.0,0.03571428571428571
0.0,0.0008269588587967748,0.0006265664160401002,0.0010878433505575197,0.005443234836702955
0.0004783926008611067,0.0,0.0004914004914004914,0.010514018691588784,0.0
0.0004783926008611067,0.0,0.00102880658436214,0.0010878433505575197,0.0010498687664041995
0.0004783926008611067,0.0008269588587967748,0.0012448132780082987,0.006829268292682927,0.0
0.0004783926008611067,0.00815494393476045,0.022857142857142857,0.0010878433505575197,0.0007446016381236039
0.0033613445378151263,0.0,0.0,0.002,0.0017667844522968198
0.0004783926008611067,0.0008269588587967748,0.010050251256281407,0.07692307692307693,0.005443234836702955
0.0,0.0009532888465204957,0.0012448132780082987,0.002,0.005443234836702955
0.0,0.0009532888465204957,0.0,0.0,0.015337423312883436
0.006369426751592357,0.00646551724137931,0.022857142857142857,0.0018726591760299626,0.0
0.0004783926008611067,0.0,0.0004914004914004914,0.0,0.0
0.002515090543259557,0.0069767441860465115,0.0,0.006829268292682927,0.0
0.0004783926008611067,0.0008269588587967748,0.004705882352941176,0.004296455424274973,0.005443234836702955
0.0004783926008611067,0.0009532888465204957,0.007407407407407408,0.0010878433505575197,0.0010498687664041995
0.0004783926008611067,0.0,0.0,0.0010878433505575197,0.0
0.0,0.0,0.0,0.0010878433505575197,0.0017667844522968198
0.015655577299412915,0.046511627906976744,0.004705882352941176,0.0,0.0010498687664041995
0.0,0.00815494393476045,0.0,0.0018726591760299626,0.0012755102040816326
0.0,0.0009532888465204957,0.0012448132780082987,0.0,0.0
0.002560819462227913,0.0009532888465204957,0.0012448132780082987,0.0,0.0
0.0004783926008611067,0.025906735751295335,0.012727272727272728,0.0010878433505575197,0.0027397260273972603
0.002515090543259557,0.0,0.0004914004914004914,0.006829268292682927,0.0
0.0004783926008611067,0.0008269588587967748,0.0,0.006829268292682927,0.0
0.0004783926008611067,0.0008269588587967748,0.0,0.0010878433505575197,0.0012755102040816326
0.0,0.0009532888465204957,0.0,0.0,0.0
0.0004783926008611067,0.0,0.012727272727272728,0.004296455424274973,0.0
0.0,0.0008269588587967748,0.0,0.010514018691588784,0.0
0.0,0.0008269588587967748,0.0012448132780082987,0.004296455424274973,0.0010498687664041995
0.0004783926008611067,0.0008269588587967748,0.0,0.010514018691588784,0.0012755102040816326
0.0004783926008611067,0.0069767441860465115,0.0012448132780082987,0.0,0.0007446016381236039
0.0004783926008611067,0.0,0.0,0.006829268292682927,0.0
0.0004783926008611067,0.0,0.0004914004914004914,0.0,0.0
0.0004783926008611067,0.0,0.0006265664160401002,0.0018726591760299626,0.0012755102040816326
0.0004783926008611067,0.0,0.0,0.004296455424274973,0.0
0.0004783926008611067,0.0,0.004705882352941176,0.003134796238244514,0.007099391480730223
0.0004783926008611067,0.0,0.0006265664160401002,0.006829268292682927,0.0
0.0,0.00646551724137931,0.007407407407407408,0.0010878433505575197,0.0
0.0,0.00646551724137931,0.0,0.0,0.0010498687664041995
0.0,0.0069767441860465115,0.0,0.0,0.0010498687664041995
0.0004783926008611067,0.0069767441860465115,0.0,0.002,0.007099391480730223
0.0004783926008611067,0.0069767441860465115,0.0,0.0018726591760299626,0.0017667844522968198
0.0004783926008611067,0.01702127659574468,0.0,0.0010878433505575197,0.0
0.006369426751592357,0.0009532888465204957,0.004705882352941176,0.0,0.0012755102040816326
0.0004783926008611067,0.0,0.0006265664160401002,0.0,0.0007446016381236039
0.015655577299412915,0.0008269588587967748,0.0012448132780082987,0.004296455424274973,0.0007446016381236039
0.0004783926008611067,0.00646551724137931,0.0012448132780082987,0.0,0.0010498687664041995
0.0004783926008611067,0.0008269588587967748,0.0006265664160401002,0.0010878433505575197,0.0010498687664041995
0.0,0.0008269588587967748,0.00102880658436214,0.0010878433505575197,0.0010498687664041995
0.002560819462227913,0.0069767441860465115,0.0004914004914004914,0.0,0.0012755102040816326
0.0033613445378151263,0.0008269588587967748,0.0,0.0010878433505575197,0.0007446016381236039
0.0033613445378151263,0.00646551724137931,0.0004914004914004914,0.0,0.0017667844522968198
0.0,0.0008269588587967748,0.00102880658436214,0.010514018691588784,0.0
0.0004783926008611067,0.0,0.0,0.0010878433505575197,0.0010498687664041995
0.0004783926008611067,0.0009532888465204957,0.004705882352941176,0.0,0.0012755102040816326
0.0004783926008611067,0.0008269588587967748,0.0,0.0010878433505575197,0.0010498687664041995
0.0004783926008611067,0.0009532888465204957,0.0,0.0010878433505575197,0.0010498687664041995
0.0004783926008611067,0.0069767441860465115,0.004705882352941176,0.0,0.0010498687664041995
0.0033613445378151263,0.0008269588587967748,0.0012448132780082987,0.0,0.0
0.002515090543259557,0.0,0.0004914004914004914,0.0,0.015337423312883436
0.015655577299412915,0.00815494393476045,0.0012448132780082987,0.0,0.005443234836702955
0.0004783926008611067,0.0,0.0004914004914004914,0.0010878433505575197,0.005443234836702955
0.0004783926008611067,0.0,0.0,0.0010878433505575197,0.0017667844522968198
0.0033613445378151263,0.00646551724137931,0.0004914004914004914,0.006829268292682927,0.0010498687664041995
0.015655577299412915,0.0009532888465204957,0.0012448132780082987,0.0010878433505575197,0.0
0.0004783926008611067,0.0069767441860465115,0.0006265664160401002,0.0,0.015337423312883436
0.002515090543259557,0.00815494393476045,0.0006265664160401002,0.0010878433505575197,0.0010498687664041995
0.0004783926008611067,0.01702127659574468,0.0004914004914004914,0.0,0.0
0.0004783926008611067,0.0,0.0012448132780082987,0.0010878433505575197,0.007099391480730223
0.002515090543259557,0.0008269588587967748,0.007407407407407408,0.0,0.005443234836702955
0.0004783926008611067,0.0008269588587967748,0.0,0.006829268292682927,0.007099391480730223
0.05,0.0,0.0012448132780082987,0.004296455424274973,0.0
0.0004783926008611067,0.0008269588587967748,0.0,0.0018726591760299626,0.0
0.0,0.0008269588587967748,0.0,0.004296455424274973,0.0
0.0004783926008611067,0.0008269588587967748,0.007407407407407408,0.0,0.0012755102040816326
0.0004783926008611067,0.00646551724137931,0.0,0.004296455424274973,0.0027397260273972603
0.002515090543259557,0.01702127659574468,0.0,0.0,0.0027397260273972603
0.002515090543259557,0.0008269588587967748,0.00102880658436214,0.0,0.007099391480730223
0.0004783926008611067,0.0,0.0,0.0,0.0
0.0004783926008611067,0.0,0.0004914004914004914,0.0,0.0
0.0004783926008611067,0.0009532888465204957,0.0004914004914004914,0.0010878433505575197,0.0010498687664041995
0.0,0.0,0.0,0.010514018691588784,0.0012755102040816326
0.0,0.0009532888465204957,0.0012448132780082987,0.010514018691588784,0.03571428571428571
0.0004783926008611067,0.0008269588587967748,0.007407407407407408,0.0010878433505575197,0.0
0.015655577299412915,0.0008269588587967748,0.007407407407407408,0.006829268292682927,0.0012755102040816326
0.002560819462227913,0.0,0.00102880658436214,0.0,0.0012755102040816326
0.0004783926008611067,0.0008269588587967748,0.0,0.0010878433505575197,0.0
0.015655577299412915,0.0008269588587967748,0.007407407407407408,0.0,0.0
0.0,0.0,0.0006265664160401002,0.0018726591760299626,0.0
0.002560819462227913,0.0008269588587967748,0.0006265664160401002,0.0,0.0007446016381236039
0.0,0.0,0.0012448132780082987,0.0,0.0010498687664041995
0.002515090543259557,0.00646551724137931,0.007407407407407408,0.0,0.0
0.0,0.0,0.0006265664160401002,0.0010878433505575197,0.0010498687664041995
0.0,0.00815494393476045,0.0,0.006829268292682927,0.0
0.0004783926008611067,0.0,0.00102880658436214,0.0,0.0010498687664041995
0.0004783926008611067,0.0069767441860465115,0.00102880658436214,0.0,0.0010498687664041995
0.0004783926008611067,0.0008269588587967748,0.0004914004914004914,0.0,0.0010498687664041995
0.0,0.0009532888465204957,0.007407407407407408,0.0,0.02258064516129032
0.0033613445378151263,0.0009532888465204957,0.0,0.006829268292682927,0.007099391480730223
0.0004783926008611067,0.0009532888465204957,0.0,0.003134796238244514,0.005443234836702955
0.006369426751592357,0.0008269588587967748,0.0,0.0018726591760299626,0.015337423312883436
0.0,0.0069767441860465115,0.0,0.004296455424274973,0.0010498687664041995
0.0033613445378151263,0.0008269588587967748,0.0006265664160401002,0.0010878433505575197,0.005443234836702955
0.0004783926008611067,0.0,0.0,0.0010878433505575197,0.0010498687664041995
0.0004783926008611067,0.0008269588587967748,0.0004914004914004914,0.006829268292682927,0.0012755102040816326
0.0,0.0008269588587967748,0.0,0.0,0.0012755102040816326
0.0033613445378151263,0.0009532888465204957,0.0006265664160401002,0.002,0.0007446016381236039
0.015655577299412915,0.0009532888465204957,0.0004914004914004914,0.0,0.005443234836702955
0.0,0.0008269588587967748,0.0006265664160401002,0.0018726591760299626,0.0007446016381236039
0.0004783926008611067,0.0008269588587967748,0.0,0.0018726591760299626,0.0007446016381236039
0.0004783926008611067,0.0,0.0006265664160401002,0.0,0.0010498687664041995
0.0,0.0,0.0012448132780082987,0.004296455424274973,0.0007446016381236039
0.0004783926008611067,0.0009532888465204957,0.0,0.0010878433505575197,0.0010498687664041995
0.0,0.0,0.00102880658436214,0.0010878433505575197,0.0
0.0004783926008611067,0.0008269588587967748,0.0012448132780082987,0.0010878433505575197,0.0010498687664041995
0.015655577299412915,0.0008269588587967748,0.0012448132780082987,0.002,0.0007446016381236039
0.0,0.0008269588587967748,0.0006265664160401002,0.0010878433505575197,0.0
0.0004783926008611067,0.0008269588587967748,0.0012448132780082987,0.0010878433505575197,0.0010498687664041995
0.015655577299412915,0.0,0.00102880658436214,0.002,0.0010498687664041995
0.0,0.0,0.0,0.0010878433505575197,0.0007446016381236039
0.0004783926008611067,0.0,0.0,0.0018726591760299626,0.0017667844522968198
0.0,0.0008269588587967748,0.0,0.0,0.0010498687664041995
0.0004783926008611067,0.0008269588587967748,0.012727272727272728,0.010514018691588784,0.0007446016381236039
0.0004783926008611067,0.0009532888465204957,0.0,0.0,0.0010498687664041995
0.0004783926008611067,0.0008269588587967748,0.0004914004914004914,0.0,0.0010498687664041995
0.0004783926008611067,0.0008269588587967748,0.00102880658436214,0.0,0.0012755102040816326
0.002515090543259557,0.00646551724137931,0.00102880658436214,0.0010878433505575197,0.0027397260273972603
0.0004783926008611067,0.0008269588587967748,0.007407407407407408,0.0010878433505575197,0.007099391480730223
0.0,0.0009532888465204957,0.0,0.003134796238244514,0.0012755102040816326
0.0004783926008611067,0.046511627906976744,0.012727272727272728,0.010514018691588784,0.0010498687664041995
0.0004783926008611067,0.0008269588587967748,0.0012448132780082987,0.0,0.0010498687664041995
0.0,0.0009532888465204957,0.0,0.0018726591760299626,0.0
0.0004783926008611067,0.0008269588587967748,0.00102880658436214,0.0010878433505575197,0.0
0.0,0.0008269588587967748,0.0,0.0010878433505575197,0.0017667844522968198
0.0004783926008611067,0.0,0.00102880658436214,0.003134796238244514,0.0010498687664041995
0.0,0.00646551724137931,0.0,0.0010878433505575197,0.02258064516129032
0.015655577299412915,0.0,0.00102880658436214,0.0010878433505575197,0.0010498687664041995
0.006369426751592357,0.0,0.0012448132780082987,0.0,0.0010498687664041995
0.0004783926008611067,0.0008269588587967748,0.00102880658436214,0.0010878433505575197,0.11538461538461539
0.0,0.0,0.010050251256281407,0.004296455424274973,0.0012755102040816326
0.0,0.0009532888465204957,0.0,0.0010878433505575197,0.0
0.0004783926008611067,0.0008269588587967748,0.0,0.0,0.0
0.0004783926008611067,0.0008269588587967748,0.004705882352941176,0.0,0.0017667844522968198
0.002515090543259557,0.0008269588587967748,0.0,0.0018726591760299626,0.0
0.0,0.0008269588587967748,0.0004914004914004914,0.0018726591760299626,0.0010498687664041995
0.0,0.00646551724137931,0.0006265664160401002,0.0018726591760299626,0.0010498687664041995
0.0,0.0,0.0,0.0,0.0010498687664041995
0.0004783926008611067,0.0,0.0004914004914004914,0.0010878433505575197,0.0010498687664041995
0.0004783926008611067,0.0069767441860465115,0.0012448132780082987,0.0010878433505575197,0.0
0.006369426751592357,0.00646551724137931,0.0,0.004296455424274973,0.015337423312883436
0.015655577299412915,0.0008269588587967748,0.0012448132780082987,0.004296455424274973,0.0017667844522968198
0.0004783926008611067,0.0009532888465204957,0.004705882352941176,0.004296455424274973,0.0010498687664041995
0.0004783926008611067,0.0,0.0012448132780082987,0.0010878433505575197,0.0
0.015655577299412915,0.0008269588587967748,0.004705882352941176,0.0,0.0010498687664041995
0.0,0.00815494393476045,0.0,0.0,0.0
0.0004783926008611067,0.0008269588587967748,0.00102880658436214,0.0010878433505575197,0.0010498687664041995
0.0004783926008611067,0.00646551724137931,0.0,0.010514018691588784,0.0012755102040816326
0.002515090543259557,0.0009532888465204957,0.0,0.010514018691588784,0.007099391480730223
0.0,0.0,0.007407407407407408,0.0010878433505575197,0.0
0.015655577299412915,0.00646551724137931,0.004705882352941176,0.0,0.005443234836702955
0.0004783926008611067,0.0009532888465204957,0.0004914004914004914,0.0010878433505575197,0.02258064516129032
0.002515090543259557,0.0008269588587967748,0.0,0.010514018691588784,0.0017667844522968198
0.0,0.0,0.0,0.010514018691588784,0.0
0.05,0.0009532888465204957,0.0,0.003134796238244514,0.0
0.0004783926008611067,0.0009532888465204957,0.0006265664160401002,0.0010878433505575197,0.0010498687664041995
0.0004783926008611067,0.0008269588587967748,0.0,0.004296455424274973,0.0007446016381236039
0.0004783926008611067,0.0008269588587967748,0.0012448132780082987,0.0010878433505575197,0.007099391480730223
0.015655577299412915,0.0009532888465204957,0.0,0.0,0.0010498687664041995
0.015655577299412915,0.00646551724137931,0.0006265664160401002,0.0,0.005443234836702955
0.0,0.0008269588587967748,0.007407407407407408,0.0018726591760299626,0.0
0.0004783926008611067,0.00646551724137931,0.0006265664160401002,0.0,0.0
0.0004783926008611067,0.0009532888465204957,0.0,0.0,0.0010498687664041995
0.015655577299412915,0.0,0.0006265664160401002,0.0,0.005443234836702955
0.002560819462227913,0.0,0.0006265664160401002,0.0018726591760299626,0.0
0.015655577299412915,0.0,0.0012448132780082987,0.0,0.0
0.0,0.0,0.012727272727272728,0.0010878433505575197,0.007099391480730223
0.0,0.0009532888465204957,0.0012448132780082987,0.0010878433505575197,0.0017667844522968198
0.0,0.0,0.0004914004914004914,0.003134796238244514,0.0
0.002560819462227913,0.0008269588587967748,0.0,0.0018726591760299626,0.0010498687664041995
0.0004783926008611067,0.0009532888465204957,0.007407407407407408,0.0010878433505575197,0.0010498687664041995
0.002515090543259557,0.0008269588587967748,0.0012448132780082987,0.0018726591760299626,0.0
0.0,0.0,0.0012448132780082987,0.0,0.005443234836702955
0.0004783926008611067,0.0008269588587967748,0.00102880658436214,0.002,0.0
0.0004783926008611067,0.0008269588587967748,0.0012448132780082987,0.0,0.0007446016381236039
0.0,0.0009532888465204957,0.0006265664160401002,0.0,0.0
0.0004783926008611067,0.0,0.0012448132780082987,0.003134796238244514,0.0007446016381236039
0.006369426751592357,0.0008269588587967748,0.0012448132780082987,0.0,0.02258064516129032
0.0004783926008611067,0.0008269588587967748,0.0012448132780082987,0.0,0.02258064516129032
0.002560819462227913,0.00815494393476045,0.0004914004914004914,0.006829268292682927,0.0010498687664041995
0.0004783926008611067,0.0,0.007407407407407408,0.0,0.0
0.0,0.00646551724137931,0.022857142857142857,0.006829268292682927,0.0017667844522968198
0.002515090543259557,0.0008269588587967748,0.0,0.0010878433505575197,0.03571428571428571
0.0,0.0008269588587967748,0.0004914004914004914,0.0,0.0010498687664041995
0.0004783926008611067,0.0008269588587967748,0.0,0.0,0.0010498687664041995
0.0,0.0008269588587967748,0.022857142857142857,0.0010878433505575197,0.0010498687664041995
0.015655577299412915,0.00646551724137931,0.0,0.0,0.0027397260273972603
0.002515090543259557,0.0,0.004705882352941176,0.010514018691588784,0.0010498687664041995
0.0,0.0008269588587967748,0.007407407407407408,0.010514018691588784,0.0010498687664041995
0.0004783926008611067,0.000839032093806656,0.007407407407407408,0.006829268292682927,0.0
0.002560819462227913,0.0,0.0012448132780082987,0.003134796238244514,0.0010498687664041995
0.0,0.0008269588587967748,0.007407407407407408,0.0,0.0010498687664041995
0.0004783926008611067,0.0008269588587967748,0.0012448132780082987,0.006829268292682927,0.0
0.015655577299412915,0.0008269588587967748,0.0012448132780082987,0.003134796238244514,0.0010498687664041995
0.0,0.00815494393476045,0.00102880658436214,0.0010878433505575197,0.0
0.0004783926008611067,0.0008269588587967748,0.007407407407407408,0.004296455424274973,0.02258064516129032
0.0004783926008611067,0.0069767441860465115,0.0,0.0,0.007099391480730223
0.002515090543259557,0.01702127659574468,0.0,0.0018726591760299626,0.0
0.002515090543259557,0.0008269588587967748,0.012727272727272728,0.0010878433505575197,0.0
0.0004783926008611067,0.0,0.0012448132780082987,0.0010878433505575197,0.0
0.002515090543259557,0.0008269588587967748,0.007407407407407408,0.0,0.007099391480730223
0.0004783926008611067,0.00646551724137931,0.007407407407407408,0.0,0.0010498687664041995
0.002560819462227913,0.0,0.0004914004914004914,0.0,0.0010498687664041995
0.0004783926008611067,0.0069767441860465115,0.007407407407407408,0.004296455424274973,0.0017667844522968198
0.002515090543259557,0.0,0.0,0.004296455424274973,0.0010498687664041995
0.0004783926008611067,0.0008269588587967748,0.010050251256281407,0.0010878433505575197,0.0010498687664041995
0.0004783926008611067,0.0,0.0,0.0,0.0027397260273972603
0.002515090543259557,0.0009532888465204957,0.0,0.004296455424274973,0.007099391480730223
0.0,0.0069767441860465115,0.0,0.004296455424274973,0.007099391480730223
0.0,0.0069767441860465115,0.0,0.0273972602739726,0.0010498687664041995
0.015655577299412915,0.00646551724137931,0.00102880658436214,0.0,0.0
0.0,0.00646551724137931,0.0012448132780082987,0.0018726591760299626,0.0
0.0004783926008611067,0.0008269588587967748,0.0006265664160401002,0.004296455424274973,0.0
0.0,0.0,0.0,0.0,0.0
0.0004783926008611067,0.0009532888465204957,0.0,0.004296455424274973,0.005443234836702955
0.0004783926008611067,0.0008269588587967748,0.0,0.0,0.0
0.002515090543259557,0.0009532888465204957,0.0004914004914004914,0.0,0.0010498687664041995
0.0,0.0,0.012727272727272728,0.0,0.0017667844522968198
0.0,0.0008269588587967748,0.022857142857142857,0.0,0.0010498687664041995
0.0004783926008611067,0.0,0.0,0.0010878433505575197,0.0
0.0,0.0008269588587967748,0.0006265664160401002,0.0,0.0010498687664041995
0.0004783926008611067,0.0,0.004705882352941176,0.004296455424274973,0.0010498687664041995
0.0,0.0,0.0004914004914004914,0.0,0.0010498687664041995
0.002515090543259557,0.0,0.0,0.0,0.005443234836702955
0.0004783926008611067,0.00646551724137931,0.00102880658436214,0.0,0.0010498687664041995
0.0004783926008611067,0.00815494393476045,0.007407407407407408,0.0,0.0010498687664041995
0.0004783926008611067,0.0009532888465204957,0.0006265664160401002,0.004296455424274973,0.0010498687664041995
0.0004783926008611067,0.0008269588587967748,0.0,0.0010878433505575197,0.0010498687664041995
0.015655577299412915,0.0009532888465204957,0.0006265664160401002,0.0,0.0
0.0004783926008611067,0.0008269588587967748,0.007407407407407408,0.004296455424274973,0.0
0.0,0.0008269588587967748,0.0,0.0,0.0
0.0004783926008611067,0.0008269588587967748,0.0012448132780082987,0.0,0.005443234836702955
0.0004783926008611067,0.0069767441860465115,0.007407407407407408,0.0,0.0007446016381236039
0.0004783926008611067,0.0008269588587967748,0.007407407407407408,0.0,0.0010498687664041995
0.0004783926008611067,0.0009532888465204957,0.0,0.0,0.005443234836702955
0.0004783926008611067,0.0008269588587967748,0.0004914004914004914,0.0018726591760299626,0.0
0.002515090543259557,0.0,0.00102880658436214,0.004296455424274973,0.0010498687664041995
0.0,0.0009532888465204957,0.012727272727272728,0.0,0.005443234836702955
0.0004783926008611067,0.0008269588587967748,0.0,0.003134796238244514,0.0027397260273972603
0.0,0.0008269588587967748,0.0,0.004296455424274973,0.0
0.002515090543259557,0.0008269588587967748,0.0004914004914004914,0.0,0.0
0.0004783926008611067,0.0008269588587967748,0.0006265664160401002,0.006829268292682927,0.005443234836702955
0.0004783926008611067,0.0,0.007407407407407408,0.0,0.0010498687664041995
0.0004783926008611067,0.0,0.0,0.0,0.0
0.0004783926008611067,0.0008269588587967748,0.0004914004914004914,0.0,0.0010498687664041995
0.002560819462227913,0.025906735751295335,0.0004914004914004914,0.010514018691588784,0.0
0.002515090543259557,0.0069767441860465115,0.0012448132780082987,0.002,0.005443234836702955
0.0004783926008611067,0.0,0.007407407407407408,0.0,0.0007446016381236039
0.0033613445378151263,0.0009532888465204957,0.0004914004914004914,0.0010878433505575197,0.0010498687664041995
0.002515090543259557,0.0,0.0,0.0018726591760299626,0.0
0.015655577299412915,0.0009532888465204957,0.007407407407407408,0.0010878433505575197,0.0010498687664041995
0.0033613445378151263,0.0008269588587967748,0.0004914004914004914,0.0,0.0
0.002515090543259557,0.0009532888465204957,0.0,0.0,0.0
0.0004783926008611067,0.0,0.0,0.0,0.0
0.0004783926008611067,0.0008269588587967748,0.0,0.0,0.0010498687664041995
0.0,0.0,0.007407407407407408,0.0,0.007099391480730223
0.0004783926008611067,0.0,0.0,0.006829268292682927,0.005443234836702955
0.0004783926008611067,0.0,0.0,0.0018726591760299626,0.0
0.006369426751592357,0.0069767441860465115,0.007407407407407408,0.002,0.0010498687664041995
0.0,0.0008269588587967748,0.012727272727272728,0.0,0.007099391480730223
0.002560819462227913,0.0,0.0006265664160401002,0.0010878433505575197,0.015337423312883436
0.0004783926008611067,0.0,0.0012448132780082987,0.0,0.0
0.015655577299412915,0.0008269588587967748,0.0012448132780082987,0.0010878433505575197,0.0
0.0004783926008611067,0.00646551724137931,0.007407407407407408,0.0010878433505575197,0.0
0.0,0.0008269588587967748,0.0,0.0,0.007099391480730223
0.0004783926008611067,0.00646551724137931,0.012727272727272728,0.004296455424274973,0.0007446016381236039
0.002515090543259557,0.0008269588587967748,0.0012448132780082987,0.004296455424274973,0.0007446016381236039
0.0,0.0008269588587967748,0.0004914004914004914,0.0,0.0010498687664041995
0.0004783926008611067,0.0009532888465204957,0.0,0.0018726591760299626,0.0
0.002515090543259557,0.0,0.0,0.0,0.005443234836702955
0.0004783926008611067,0.0,0.0,0.0018726591760299626,0.0010498687664041995
0.006369426751592357,0.0008269588587967748,0.0004914004914004914,0.006829268292682927,0.0
0.006369426751592357,0.0008269588587967748,0.0004914004914004914,0.0,0.0
0.015655577299412915,0.0008269588587967748,0.0,0.0010878433505575197,0.0010498687664041995
0.015655577299412915,0.00646551724137931,0.010050251256281407,0.0,0.11538461538461539
0.0004783926008611067,0.0008269588587967748,0.0012448132780082987,0.0,0.0
0.0,0.0,0.0,0.0010878433505575197,0.0010498687664041995
0.002515090543259557,0.0,0.0,0.0,0.0
0.0004783926008611067,0.0008269588587967748,0.0012448132780082987,0.0010878433505575197,0.0010498687664041995
0.0004783926008611067,0.00815494393476045,0.0,0.0010878433505575197,0.0010498687664041995
0.0004783926008611067,0.00815494393476045,0.0012448132780082987,0.006829268292682927,0.02258064516129032
0.0004783926008611067,0.0008269588587967748,0.0,0.010514018691588784,0.0027397260273972603
0.0004783926008611067,0.0008269588587967748,0.0,0.0,0.0010498687664041995
0.0033613445378151263,0.0069767441860465115,0.010050251256281407,0.0,0.0
0.0004783926008611067,0.0009532888465204957,0.00102880658436214,0.0010878433505575197,0.0007446016381236039
0.0004783926008611067,0.00815494393476045,0.0012448132780082987,0.0010878433505575197,0.0010498687664041995
0.0033613445378151263,0.00646551724137931,0.0,0.0010878433505575197,0.0007446016381236039
0.002515090543259557,0.0008269588587967748,0.0,0.004296455424274973,0.0
0.0,0.0008269588587967748,0.0,0.004296455424274973,0.015337423312883436
0.0,0.0009532888465204957,0.0004914004914004914,0.0010878433505575197,0.02258064516129032
0.002515090543259557,0.00815494393476045,0.0,0.0010878433505575197,0.015337423312883436
0.0004783926008611067,0.0008269588587967748,0.0004914004914004914,0.0,0.0012755102040816326
0.0004783926008611067,0.00815494393476045,0.007407407407407408,0.004296455424274973,0.0010498687664041995
0.0004783926008611067,0.0069767441860465115,0.0012448132780082987,0.003134796238244514,0.0
0.0,0.0,0.0,0.006829268292682927,0.0010498687664041995
0.0033613445378151263,0.0008269588587967748,0.0006265664160401002,0.0273972602739726,0.0010498687664041995
0.015655577299412915,0.0,0.00102880658436214,0.0,0.0010498687664041995
0.0,0.00646551724137931,0.0,0.004296455424274973,0.0010498687664041995
0.0004783926008611067,0.0008269588587967748,0.012727272727272728,0.0,0.0
0.0,0.0069767441860465115,0.012727272727272728,0.0,0.0
0.0004783926008611067,0.0009532888465204957,0.0,0.0273972602739726,0.0010498687664041995
0.0004783926008611067,0.0,0.007407407407407408,0.004296455424274973,0.005443234836702955
0.002560819462227913,0.0,0.0,0.004296455424274973,0.0007446016381236039
0.0004783926008611067,0.0,0.00102880658436214,0.0010878433505575197,0.0027397260273972603
0.0004783926008611067,0.0008269588587967748,0.0,0.0018726591760299626,0.0
0.0004783926008611067,0.0008269588587967748,0.0,0.0,0.02258064516129032
0.015655577299412915,0.0008269588587967748,0.0,0.002,0.0
0.0004783926008611067,0.0009532888465204957,0.007407407407407408,0.0010878433505575197,0.0012755102040816326
0.0004783926008611067,0.00815494393476045,0.0,0.0018726591760299626,0.0010498687664041995
0.015655577299412915,0.0009532888465204957,0.0,0.0010878433505575197,0.015337423312883436
0.0004783926008611067,0.0069767441860465115,0.007407407407407408,0.0,0.015337423312883436
0.0004783926008611067,0.0008269588587967748,0.0004914004914004914,0.0,0.0010498687664041995
0.0004783926008611067,0.0008269588587967748,0.0012448132780082987,0.0018726591760299626,0.0027397260273972603
0.0004783926008611067,0.0008269588587967748,0.0006265664160401002,0.0,0.0007446016381236039
0.0004783926008611067,0.025906735751295335,0.0004914004914004914,0.004296455424274973,0.0
0.0,0.0008269588587967748,0.0006265664160401002,0.0010878433505575197,0.0
0.002515090543259557,0.0008269588587967748,0.0006265664160401002,0.004296455424274973,0.0
0.0,0.0008269588587967748,0.0004914004914004914,0.0018726591760299626,0.007099391480730223
0.0004783926008611067,0.0,0.007407407407407408,0.0,0.0
0.002560819462227913,0.0069767441860465115,0.0,0.0010878433505575197,0.0007446016381236039
0.0,0.00815494393476045,0.007407407407407408,0.004296455424274973,0.0027397260273972603
0.002515090543259557,0.01702127659574468,0.0,0.0010878433505575197,0.0
0.0,0.0,0.0004914004914004914,0.0,0.0010498687664041995
0.0,0.0008269588587967748,0.0,0.0018726591760299626,0.007099391480730223
0.0004783926008611067,0.0008269588587967748,0.0,0.0,0.0
0.0004783926008611067,0.0,0.0006265664160401002,0.006829268292682927,0.0010498687664041995
0.0004783926008611067,0.0,0.0006265664160401002,0.0,0.0007446016381236039
0.0004783926008611067,0.00646551724137931,0.0004914004914004914,0.004296455424274973,0.0
0.0004783926008611067,0.025906735751295335,0.007407407407407408,0.0010878433505575197,0.005443234836702955
0.0004783926008611067,0.0,0.0,0.0,0.0010498687664041995
0.0004783926008611067,0.0,0.0,0.0010878433505575197,0.007099391480730223
0.0004783926008611067,0.0008269588587967748,0.0006265664160401002,0.0010878433505575197,0.0
0.0,0.0009532888465204957,0.007407407407407408,0.0010878433505575197,0.0010498687664041995
0.0,0.0,0.00102880658436214,0.0,0.0010498687664041995
0.0004783926008611067,0.0008269588587967748,0.0006265664160401002,0.0018726591760299626,0.0
0.0004783926008611067,0.0,0.00102880658436214,0.0,0.0
0.002560819462227913,0.01702127659574468,0.0012448132780082987,0.0,0.0
0.002515090543259557,0.0009532888465204957,0.0012448132780082987,0.0,0.0027397260273972603
0.0,0.0,0.0004914004914004914,0.0,0.0
0.0004783926008611067,0.0,0.004705882352941176,0.0,0.0
0.015655577299412915,0.00815494393476045,0.0012448132780082987,0.0,0.0007446016381236039
0.0004783926008611067,0.00646551724137931,0.0006265664160401002,0.0010878433505575197,0.005443234836702955
0.002560819462227913,0.0008269588587967748,0.0012448132780082987,0.0,0.0
0.0,0.0,0.004705882352941176,0.0,0.0012755102040816326
0.0,0.0009532888465204957,0.0012448132780082987,0.010514018691588784,0.0010498687664041995
0.0004783926008611067,0.0,0.0004914004914004914,0.0,0.0
0.0033613445378151263,0.00815494393476045,0.0,0.0,0.005443234836702955
0.0004783926008611067,0.0008269588587967748,0.0004914004914004914,0.0018726591760299626,0.0010498687664041995
0.0033613445378151263,0.0008269588587967748,0.0004914004914004914,0.0,0.0010498687664041995
0.0004783926008611067,0.025906735751295335,0.0,0.0,0.0012755102040816326
0.0004783926008611067,0.0,0.0,0.0,0.0
0.0004783926008611067,0.0009532888465204957,0.0,0.0,0.0010498687664041995
0.002560819462227913,0.00815494393476045,0.0006265664160401002,0.0018726591760299626,0.0
0.006369426751592357,0.0,0.0006265664160401002,0.0010878433505575197,0.0
0.0004783926008611067,0.0009532888465204957,0.0,0.004296455424274973,0.005443234836702955
0.0,0.0009532888465204957,0.0,0.0,0.0017667844522968198
0.0004783926008611067,0.0008269588587967748,0.0,0.0010878433505575197,0.0010498687664041995
0.002515090543259557,0.0009532888465204957,0.0,0.0010878433505575197,0.0010498687664041995
0.0,0.0008269588587967748,0.00102880658436214,0.003134796238244514,0.0010498687664041995
0.0004783926008611067,0.0009532888465204957,0.0,0.0,0.0010498687664041995
0.0004783926008611067,0.0009532888465204957,0.0,0.0,0.0010498687664041995
0.002515090543259557,0.0,0.0,0.0,0.015337423312883436
0.0033613445378151263,0.0008269588587967748,0.0,0.0010878433505575197,0.0007446016381236039
0.0004783926008611067,0.0008269588587967748,0.004705882352941176,0.0010878433505575197,0.007099391480730223
0.0033613445378151263,0.0009532888465204957,0.0004914004914004914,0.004296455424274973,0.0007446016381236039
0.0,0.0009532888465204957,0.007407407407407408,0.0018726591760299626,0.005443234836702955
0.002560819462227913,0.0008269588587967748,0.0006265664160401002,0.0010878433505575197,0.0010498687664041995
0.002515090543259557,0.0008269588587967748,0.007407407407407408,0.0018726591760299626,0.0010498687664041995
0.0004783926008611067,0.0,0.0,0.0010878433505575197,0.0010498687664041995
0.006369426751592357,0.0008269588587967748,0.0,0.0,0.0017667844522968198
0.0004783926008611067,0.0008269588587967748,0.0,0.004296455424274973,0.0017667844522968198
0.002515090543259557,0.0008269588587967748,0.0,0.0,0.0007446016381236039
0.0004783926008611067,0.0,0.022857142857142857,0.0,0.0010498687664041995
0.0004783926008611067,0.0,0.0004914004914004914,0.0,0.0010498687664041995
0.0,0.0,0.0,0.0010878433505575197,0.015337423312883436
0.015655577299412915,0.0,0.0,0.0010878433505575197,0.0010498687664041995
0.015655577299412915,0.0,0.0012448132780082987,0.004296455424274973,0.005443234836702955
0.0,0.0008269588587967748,0.00102880658436214,0.0010878433505575197,0.02258064516129032
0.006369426751592357,0.025906735751295335,0.0,0.006829268292682927,0.0012755102040816326
0.015655577299412915,0.0008269588587967748,0.00102880658436214,0.0,0.0010498687664041995
0.0004783926008611067,0.0008269588587967748,0.012727272727272728,0.010514018691588784,0.0010498687664041995
0.0004783926008611067,0.00646551724137931,0.0004914004914004914,0.004296455424274973,0.03571428571428571
0.002515090543259557,0.0008269588587967748,0.00102880658436214,0.0,0.015337423312883436
0.0004783926008611067,0.0008269588587967748,0.0,0.0,0.0017667844522968198
0.0004783926008611067,0.0,0.0004914004914004914,0.002,0.007099391480730223
0.0004783926008611067,0.0008269588587967748,0.004705882352941176,0.0,0.0
0.0004783926008611067,0.00815494393476045,0.0,0.0010878433505575197,0.005443234836702955
0.0004783926008611067,0.0,0.0,0.002,0.0
0.002515090543259557,0.0008269588587967748,0.0004914004914004914,0.0018726591760299626,0.005443234836702955
0.002515090543259557,0.0069767441860465115,0.0,0.0,0.0
0.0004783926008611067,0.0,0.0012448132780082987,0.0,0.0010498687664041995
0.002515090543259557,0.0008269588587967748,0.0,0.002,0.005443234836702955
0.0,0.0,0.0004914004914004914,0.0018726591760299626,0.0010498687664041995
0.0004783926008611067,0.0,0.0,0.0,0.0017667844522968198
0.0,0.0008269588587967748,0.0006265664160401002,0.0010878433505575197,0.0027397260273972603
0.0004783926008611067,0.0009532888465204957,0.0,0.004296455424274973,0.0
0.0004783926008611067,0.0,0.0006265664160401002,0.0018726591760299626,0.0010498687664041995
0.002560819462227913,0.0,0.0006265664160401002,0.0,0.007099391480730223
0.0004783926008611067,0.00646551724137931,0.012727272727272728,0.006829268292682927,0.0010498687664041995
0.015655577299412915,0.0009532888465204957,0.0006265664160401002,0.004296455424274973,0.0010498687664041995
0.002560819462227913,0.0009532888465204957,0.00102880658436214,0.0,0.015337423312883436
0.0,0.0,0.0,0.0018726591760299626,0.0010498687664041995
0.0,0.0069767441860465115,0.0,0.0,0.0
0.0,0.0,0.0,0.0010878433505575197,0.0010498687664041995
0.0004783926008611067,0.00646551724137931,0.0012448132780082987,0.0,0.005443234836702955
0.002515090543259557,0.00646551724137931,0.0004914004914004914,0.004296455424274973,0.0010498687664041995
0.0,0.0,0.0004914004914004914,0.0,0.007099391480730223
0.0004783926008611067,0.0,0.00102880658436214,0.010514018691588784,0.03571428571428571
0.015655577299412915,0.0009532888465204957,0.0012448132780082987,0.0,0.007099391480730223
0.015655577299412915,0.00646551724137931,0.007407407407407408,0.0,0.0007446016381236039
0.002515090543259557,0.0,0.007407407407407408,0.0010878433505575197,0.0
0.05,0.0,0.00102880658436214,0.010514018691588784,0.0010498687664041995
0.0033613445378151263,0.0008269588587967748,0.0004914004914004914,0.0,0.0010498687664041995
0.0004783926008611067,0.0,0.0006265664160401002,0.004296455424274973,0.015337423312883436
0.002515090543259557,0.0069767441860465115,0.0012448132780082987,0.0,0.0
0.0004783926008611067,0.0,0.0012448132780082987,0.010514018691588784,0.0010498687664041995
0.002515090543259557,0.0008269588587967748,0.0006265664160401002,0.0010878433505575197,0.0010498687664041995
0.0004783926008611067,0.0008269588587967748,0.0012448132780082987,0.003134796238244514,0.0
0.0004783926008611067,0.0008269588587967748,0.0012448132780082987,0.002,0.0010498687664041995
0.006369426751592357,0.0009532888465204957,0.0012448132780082987,0.0010878433505575197,0.0
0.0,0.0009532888465204957,0.0,0.0,0.0010498687664041995
0.05,0.0008269588587967748,0.0,0.002,0.007099391480730223
0.002560819462227913,0.0009532888465204957,0.0,0.0010878433505575197,0.0010498687664041995
0.002515090543259557,0.0008269588587967748,0.0004914004914004914,0.0010878433505575197,0.02258064516129032
0.0,0.0008269588587967748,0.0,0.004296455424274973,0.0027397260273972603
0.002515090543259557,0.0069767441860465115,0.0,0.003134796238244514,0.0010498687664041995
0.03225806451612903,0.0008269588587967748,0.00102880658436214,0.004296455424274973,0.0012755102040816326
0.002515090543259557,0.00815494393476045,0.0,0.0,0.0
0.0,0.0008269588587967748,0.0004914004914004914,0.0,0.0
0.0004783926008611067,0.0008269588587967748,0.0006265664160401002,0.004296455424274973,0.0010498687664041995
0.0004783926008611067,0.0,0.0,0.0,0.0
0.0004783926008611067,0.0,0.0,0.0010878433505575197,0.0017667844522968198
0.0004783926008611067,0.00815494393476045,0.0,0.0018726591760299626,0.0
0.0004783926008611067,0.0009532888465204957,0.007407407407407408,0.0,0.0
0.0004783926008611067,0.0069767441860465115,0.0012448132780082987,0.0010878433505575197,0.0
0.002515090543259557,0.0008269588587967748,0.0,0.0010878433505575197,0.0012755102040816326
0.0,0.0008269588587967748,0.0012448132780082987,0.0,0.0012755102040816326
0.0004783926008611067,0.0008269588587967748,0.0,0.004296455424274973,0.0
0.0004783926008611067,0.0009532888465204957,0.0,0.0,0.0
0.002515090543259557,0.0008269588587967748,0.0,0.010514018691588784,0.0012755102040816326
0.0004783926008611067,0.0,0.012727272727272728,0.0,0.0012755102040816326
0.006369426751592357,0.0008269588587967748,0.0004914004914004914,0.0018726591760299626,0.015337423312883436
0.0004783926008611067,0.0,0.007407407407407408,0.0,0.0
0.0004783926008611067,0.0008269588587967748,0.0012448132780082987,0.0010878433505575197,0.0
0.0004783926008611067,0.0,0.0006265664160401002,0.0,0.007099391480730223
0.0004783926008611067,0.0009532888465204957,0.0004914004914004914,0.004296455424274973,0.0017667844522968198
0.015655577299412915,0.0,0.007407407407407408,0.0,0.0010498687664041995
0.006369426751592357,0.0009532888465204957,0.007407407407407408,0.0,0.0010498687664041995
0.015655577299412915,0.0,0.0,0.0018726591760299626,0.007099391480730223
0.0004783926008611067,0.0009532888465204957,0.0004914004914004914,0.004296455424274973,0.0007446016381236039
0.0033613445378151263,0.00646551724137931,0.007407407407407408,0.002,0.0
0.0,0.0008269588587967748,0.0012448132780082987,0.004296455424274973,0.0
0.002515090543259557,0.0008269588587967748,0.007407407407407408,0.0010878433505575197,0.0012755102040816326
0.0004783926008611067,0.0009532888465204957,0.0,0.004296455424274973,0.0010498687664041995
0.0,0.0008269588587967748,0.0,0.0010878433505575197,0.0010498687664041995
0.0,0.0009532888465204957,0.0012448132780082987,0.0,0.0010498687664041995
0.0,0.0,0.0004914004914004914,0.0010878433505575197,0.005443234836702955
0.0004783926008611067,0.0008269588587967748,0.007407407407407408,0.0,0.0
0.0,0.0,0.0,0.0010878433505575197,0.015337423312883436
0.0004783926008611067,0.025906735751295335,0.0,0.0010878433505575197,0.0
0.002515090543259557,0.00815494393476045,0.0012448132780082987,0.004296455424274973,0.0
0.0004783926008611067,0.01702127659574468,0.0004914004914004914,0.0,0.0
0.002515090543259557,0.00646551724137931,0.0,0.0,0.005443234836702955
0.0,0.025906735751295335,0.0006265664160401002,0.0,0.0010498687664041995
0.0,0.0,0.0,0.0,0.0
0.0004783926008611067,0.0008269588587967748,0.007407407407407408,0.0,0.007099391480730223
0.015655577299412915,0.0008269588587967748,0.0,0.0,0.0
0.015655577299412915,0.0,0.0006265664160401002,0.0010878433505575197,0.0007446016381236039
0.0033613445378151263,0.01702127659574468,0.0004914004914004914,0.010514018691588784,0.0
0.0,0.00815494393476045,0.0004914004914004914,0.0010878433505575197,0.0
0.006369426751592357,0.0009532888465204957,0.0,0.0010878433505575197,0.007099391480730223
0.002515090543259557,0.0,0.007407407407407408,0.0,0.0
0.0,0.0008269588587967748,0.0012448132780082987,0.0,0.0
0.0004783926008611067,0.0,0.004705882352941176,0.0,0.0
0.002515090543259557,0.0008269588587967748,0.0004914004914004914,0.0,0.0
0.0004783926008611067,0.0009532888465204957,0.0006265664160401002,0.006829268292682927,0.0010498687664041995
0.0004783926008611067,0.01702127659574468,0.0012448132780082987,0.0010878433505575197,0.0017667844522968198
0.0004783926008611067,0.0009532888465204957,0.0004914004914004914,0.0018726591760299626,0.0
0.0,0.0008269588587967748,0.0004914004914004914,0.0,0.0012755102040816326
0.0004783926008611067,0.0008269588587967748,0.0,0.0,0.0
0.0004783926008611067,0.0008269588587967748,0.0012448132780082987,0.0,0.0027397260273972603
0.002515090543259557,0.0,0.0,0.0,0.015337423312883436
0.03225806451612903,0.0069767441860465115,0.010050251256281407,0.0,0.0
0.0,0.0008269588587967748,0.0,0.006829268292682927,0.0012755102040816326
0.0004783926008611067,0.0,0.004705882352941176,0.0018726591760299626,0.0
0.0,0.0,0.004705882352941176,0.0,0.0017667844522968198
0.002515090543259557,0.0069767441860465115,0.0,0.0,0.005443234836702955
0.0004783926008611067,0.0009532888465204957,0.0,0.004296455424274973,0.0012755102040816326
0.0004783926008611067,0.0,0.0012448132780082987,0.0,0.007099391480730223
0.006369426751592357,0.00815494393476045,0.0004914004914004914,0.006829268292682927,0.0010498687664041995
0.0,0.0069767441860465115,0.012727272727272728,0.0,0.0
0.0004783926008611067,0.0008269588587967748,0.0006265664160401002,0.0010878433505575197,0.005443234836702955
0.0,0.025906735751295335,0.0012448132780082987,0.0010878433505575197,0.015337423312883436
0.015655577299412915,0.0,0.0,0.0,0.015337423312883436
0.0004783926008611067,0.0,0.0006265664160401002,0.0,0.0010498687664041995
0.0004783926008611067,0.0,0.0012448132780082987,0.004296455424274973,0.0010498687664041995
0.015655577299412915,0.0008269588587967748,0.0,0.0,0.007099391480730223
0.0004783926008611067,0.0008269588587967748,0.0012448132780082987,0.0018726591760299626,0.0010498687664041995
0.0004783926008611067,0.0009532888465204957,0.0012448132780082987,0.0,0.0
0.002515090543259557,0.00646551724137931,0.00102880658436214,0.004296455424274973,0.0012755102040816326
0.05,0.0,0.0,0.0010878433505575197,0.0010498687664041995
0.0004783926008611067,0.0008269588587967748,0.0,0.0,0.0007446016381236039
0.0004783926008611067,0.00815494393476045,0.0,0.004296455424274973,0.0010498687664041995
0.006369426751592357,0.0008269588587967748,0.004705882352941176,0.0,0.007099391480730223
0.0004783926008611067,0.025906735751295335,0.0,0.0,0.0010498687664041995
0.0004783926008611067,0.00646551724137931,0.0,0.0010878433505575197,0.0
0.0004783926008611067,0.01702127659574468,0.0,0.0010878433505575197,0.0
0.015655577299412915,0.0,0.004705882352941176,0.006829268292682927,0.005443234836702955
0.0004783926008611067,0.0008269588587967748,0.00102880658436214,0.004296455424274973,0.0012755102040816326
0.015655577299412915,0.0,0.0006265664160401002,0.0,0.0010498687664041995
0.0004783926008611067,0.00815494393476045,0.0012448132780082987,0.004296455424274973,0.0010498687664041995
0.0004783926008611067,0.0008269588587967748,0.0012448132780082987,0.0,0.0007446016381236039
0.006369426751592357,0.0008269588587967748,0.0004914004914004914,0.0,0.0007446016381236039
0.002560819462227913,0.00646551724137931,0.0,0.0010878433505575197,0.005443234836702955
0.0004783926008611067,0.0008269588587967748,0.0004914004914004914,0.0,0.0010498687664041995
0.0,0.0,0.0012448132780082987,0.0,0.0010498687664041995
0.002515090543259557,0.0008269588587967748,0.007407407407407408,0.0,0.0010498687664041995
0.002515090543259557,0.00646551724137931,0.0004914004914004914,0.0010878433505575197,0.0
0.0004783926008611067,0.0009532888465204957,0.0,0.004296455424274973,0.0027397260273972603
0.0004783926008611067,0.0009532888465204957,0.0,0.0,0.0012755102040816326
0.0,0.00646551724137931,0.0006265664160401002,0.0010878433505575197,0.0007446016381236039
0.002560819462227913,0.0008269588587967748,0.0,0.0010878433505575197,0.0
0.0,0.00815494393476045,0.0004914004914004914,0.0018726591760299626,0.0
0.0004783926008611067,0.0,0.0,0.004296455424274973,0.0027397260273972603
0.002515090543259557,0.0,0.0,0.010514018691588784,0.0027397260273972603
0.0004783926008611067,0.0008269588587967748,0.0,0.0010878433505575197,0.007099391480730223
0.015655577299412915,0.0,0.0012448132780082987,0.0,0.0
0.0004783926008611067,0.0008269588587967748,0.0,0.004296455424274973,0.0017667844522968198
0.0,0.00815494393476045,0.00102880658436214,0.006829268292682927,0.0
0.0,0.0,0.0,0.0,0.0007446016381236039
0.0004783926008611067,0.0,0.0006265664160401002,0.010514018691588784,0.02258064516129032
0.0,0.0008269588587967748,0.0,0.0018726591760299626,0.0
0.015655577299412915,0.0009532888465204957,0.0,0.0,0.0010498687664041995
0.0,0.00646551724137931,0.007407407407407408,0.0018726591760299626,0.0
0.015655577299412915,0.0069767441860465115,0.00102880658436214,0.0273972602739726,0.0
0.0004783926008611067,0.00815494393476045,0.0006265664160401002,0.0,0.0
0.0004783926008611067,0.0008269588587967748,0.0,0.006829268292682927,0.0
0.015655577299412915,0.0,0.0004914004914004914,0.0,0.0010498687664041995
0.006369426751592357,0.0008269588587967748,0.0012448132780082987,0.0018726591760299626,0.0
0.0004783926008611067,0.0008269588587967748,0.0012448132780082987,0.004296455424274973,0.015337423312883436
0.0004783926008611067,0.0,0.0012448132780082987,0.0010878433505575197,0.0007446016381236039
0.0004783926008611067,0.0008269588587967748,0.0004914004914004914,0.0,0.0010498687664041995
0.0004783926008611067,0.0008269588587967748,0.012727272727272728,0.004296455424274973,0.005443234836702955
0.0004783926008611067,0.0009532888465204957,0.0006265664160401002,0.002,0.0
0.002560819462227913,0.0009532888465204957,0.0,0.0,0.005443234836702955
0.002515090543259557,0.0,0.007407407407407408,0.0010878433505575197,0.0007446016381236039
0.0004783926008611067,0.0008269588587967748,0.046511627906976744,0.0,0.0
0.0,0.0,0.0006265664160401002,0.004296455424274973,0.0007446016381236039
0.0,0.0,0.0012448132780082987,0.004296455424274973,0.007099391480730223
0.0033613445378151263,0.0,0.00102880658436214,0.0,0.0010498687664041995
0.0004783926008611067,0.0069767441860465115,0.0012448132780082987,0.0,0.0010498687664041995
0.002515090543259557,0.00815494393476045,0.007407407407407408,0.0018726591760299626,0.0017667844522968198
0.002515090543259557,0.0008269588587967748,0.007407407407407408,0.0,0.0
0.002560819462227913,0.0008269588587967748,0.0,0.010514018691588784,0.0007446016381236039
0.0,0.0,0.0,0.0010878433505575197,0.0010498687664041995
0.002560819462227913,0.0,0.0,0.0010878433505575197,0.0010498687664041995
0.0004783926008611067,0.0008269588587967748,0.0006265664160401002,0.0,0.0
0.002515090543259557,0.0008269588587967748,0.0006265664160401002,0.006829268292682927,0.0012755102040816326
0.0,0.0008269588587967748,0.0,0.0,0.005443234836702955
0.002560819462227913,0.0008269588587967748,0.0004914004914004914,0.0010878433505575197,0.0
0.0004783926008611067,0.0009532888465204957,0.007407407407407408,0.006829268292682927,0.0010498687664041995
0.0004783926008611067,0.01702127659574468,0.0012448132780082987,0.0,0.0012755102040816326
0.015655577299412915,0.0,0.0,0.0,0.0010498687664041995
0.002515090543259557,0.00646551724137931,0.0,0.004296455424274973,0.0010498687664041995
0.0004783926008611067,0.0,0.0004914004914004914,0.0,0.0027397260273972603
0.0033613445378151263,0.0,0.0,0.006829268292682927,0.0010498687664041995
0.0,0.0,0.0,0.0018726591760299626,0.0
0.0004783926008611067,0.0069767441860465115,0.0004914004914004914,0.0010878433505575197,0.015337423312883436
0.006369426751592357,0.0009532888465204957,0.0,0.0010878433505575197,0.0007446016381236039
0.0004783926008611067,0.0009532888465204957,0.0,0.0010878433505575197,0.0
0.0,0.0,0.004705882352941176,0.006829268292682927,0.0010498687664041995
0.0,0.0,0.046511627906976744,0.0010878433505575197,0.0007446016381236039
0.006369426751592357,0.0008269588587967748,0.007407407407407408,0.0,0.0
0.015655577299412915,0.0009532888465204957,0.0,0.0,0.0
0.0,0.0,0.0,0.004296455424274973,0.0012755102040816326
0.0004783926008611067,0.0008269588587967748,0.004705882352941176,0.0010878433505575197,0.0007446016381236039
0.0,0.00646551724137931,0.0012448132780082987,0.0010878433505575197,0.0
0.0004783926008611067,0.0009532888465204957,0.007407407407407408,0.0,0.0010498687664041995
0.015655577299412915,0.0,0.0012448132780082987,0.0,0.007099391480730223
0.006369426751592357,0.0,0.012727272727272728,0.004296455424274973,0.0010498687664041995
0.002515090543259557,0.0,0.0004914004914004914,0.0010878433505575197,0.0
0.0004783926008611067,0.01702127659574468,0.004705882352941176,0.0,0.0007446016381236039
0.0,0.01702127659574468,0.046511627906976744,0.0,0.0
0.002515090543259557,0.0008269588587967748,0.00102880658436214,0.0010878433505575197,0.0010498687664041995
0.0004783926008611067,0.0008269588587967748,0.00102880658436214,0.0010878433505575197,0.0010498687664041995
0.0004783926008611067,0.0,0.004705882352941176,0.004296455424274973,0.0010498687664041995
0.002560819462227913,0.0009532888465204957,0.0,0.0010878433505575197,0.0
0.0,0.0008269588587967748,0.0012448132780082987,0.0010878433505575197,0.007099391480730223
0.0004783926008611067,0.0069767441860465115,0.00102880658436214,0.0018726591760299626,0.0010498687664041995
0.0033613445378151263,0.0009532888465204957,0.0004914004914004914,0.0,0.0010498687664041995
0.002560819462227913,0.0008269588587967748,0.007407407407407408,0.0,0.0
0.0004783926008611067,0.0,0.0006265664160401002,0.002,0.0007446016381236039
0.0,0.0008269588587967748,0.0,0.0,0.0017667844522968198
0.0004783926008611067,0.00646551724137931,0.0012448132780082987,0.0010878433505575197,0.0
0.0004783926008611067,0.0008269588587967748,0.0006265664160401002,0.0,0.0010498687664041995
0.002515090543259557,0.0008269588587967748,0.0,0.0010878433505575197,0.0012755102040816326
0.0,0.00646551724137931,0.0,0.0,0.0
0.0,0.1111111111111111,0.007407407407407408,0.0010878433505575197,0.02258064516129032
0.0004783926008611067,0.0,0.0004914004914004914,0.004296455424274973,0.0
0.0,0.0069767441860465115,0.012727272727272728,0.0,0.0012755102040816326
0.0,0.0008269588587967748,0.0004914004914004914,0.0,0.007099391480730223
0.0,0.0008269588587967748,0.0,0.0010878433505575197,0.0010498687664041995
0.0004783926008611067,0.0008269588587967748,0.0,0.0010878433505575197,0.0
0.0,0.0008269588587967748,0.0,0.0,0.0012755102040816326
0.0,0.0008269588587967748,0.0004914004914004914,0.010514018691588784,0.007099391480730223
0.0,0.0009532888465204957,0.0,0.006829268292682927,0.005443234836702955
0.0,0.0008269588587967748,0.0004914004914004914,0.0,0.0
0.015655577299412915,0.0008269588587967748,0.007407407407407408,0.0,0.0007446016381236039
0.015655577299412915,0.0008269588587967748,0.00102880658436214,0.0,0.0010498687664041995
0.015655577299412915,0.0009532888465204957,0.0012448132780082987,0.0,0.0
0.0033613445378151263,0.00815494393476045,0.0,0.0,0.0010498687664041995
0.002515090543259557,0.0,0.0004914004914004914,0.0,0.0007446016381236039
0.0004783926008611067,0.0,0.0,0.0010878433505575197,0.0007446016381236039
0.015655577299412915,0.0008269588587967748,0.00102880658436214,0.0,0.0007446016381236039
0.0004783926008611067,0.00646551724137931,0.0004914004914004914,0.0018726591760299626,0.0
0.0004783926008611067,0.0008269588587967748,0.004705882352941176,0.0,0.0010498687664041995
0.0,0.0,0.004705882352941176,0.002,0.007099391480730223
0.0,0.0008269588587967748,0.0,0.0,0.005443234836702955
0.0033613445378151263,0.0069767441860465115,0.007407407407407408,0.004296455424274973,0.0010498687664041995
0.0,0.00646551724137931,0.0006265664160401002,0.0010878433505575197,0.0
0.002515090543259557,0.0,0.004705882352941176,0.0,0.0010498687664041995
0.002515090543259557,0.0008269588587967748,0.022857142857142857,0.010514018691588784,0.0
0.002515090543259557,0.0,0.0012448132780082987,0.004296455424274973,0.0
0.0004783926008611067,0.00646551724137931,0.0,0.0010878433505575197,0.0010498687664041995
0.006369426751592357,0.0,0.004705882352941176,0.006829268292682927,0.0
0.0,0.0,0.0004914004914004914,0.006829268292682927,0.0012755102040816326
0.015655577299412915,0.0,0.0,0.004296455424274973,0.0017667844522968198
0.0004783926008611067,0.00815494393476045,0.012727272727272728,0.0010878433505575197,0.0007446016381236039
0.002515090543259557,0.0,0.0004914004914004914,0.006829268292682927,0.0027397260273972603
0.0004783926008611067,0.00815494393476045,0.0012448132780082987,0.006829268292682927,0.0
0.0,0.0008269588587967748,0.0012448132780082987,0.0010878433505575197,0.0010498687664041995
0.0,0.0,0.0,0.0010878433505575197,0.0
0.0,0.0008269588587967748,0.0,0.0,0.0
0.002560819462227913,0.0008269588587967748,0.007407407407407408,0.0010878433505575197,0.0010498687664041995
0.015655577299412915,0.0,0.0012448132780082987,0.004296455424274973,0.005443234836702955
0.0004783926008611067,0.0009532888465204957,0.007407407407407408,0.0010878433505575197,0.005443234836702955
0.0033613445378151263,0.0009532888465204957,0.0006265664160401002,0.004296455424274973,0.0
0.002515090543259557,0.0009532888465204957,0.0,0.0018726591760299626,0.0012755102040816326
0.002515090543259557,0.0069767441860465115,0.0004914004914004914,0.004296455424274973,0.0007446016381236039
0.0004783926008611067,0.0,0.004705882352941176,0.006829268292682927,0.007099391480730223
0.0004783926008611067,0.0,0.0,0.006829268292682927,0.0010498687664041995
0.0,0.0,0.0,0.004296455424274973,0.0010498687664041995
0.002515090543259557,0.0008269588587967748,0.0004914004914004914,0.0010878433505575197,0.005443234836702955
0.0,0.0008269588587967748,0.0,0.0010878433505575197,0.0
0.0,0.0,0.0004914004914004914,0.002,0.0
0.0004783926008611067,0.0,0.0,0.0010878433505575197,0.03571428571428571
0.0004783926008611067,0.0008269588587967748,0.007407407407407408,0.0018726591760299626,0.0012755102040816326
0.015655577299412915,0.0008269588587967748,0.0004914004914004914,0.004296455424274973,0.02258064516129032
0.0,0.0,0.0006265664160401002,0.010514018691588784,0.0010498687664041995
0.002515090543259557,0.0008269588587967748,0.0012448132780082987,0.0,0.02258064516129032
0.015655577299412915,0.0,0.007407407407407408,0.004296455424274973,0.0
0.002560819462227913,0.00646551724137931,0.0,0.010514018691588784,0.0
0.0004783926008611067,0.0008269588587967748,0.0,0.0010878433505575197,0.0010498687664041995
0.002560819462227913,0.0009532888465204957,0.007407407407407408,0.0010878433505575197,0.0010498687664041995
0.0,0.0069767441860465115,0.0006265664160401002,0.0,0.0012755102040816326
0.015655577299412915,0.0008269588587967748,0.0004914004914004914,0.0010878433505575197,0.0
0.0004783926008611067,0.0069767441860465115,0.0012448132780082987,0.006829268292682927,0.0010498687664041995
0.0004783926008611067,0.025906735751295335,0.0012448132780082987,0.0,0.0010498687664041995
0.0033613445378151263,0.0,0.0,0.004296455424274973,0.005443234836702955
0.0004783926008611067,0.0,0.007407407407407408,0.0,0.0007446016381236039
0.0033613445378151263,0.0,0.0012448132780082987,0.0018726591760299626,0.0010498687664041995
0.0004783926008611067,0.0008269588587967748,0.007407407407407408,0.0010878433505575197,0.0007446016381236039
0.0004783926008611067,0.0,0.0012448132780082987,0.0,0.0007446016381236039
0.0033613445378151263,0.0009532888465204957,0.0012448132780082987,0.0010878433505575197,0.007099391480730223
0.002515090543259557,0.0008269588587967748,0.0,0.0010878433505575197,0.0
0.002515090543259557,0.0008269588587967748,0.0012448132780082987,0.0,0.0
0.03225806451612903,0.0,0.0004914004914004914,0.0,0.015337423312883436
0.0,0.0008269588587967748,0.0004914004914004914,0.0,0.0
0.002515090543259557,0.006738785820656366,0.00102880658436214,0.0,0.0007446016381236039
0.002515090543259557,0.0,0.0,0.006829268292682927,0.015337423312883436
0.0004783926008611067,0.00646551724137931,0.00102880658436214,0.0,0.0010498687664041995
0.0004783926008611067,0.0008269588587967748,0.0,0.004296455424274973,0.0
0.0004783926008611067,0.0009532888465204957,0.0,0.0,0.0
0.006369426751592357,0.0,0.0,0.004296455424274973,0.0010498687664041995
0.0,0.0008269588587967748,0.004705882352941176,0.0,0.0
0.002560819462227913,0.0009532888465204957,0.0,0.0,0.0010498687664041995
0.0004783926008611067,0.0069767441860465115,0.012727272727272728,0.0010878433505575197,0.005443234836702955
0.0,0.0008269588587967748,0.0,0.07692307692307693,0.0007446016381236039
0.002515090543259557,0.0008269588587967748,0.0,0.0,0.0010498687664041995
0.0,0.0008269588587967748,0.0,0.0,0.0010498687664041995
0.002515090543259557,0.0069767441860465115,0.0,0.0010878433505575197,0.0
0.0004783926008611067,0.0008269588587967748,0.0004914004914004914,0.0018726591760299626,0.0010498687664041995
0.0004783926008611067,0.00646551724137931,0.0,0.0010878433505575197,0.0010498687664041995
0.002515090543259557,0.0009532888465204957,0.0,0.0,0.0
0.0033613445378151263,0.00815494393476045,0.007407407407407408,0.0,0.0
0.0004783926008611067,0.0069767441860465115,0.0012448132780082987,0.0,0.0027397260273972603
0.002560819462227913,0.01702127659574468,0.0004914004914004914,0.004296455424274973,0.0
0.0004783926008611067,0.0008269588587967748,0.0,0.0018726591760299626,0.0010498687664041995
0.002515090543259557,0.0008269588587967748,0.0,0.0,0.0
0.0,0.00646551724137931,0.004705882352941176,0.006829268292682927,0.0
0.015655577299412915,0.0008269588587967748,0.0,0.0,0.0010498687664041995
0.0004783926008611067,0.00815494393476045,0.0,0.004296455424274973,0.005443234836702955
0.0004783926008611067,0.0069767441860465115,0.007407407407407408,0.0010878433505575197,0.0027397260273972603
0.0004783926008611067,0.00646551724137931,0.0004914004914004914,0.0,0.0007446016381236039
0.015655577299412915,0.0,0.012727272727272728,0.0,0.0010498687664041995
0.002560819462227913,0.0008269588587967748,0.007407407407407408,0.0,0.0017667844522968198
0.0004783926008611067,0.0,0.0012448132780082987,0.003134796238244514,0.0027397260273972603
0.0,0.0,0.0,0.002,0.0
0.0004783926008611067,0.0008269588587967748,0.0004914004914004914,0.0010878433505575197,0.0
0.015655577299412915,0.01702127659574468,0.022857142857142857,0.0010878433505575197,0.0010498687664041995
0.0004783926008611067,0.0008269588587967748,0.0004914004914004914,0.0,0.0012755102040816326
0.0004783926008611067,0.0008269588587967748,0.0,0.0010878433505575197,0.0
0.0004783926008611067,0.00815494393476045,0.0004914004914004914,0.0,0.0
0.0004783926008611067,0.0,0.004705882352941176,0.0,0.0
0.015655577299412915,0.0008269588587967748,0.0004914004914004914,0.0,0.0017667844522968198
0.0004783926008611067,0.0008269588587967748,0.022857142857142857,0.010514018691588784,0.0010498687664041995
0.0004783926008611067,0.00815494393476045,0.007407407407407408,0.0,0.0
0.0004783926008611067,0.0008269588587967748,0.0,0.0,0.0012755102040816326
0.0,0.00815494393476045,0.0,0.006829268292682927,0.0007446016381236039
0.0004783926008611067,0.0009532888465204957,0.0,0.0,0.0027397260273972603
0.0004783926008611067,0.0,0.0006265664160401002,0.0018726591760299626,0.015337423312883436
0.0004783926008611067,0.025906735751295335,0.0,0.0010878433505575197,0.005443234836702955
0.0033613445378151263,0.0,0.00102880658436214,0.0018726591760299626,0.0010498687664041995
0.0004783926008611067,0.0008269588587967748,0.0006265664160401002,0.004296455424274973,0.0017667844522968198
0.0,0.0,0.00102880658436214,0.0010878433505575197,0.0
0.002560819462227913,0.0008269588587967748,0.0,0.002,0.0007446016381236039
0.0004783926008611067,0.0009532888465204957,0.022857142857142857,0.010514018691588784,0.007099391480730223
0.002515090543259557,0.0008269588587967748,0.007407407407407408,0.004296455424274973,0.0
0.002515090543259557,0.0,0.0006265664160401002,0.0010878433505575197,0.0007446016381236039
0.0,0.0008269588587967748,0.0004914004914004914,0.0,0.0010498687664041995
0.0004783926008611067,0.0008269588587967748,0.046511627906976744,0.004296455424274973,0.015337423312883436
0.0004783926008611067,0.00815494393476045,0.0,0.0,0.0010498687664041995
0.002560819462227913,0.0,0.007407407407407408,0.0010878433505575197,0.0010498687664041995
0.0004783926008611067,0.0008269588587967748,0.0,0.0010878433505575197,0.0
0.0,0.0,0.022857142857142857,0.004296455424274973,0.0007446016381236039
0.0,0.00646551724137931,0.0012448132780082987,0.0010878433505575197,0.0010498687664041995
0.0004783926008611067,0.0,0.0,0.006829268292682927,0.0010498687664041995
0.0,0.0,0.012727272727272728,0.006829268292682927,0.0027397260273972603
0.0004783926008611067,0.0,0.00102880658436214,0.0,0.0
0.002560819462227913,0.0008269588587967748,0.0,0.0010878433505575197,0.015337423312883436
0.002515090543259557,0.00646551724137931,0.0004914004914004914,0.0,0.0012755102040816326
0.0,0.0,0.0006265664160401002,0.0010878433505575197,0.005443234836702955
0.0,0.0008269588587967748,0.0012448132780082987,0.0,0.007099391480730223
0.0004783926008611067,0.01702127659574468,0.0,0.0,0.0010498687664041995
0.0004783926008611067,0.0009532888465204957,0.0006265664160401002,0.006829268292682927,0.0010498687664041995
0.0004783926008611067,0.0008269588587967748,0.0004914004914004914,0.0010878433505575197,0.0012755102040816326
0.0,0.0009532888465204957,0.007407407407407408,0.002,0.0
0.0004783926008611067,0.0008269588587967748,0.0012448132780082987,0.0010878433505575197,0.0012755102040816326
0.0,0.0,0.0004914004914004914,0.0010878433505575197,0.005443234836702955
0.0,0.0008269588587967748,0.010050251256281407,0.004296455424274973,0.0
0.0,0.0008269588587967748,0.0,0.0018726591760299626,0.005443234836702955
0.0033613445378151263,0.0,0.0012448132780082987,0.0018726591760299626,0.0
0.015655577299412915,0.0,0.0012448132780082987,0.0,0.0
0.0,0.0008269588587967748,0.0,0.004296455424274973,0.0010498687664041995
0.0004783926008611067,0.0008269588587967748,0.0012448132780082987,0.0010878433505575197,0.0007446016381236039
0.0,0.025906735751295335,0.0004914004914004914,0.0018726591760299626,0.0
0.0004783926008611067,0.00646551724137931,0.0,0.006829268292682927,0.0010498687664041995
0.0004783926008611067,0.0008269588587967748,0.0,0.0,0.02258064516129032
0.002560819462227913,0.0,0.007407407407407408,0.010514018691588784,0.0007446016381236039
0.006369426751592357,0.00815494393476045,0.0012448132780082987,0.0010878433505575197,0.0
0.0004783926008611067,0.0,0.0006265664160401002,0.004296455424274973,0.0
0.0004783926008611067,0.00646551724137931,0.0004914004914004914,0.0,0.007099391480730223
0.002560819462227913,0.0008269588587967748,0.0012448132780082987,0.0,0.0
0.002515090543259557,0.0008269588587967748,0.0006265664160401002,0.002,0.0010498687664041995
0.002515090543259557,0.0008269588587967748,0.0,0.0010878433505575197,0.0010498687664041995
0.015655577299412915,0.00815494393476045,0.007407407407407408,0.004296455424274973,0.005443234836702955
0.0004783926008611067,0.0,0.0,0.0018726591760299626,0.0010498687664041995
0.0004783926008611067,0.0,0.007407407407407408,0.004296455424274973,0.0010498687664041995
0.0004783926008611067,0.0009532888465204957,0.0006265664160401002,0.004296455424274973,0.0007446016381236039
0.015655577299412915,0.0009532888465204957,0.0012448132780082987,0.0010878433505575197,0.0010498687664041995
0.0,0.0008269588587967748,0.0,0.0010878433505575197,0.005443234836702955
0.0004783926008611067,0.0009532888465204957,0.007407407407407408,0.0018726591760299626,0.0
0.0,0.0,0.0012448132780082987,0.0010878433505575197,0.007099391480730223
0.015655577299412915,0.0008269588587967748,0.0012448132780082987,0.0010878433505575197,0.0010498687664041995
0.0004783926008611067,0.0009532888465204957,0.0,0.0010878433505575197,0.007099391480730223
0.0,0.00646551724137931,0.0006265664160401002,0.0018726591760299626,0.005443234836702955
0.002515090543259557,0.0,0.0,0.0,0.0007446016381236039
0.002515090543259557,0.0009532888465204957,0.0,0.0010878433505575197,0.007099391480730223
0.0004783926008611067,0.0008269588587967748,0.0006265664160401002,0.006829268292682927,0.0
0.0,0.0009532888465204957,0.0006265664160401002,0.0,0.03571428571428571
0.0004783926008611067,0.0,0.0,0.0018726591760299626,0.0012755102040816326
0.0,0.0,0.00102880658436214,0.010514018691588784,0.0
0.002515090543259557,0.025906735751295335,0.0004914004914004914,0.004296455424274973,0.0007446016381236039
0.002515090543259557,0.0,0.0,0.0,0.0010498687664041995
0.0,0.0008269588587967748,0.007407407407407408,0.0010878433505575197,0.0017667844522968198
0.015655577299412915,0.0,0.0,0.004296455424274973,0.0017667844522968198
0.002560819462227913,0.025906735751295335,0.0006265664160401002,0.0010878433505575197,0.0007446016381236039
0.0033613445378151263,0.0069767441860465115,0.012727272727272728,0.0,0.0010498687664041995
0.0004783926008611067,0.0009532888465204957,0.0,0.004296455424274973,0.0027397260273972603
0.002515090543259557,0.0009532888465204957,0.0012448132780082987,0.0,0.0010498687664041995
0.0004783926008611067,0.0008269588587967748,0.0,0.0018726591760299626,0.007099391480730223
0.0004783926008611067,0.0,0.0012448132780082987,0.0018726591760299626,0.0
0.006369426751592357,0.00646551724137931,0.0,0.010514018691588784,0.005443234836702955
0.002515090543259557,0.00646551724137931,0.012727272727272728,0.002,0.015337423312883436
0.0004783926008611067,0.00815494393476045,0.012727272727272728,0.0018726591760299626,0.0010498687664041995
0.0033613445378151263,0.0,0.022857142857142857,0.0,0.02258064516129032
0.0004783926008611067,0.00646551724137931,0.00102880658436214,0.0,0.0017667844522968198
0.0004783926008611067,0.0,0.007407407407407408,0.0010878433505575197,0.0
0.006369426751592357,0.00646551724137931,0.0,0.004296455424274973,0.0027397260273972603
0.0,0.0008269588587967748,0.0,0.0010878433505575197,0.0
0.0,0.00815494393476045,0.0012448132780082987,0.0018726591760299626,0.0
0.0,0.0,0.0006265664160401002,0.004296455424274973,0.0
0.0,0.00815494393476045,0.012727272727272728,0.0010878433505575197,0.0
0.0033613445378151263,0.00815494393476045,0.0006265664160401002,0.0010878433505575197,0.0010498687664041995
0.0,0.0,0.0006265664160401002,0.004296455424274973,0.0010498687664041995
0.0004783926008611067,0.0009532888465204957,0.0004914004914004914,0.0,0.0010498687664041995
0.015655577299412915,0.00646551724137931,0.0,0.0,0.015337423312883436
0.0004783926008611067,0.0,0.0004914004914004914,0.010514018691588784,0.0010498687664041995
0.0033613445378151263,0.0008269588587967748,0.0,0.0010878433505575197,0.0
0.0,0.0008269588587967748,0.0012448132780082987,0.0010878433505575197,0.005443234836702955
0.002515090543259557,0.0008269588587967748,0.0004914004914004914,0.0,0.0010498687664041995
0.002515090543259557,0.0008269588587967748,0.0012448132780082987,0.006829268292682927,0.0012755102040816326
0.002515090543259557,0.0069767441860465115,0.012727272727272728,0.010514018691588784,0.0017667844522968198
0.0004783926008611067,0.0,0.0,0.0010878433505575197,0.0
0.002560819462227913,0.0069767441860465115,0.012727272727272728,0.004296455424274973,0.0
0.002515090543259557,0.0008269588587967748,0.022857142857142857,0.0,0.0
0.0004783926008611067,0.0008269588587967748,0.0,0.0010878433505575197,0.0007446016381236039
0.002515090543259557,0.0069767441860465115,0.007407407407407408,0.0018726591760299626,0.0
0.0,0.0,0.0,0.010514018691588784,0.0012755102040816326
0.0,0.0,0.00102880658436214,0.0010878433505575197,0.0
0.0,0.0,0.012727272727272728,0.006829268292682927,0.0027397260273972603
0.002515090543259557,0.0069767441860465115,0.00102880658436214,0.0010878433505575197,0.0007446016381236039
0.0004783926008611067,0.0008269588587967748,0.0,0.0,0.0
0.0004783926008611067,0.0009532888465204957,0.0004914004914004914,0.004296455424274973,0.0
0.0004783926008611067,0.00815494393476045,0.0006265664160401002,0.0010878433505575197,0.005443234836702955
0.0,0.0008269588587967748,0.007407407407407408,0.004296455424274973,0.0
0.0,0.0009532888465204957,0.0004914004914004914,0.010514018691588784,0.0010498687664041995
0.002560819462227913,0.00815494393476045,0.00102880658436214,0.004296455424274973,0.0012755102040816326
0.002515090543259557,0.0,0.0004914004914004914,0.0,0.0
0.0004783926008611067,0.00815494393476045,0.0,0.0010878433505575197,0.03571428571428571
0.006369426751592357,0.0,0.0006265664160401002,0.0,0.015337423312883436
0.002560819462227913,0.0,0.0,0.002,0.015337423312883436
0.0,0.0008269588587967748,0.0,0.0010878433505575197,0.007099391480730223
0.0004783926008611067,0.0009532888465204957,0.004705882352941176,0.0,0.0010498687664041995
0.0,0.00815494393476045,0.0,0.0010878433505575197,0.005443234836702955
0.002515090543259557,0.0008269588587967748,0.0012448132780082987,0.0010878433505575197,0.0
0.0,0.0008269588587967748,0.0,0.0010878433505575197,0.0010498687664041995
0.0004783926008611067,0.0,0.012727272727272728,0.0,0.005443234836702955
0.0004783926008611067,0.00815494393476045,0.00102880658436214,0.0,0.0010498687664041995
0.0,0.0,0.007407407407407408,0.0,0.015337423312883436
0.0004783926008611067,0.00646551724137931,0.0012448132780082987,0.0010878433505575197,0.0010498687664041995
0.002515090543259557,0.0008269588587967748,0.0,0.0,0.0010498687664041995
0.0,0.00815494393476045,0.0,0.0,0.0007446016381236039
0.0004783926008611067,0.0,0.00102880658436214,0.004296455424274973,0.0010498687664041995
0.0004783926008611067,0.0008269588587967748,0.0,0.0,0.0
0.002560819462227913,0.0,0.0004914004914004914,0.0010878433505575197,0.0007446016381236039
0.0,0.00646551724137931,0.0,0.0,0.0010498687664041995
0.015655577299412915,0.00815494393476045,0.0006265664160401002,0.0,0.005443234836702955
0.0004783926008611067,0.0008269588587967748,0.0,0.0010878433505575197,0.0007446016381236039
0.002515090543259557,0.0008269588587967748,0.0,0.002,0.0
0.002515090543259557,0.0009532888465204957,0.0004914004914004914,0.0,0.0
0.002515090543259557,0.00815494393476045,0.0,0.004296455424274973,0.0
0.0,0.00815494393476045,0.022857142857142857,0.0,0.0
0.0,0.0,0.0006265664160401002,0.0,0.0010498687664041995
0.0,0.00815494393476045,0.00102880658436214,0.0,0.02258064516129032
0.015655577299412915,0.0008269588587967748,0.0004914004914004914,0.0,0.005443234836702955
0.0004783926008611067,0.00646551724137931,0.0,0.0010878433505575197,0.005443234836702955
0.0004783926008611067,0.00646551724137931,0.0004914004914004914,0.0,0.007099391480730223
0.0004783926008611067,0.0008269588587967748,0.007407407407407408,0.0,0.0
0.0,0.0008269588587967748,0.022857142857142857,0.004296455424274973,0.0007446016381236039
0.0,0.0008269588587967748,0.0,0.004296455424274973,0.005443234836702955
0.0033613445378151263,0.0,0.0004914004914004914,0.0010878433505575197,0.005443234836702955
0.002515090543259557,0.00646551724137931,0.0012448132780082987,0.006829268292682927,0.0010498687664041995
0.0004783926008611067,0.00646551724137931,0.0004914004914004914,0.0,0.007099391480730223
0.002515090543259557,0.0008269588587967748,0.0006265664160401002,0.0010878433505575197,0.0010498687664041995
0.002515090543259557,0.0009532888465204957,0.0004914004914004914,0.0,0.0007446016381236039
0.0,0.00815494393476045,0.0012448132780082987,0.004296455424274973,0.0007446016381236039
0.0004783926008611067,0.0,0.0004914004914004914,0.003134796238244514,0.0017667844522968198
0.0004783926008611067,0.0,0.0004914004914004914,0.0,0.0
0.0004783926008611067,0.0,0.0012448132780082987,0.010514018691588784,0.0010498687664041995
0.015655577299412915,0.0008269588587967748,0.007407407407407408,0.010514018691588784,0.0
0.0,0.0,0.0,0.0010878433505575197,0.0
0.0,0.0,0.007407407407407408,0.0018726591760299626,0.0010498687664041995
0.0004783926008611067,0.0008269588587967748,0.0,0.004296455424274973,0.0
0.002515090543259557,0.0008269588587967748,0.0012448132780082987,0.0010878433505575197,0.0017667844522968198
0.0,0.0009532888465204957,0.0004914004914004914,0.0,0.0017667844522968198
0.0,0.0008269588587967748,0.0,0.006829268292682927,0.0010498687664041995
0.002560819462227913,0.0009532888465204957,0.012727272727272728,0.0010878433505575197,0.0010498687664041995
0.0,0.0008269588587967748,0.0,0.004296455424274973,0.0
0.0,0.0,0.012727272727272728,0.006829268292682927,0.0010498687664041995
0.0004783926008611067,0.0069767441860465115,0.0006265664160401002,0.0,0.0
0.002515090543259557,0.0009532888465204957,0.007407407407407408,0.0010878433505575197,0.007099391480730223
0.0,0.0,0.0006265664160401002,0.0,0.005443234836702955
0.0,0.0008269588587967748,0.0012448132780082987,0.0010878433505575197,0.0010498687664041995
0.002515090543259557,0.00815494393476045,0.0,0.004296455424274973,0.0010498687664041995
0.015655577299412915,0.0008269588587967748,0.004705882352941176,0.0,0.0027397260273972603
0.0004783926008611067,0.0,0.0004914004914004914,0.006829268292682927,0.005443234836702955
0.0004783926008611067,0.0008269588587967748,0.0,0.0,0.0
0.0004783926008611067,0.0,0.0,0.0010878433505575197,0.007099391480730223
0.0004783926008611067,0.0,0.0012448132780082987,0.002,0.005443234836702955
0.0004783926008611067,0.0009532888465204957,0.0006265664160401002,0.006829268292682927,0.0010498687664041995
0.0004783926008611067,0.0,0.00102880658436214,0.002,0.015337423312883436
0.0004783926008611067,0.025906735751295335,0.0004914004914004914,0.0010878433505575197,0.005443234836702955
0.002560819462227913,0.0008269588587967748,0.0012448132780082987,0.0,0.0010498687664041995
0.0004783926008611067,0.0,0.0004914004914004914,0.006829268292682927,0.0
0.0004783926008611067,0.0008269588587967748,0.0,0.0010878433505575197,0.015337423312883436
0.006369426751592357,0.0,0.0,0.0,0.0010498687664041995
0.002515090543259557,0.00646551724137931,0.0,0.0,0.0
0.002515090543259557,0.0009532888465204957,0.0,0.0,0.0007446016381236039
0.0,0.0008269588587967748,0.0006265664160401002,0.0018726591760299626,0.02258064516129032
0.0004783926008611067,0.0008269588587967748,0.0,0.0,0.015337423312883436
0.0004783926008611067,0.0009532888465204957,0.0,0.0010878433505575197,0.0
0.0004783926008611067,0.0,0.007407407407407408,0.006829268292682927,0.0012755102040816326
0.0,0.0,0.0006265664160401002,0.0,0.0017667844522968198
0.0004783926008611067,0.0,0.0012448132780082987,0.0010878433505575197,0.0
0.0004783926008611067,0.0,0.0012448132780082987,0.004296455424274973,0.0
0.006369426751592357,0.0,0.00102880658436214,0.010514018691588784,0.02258064516129032
0.0,0.00646551724137931,0.007407407407407408,0.002,0.0
0.0004783926008611067,0.0069767441860465115,0.010050251256281407,0.0,0.0010498687664041995
0.0004783926008611067,0.0009532888465204957,0.0,0.0018726591760299626,0.0
0.006369426751592357,0.0,0.0004914004914004914,0.003134796238244514,0.005443234836702955
0.0004783926008611067,0.0008269588587967748,0.0012448132780082987,0.0,0.0
0.0,0.00646551724137931,0.0,0.0010878433505575197,0.0
0.002560819462227913,0.0008269588587967748,0.0012448132780082987,0.010514018691588784,0.005443234836702955
0.0,0.0069767441860465115,0.0012448132780082987,0.0010878433505575197,0.0
0.0004783926008611067,0.0,0.0012448132780082987,0.002,0.0
0.0004783926008611067,0.00815494393476045,0.0012448132780082987,0.0018726591760299626,0.0010498687664041995
0.002515090543259557,0.0009532888465204957,0.0,0.0,0.0017667844522968198
0.015655577299412915,0.00646551724137931,0.00102880658436214,0.0,0.0010498687664041995
0.0004783926008611067,0.0,0.0004914004914004914,0.0010878433505575197,0.0012755102040816326
0.0,0.0008269588587967748,0.0004914004914004914,0.0010878433505575197,0.0010498687664041995
0.0,0.0009532888465204957,0.0004914004914004914,0.0010878433505575197,0.0010498687664041995
0.0004783926008611067,0.0009532888465204957,0.0006265664160401002,0.0,0.0
0.0004783926008611067,0.0008269588587967748,0.007407407407407408,0.0,0.0
0.002560819462227913,0.0008269588587967748,0.00102880658436214,0.002,0.015337423312883436
0.0,0.0008269588587967748,0.0006265664160401002,0.0010878433505575197,0.0017667844522968198
0.0004783926008611067,0.0008269588587967748,0.00102880658436214,0.0,0.0027397260273972603
0.0004783926008611067,0.0008269588587967748,0.0,0.0010878433505575197,0.0007446016381236039
0.0,0.0,0.0012448132780082987,0.0010878433505575197,0.005443234836702955
0.0,0.00815494393476045,0.0006265664160401002,0.0018726591760299626,0.005443234836702955
0.002560819462227913,0.00815494393476045,0.0012448132780082987,0.0010878433505575197,0.0
0.0004783926008611067,0.0,0.0004914004914004914,0.0,0.0012755102040816326
0.0,0.0009532888465204957,0.0012448132780082987,0.0010878433505575197,0.005443234836702955
0.002515090543259557,0.00646551724137931,0.004705882352941176,0.0010878433505575197,0.0
0.0,0.0009532888465204957,0.0,0.0010878433505575197,0.0017667844522968198
0.0004783926008611067,0.0,0.0004914004914004914,0.0,0.0
0.0004783926008611067,0.0,0.0006265664160401002,0.0,0.005443234836702955
0.0004783926008611067,0.0008269588587967748,0.00102880658436214,0.0,0.0010498687664041995
0.0004783926008611067,0.0,0.00102880658436214,0.0,0.0010498687664041995
0.0,0.0069767441860465115,0.0,0.002,0.0010498687664041995
0.002515090543259557,0.0008269588587967748,0.007407407407407408,0.0010878433505575197,0.007099391480730223
0.0004783926008611067,0.0008269588587967748,0.0004914004914004914,0.0273972602739726,0.0010498687664041995
0.0,0.0,0.0004914004914004914,0.004296455424274973,0.0010498687664041995
0.006369426751592357,0.0009532888465204957,0.007407407407407408,0.0010878433505575197,0.0007446016381236039
0.0,0.0008269588587967748,0.0006265664160401002,0.0018726591760299626,0.0
0.0004783926008611067,0.0008269588587967748,0.0004914004914004914,0.010514018691588784,0.007099391480730223
0.0004783926008611067,0.00815494393476045,0.0,0.0010878433505575197,0.0007446016381236039
0.0004783926008611067,0.0008269588587967748,0.0,0.0,0.005443234836702955
0.0004783926008611067,0.0009532888465204957,0.004705882352941176,0.0,0.0017667844522968198
0.0,0.0069767441860465115,0.0004914004914004914,0.010514018691588784,0.0010498687664041995
0.006369426751592357,0.0,0.0,0.0010878433505575197,0.0
0.006369426751592357,0.00815494393476045,0.0,0.0,0.0
0.015655577299412915,0.0,0.016819730748778326,0.0,0.0010498687664041995
0.002515090543259557,0.00646551724137931,0.0,0.0010878433505575197,0.0010498687664041995
0.0,0.0,0.0006265664160401002,0.006829268292682927,0.0012755102040816326
0.002515090543259557,0.0069767441860465115,0.0006265664160401002,0.0,0.0007446016381236039
0.002515090543259557,0.0,0.0004914004914004914,0.0010878433505575197,0.0010498687664041995
0.0004783926008611067,0.0,0.0,0.0,0.02258064516129032
0.002560819462227913,0.0,0.00102880658436214,0.0018726591760299626,0.0010498687664041995
0.0,0.0069767441860465115,0.0004914004914004914,0.002,0.0
0.0004783926008611067,0.0,0.0,0.006829268292682927,0.005443234836702955
0.015655577299412915,0.0,0.0,0.0,0.0
0.0033613445378151263,0.0008269588587967748,0.0,0.0018726591760299626,0.0010498687664041995
0.0004783926008611067,0.0,0.0006265664160401002,0.0,0.0010498687664041995
0.002515090543259557,0.0,0.0006265664160401002,0.0010878433505575197,0.0
0.0004783926008611067,0.0008269588587967748,0.00102880658436214,0.0,0.0010498687664041995
0.0004783926008611067,0.0009532888465204957,0.0006265664160401002,0.0010878433505575197,0.0
0.015655577299412915,0.0008269588587967748,0.0006265664160401002,0.004296455424274973,0.005443234836702955
0.002560819462227913,0.0069767441860465115,0.0004914004914004914,0.004296455424274973,0.0010498687664041995
0.0004783926008611067,0.0008269588587967748,0.0,0.0,0.015337423312883436
0.006369426751592357,0.0009532888465204957,0.0004914004914004914,0.0018726591760299626,0.015337423312883436
0.0,0.025906735751295335,0.0004914004914004914,0.0,0.0010498687664041995
0.015655577299412915,0.0,0.0004914004914004914,0.004296455424274973,0.0
0.0,0.0009532888465204957,0.0004914004914004914,0.0010878433505575197,0.0010498687664041995
0.0004783926008611067,0.0008269588587967748,0.0,0.0018726591760299626,0.0010498687664041995
0.002515090543259557,0.0008269588587967748,0.0,0.0,0.005443234836702955
0.0,0.0,0.0012448132780082987,0.0010878433505575197,0.007099391480730223
0.002515090543259557,0.0009532888465204957,0.0,0.006829268292682927,0.0010498687664041995
0.0004783926008611067,0.0008269588587967748,0.0004914004914004914,0.0,0.0010498687664041995
0.002515090543259557,0.0,0.007407407407407408,0.004296455424274973,0.0
0.0,0.0,0.007407407407407408,0.0010878433505575197,0.0012755102040816326
0.0004783926008611067,0.0,0.0012448132780082987,0.0018726591760299626,0.0
0.002560819462227913,0.0009532888465204957,0.022857142857142857,0.0010878433505575197,0.0
0.0033613445378151263,0.0008269588587967748,0.0012448132780082987,0.0010878433505575197,0.0
0.0004783926008611067,0.025906735751295335,0.0006265664160401002,0.010514018691588784,0.0010498687664041995
0.0004783926008611067,0.0009532888465204957,0.0,0.0,0.005443234836702955
0.0004783926008611067,0.00815494393476045,0.0,0.0018726591760299626,0.0010498687664041995
0.002515090543259557,0.0,0.0004914004914004914,0.0018726591760299626,0.0010498687664041995
0.0004783926008611067,0.0009532888465204957,0.00102880658436214,0.0,0.03571428571428571
0.0,0.0,0.0,0.003134796238244514,0.005443234836702955
0.0033613445378151263,0.0,0.0,0.006829268292682927,0.0
0.0004783926008611067,0.0008269588587967748,0.0012448132780082987,0.0010878433505575197,0.0
0.0,0.0,0.0,0.004296455424274973,0.0010498687664041995
0.015655577299412915,0.0008269588587967748,0.0012448132780082987,0.010514018691588784,0.0012755102040816326
0.015655577299412915,0.0,0.012727272727272728,0.010514018691588784,0.0010498687664041995
0.0,0.0008269588587967748,0.007407407407407408,0.0010878433505575197,0.015337423312883436
0.0004783926008611067,0.0069767441860465115,0.0,0.0010878433505575197,0.0
0.0,0.0008269588587967748,0.0,0.0,0.0
0.0,0.0,0.00102880658436214,0.0,0.0
0.0004783926008611067,0.0008269588587967748,0.0004914004914004914,0.0,0.0010498687664041995
0.0004783926008611067,0.0,0.0,0.0,0.0
0.0,0.0008269588587967748,0.0004914004914004914,0.0010878433505575197,0.0
0.0004783926008611067,0.0,0.0012448132780082987,0.004296455424274973,0.0010498687664041995
0.0004783926008611067,0.0009532888465204957,0.0012448132780082987,0.003134796238244514,0.0
0.0,0.0,0.0004914004914004914,0.0,0.0010498687664041995
0.015655577299412915,0.0008269588587967748,0.007407407407407408,0.0018726591760299626,0.005443234836702955
0.002560819462227913,0.0,0.022857142857142857,0.0,0.005443234836702955
0.002515090543259557,0.0,0.00102880658436214,0.004296455424274973,0.0007446016381236039
0.0,0.0008269588587967748,0.0,0.0,0.0007446016381236039
0.0004783926008611067,0.00646551724137931,0.0,0.0010878433505575197,0.005443234836702955
0.002560819462227913,0.00646551724137931,0.0,0.0010878433505575197,0.0
0.002515090543259557,0.0,0.00102880658436214,0.004296455424274973,0.0012755102040816326
0.0004783926008611067,0.0,0.0012448132780082987,0.0010878433505575197,0.0010498687664041995
0.0,0.0,0.0,0.002,0.0010498687664041995
0.0004783926008611067,0.0009532888465204957,0.007407407407407408,0.0,0.0017667844522968198
0.006369426751592357,0.0,0.0012448132780082987,0.0010878433505575197,0.0
0.0004783926008611067,0.00646551724137931,0.0,0.0,0.015337423312883436
0.0004783926008611067,0.0,0.022857142857142857,0.002,0.11538461538461539
0.002560819462227913,0.0009532888465204957,0.00102880658436214,0.0010878433505575197,0.0
0.0004783926008611067,0.0,0.0012448132780082987,0.002,0.015337423312883436
0.0004783926008611067,0.0,0.0004914004914004914,0.003134796238244514,0.0010498687664041995
0.0004783926008611067,0.0008269588587967748,0.0004914004914004914,0.0010878433505575197,0.0010498687664041995
0.0,0.0,0.004705882352941176,0.0018726591760299626,0.0
0.0004783926008611067,0.0008269588587967748,0.004705882352941176,0.0,0.005443234836702955
0.015655577299412915,0.0,0.0004914004914004914,0.0018726591760299626,0.0
0.0,0.0,0.0004914004914004914,0.004296455424274973,0.015337423312883436
0.0,0.0069767441860465115,0.0004914004914004914,0.0010878433505575197,0.0010498687664041995
0.0,0.00646551724137931,0.0,0.0,0.0010498687664041995
0.002515090543259557,0.0,0.012727272727272728,0.0010878433505575197,0.0
0.015655577299412915,0.025906735751295335,0.0,0.004296455424274973,0.0
0.0004783926008611067,0.0008269588587967748,0.0,0.004296455424274973,0.0007446016381236039
0.0,0.0008269588587967748,0.0004914004914004914,0.0,0.02258064516129032
0.0004783926008611067,0.0008269588587967748,0.0,0.0010878433505575197,0.0
0.002560819462227913,0.0008269588587967748,0.0006265664160401002,0.0,0.0
0.0004783926008611067,0.0008269588587967748,0.0006265664160401002,0.0010878433505575197,0.0027397260273972603
0.0,0.0,0.0012448132780082987,0.0018726591760299626,0.007099391480730223
0.0004783926008611067,0.0,0.0,0.0,0.0
0.0004783926008611067,0.0008269588587967748,0.0,0.0,0.0
0.0004783926008611067,0.0069767441860465115,0.0004914004914004914,0.0,0.015337423312883436
0.015655577299412915,0.0008269588587967748,0.00102880658436214,0.006829268292682927,0.007099391480730223
0.0033613445378151263,0.0069767441860465115,0.0,0.0,0.0010498687664041995
0.0004783926008611067,0.0009532888465204957,0.0004914004914004914,0.0010878433505575197,0.0010498687664041995
0.0004783926008611067,0.0,0.007407407407407408,0.004296455424274973,0.0
0.0004783926008611067,0.0,0.0,0.0010878433505575197,0.0010498687664041995
0.0,0.00646551724137931,0.0,0.0,0.0
0.0,0.0008269588587967748,0.0,0.0018726591760299626,0.0010498687664041995
0.0004783926008611067,0.0008269588587967748,0.0,0.0010878433505575197,0.0010498687664041995
0.0,0.0008269588587967748,0.0004914004914004914,0.0018726591760299626,0.0
0.002560819462227913,0.0009532888465204957,0.0,0.0018726591760299626,0.0012755102040816326
0.0004783926008611067,0.00646551724137931,0.007407407407407408,0.004296455424274973,0.0007446016381236039
0.0,0.0008269588587967748,0.0,0.0,0.0
0.0004783926008611067,0.0008269588587967748,0.0,0.0,0.03571428571428571
0.0,0.00815494393476045,0.0012448132780082987,0.004296455424274973,0.0010498687664041995
0.0004783926008611067,0.0008269588587967748,0.0004914004914004914,0.004296455424274973,0.0010498687664041995
0.0004783926008611067,0.00646551724137931,0.012727272727272728,0.0018726591760299626,0.0017667844522968198
0.0004783926008611067,0.00646551724137931,0.00102880658436214,0.0,0.0010498687664041995
0.0004783926008611067,0.0,0.0,0.0010878433505575197,0.0010498687664041995
0.002515090543259557,0.0,0.046511627906976744,0.0018726591760299626,0.0027397260273972603
0.015655577299412915,0.0008269588587967748,0.012727272727272728,0.0018726591760299626,0.0
0.006369426751592357,0.0,0.0012448132780082987,0.0010878433505575197,0.02258064516129032
0.0004783926008611067,0.0,0.0,0.0010878433505575197,0.0010498687664041995
0.0,0.0008269588587967748,0.0004914004914004914,0.0010878433505575197,0.007099391480730223
0.006369426751592357,0.0,0.0006265664160401002,0.0018726591760299626,0.0
0.002515090543259557,0.00815494393476045,0.0,0.0,0.005443234836702955
0.0,0.0,0.0,0.004296455424274973,0.0
0.0,0.0009532888465204957,0.007407407407407408,0.010514018691588784,0.007099391480730223
0.0004783926008611067,0.0009532888465204957,0.00102880658436214,0.0,0.015337423312883436
0.0,0.0008269588587967748,0.0012448132780082987,0.0,0.0
0.0004783926008611067,0.0009532888465204957,0.0,0.0,0.0
0.0,0.0008269588587967748,0.0006265664160401002,0.0010878433505575197,0.0
0.0033613445378151263,0.0008269588587967748,0.0,0.010514018691588784,0.0010498687664041995
0.002515090543259557,0.00646551724137931,0.0,0.010514018691588784,0.007099391480730223
0.006369426751592357,0.0009532888465204957,0.0012448132780082987,0.006829268292682927,0.0007446016381236039
0.015655577299412915,0.00815494393476045,0.0,0.002,0.0
0.0004783926008611067,0.0,0.0006265664160401002,0.0010878433505575197,0.0
0.0004783926008611067,0.0009532888465204957,0.0004914004914004914,0.003134796238244514,0.0010498687664041995
0.0,0.0008269588587967748,0.0004914004914004914,0.0,0.005443234836702955
0.002560819462227913,0.01702127659574468,0.0004914004914004914,0.0,0.0010498687664041995
0.0004783926008611067,0.0,0.0012448132780082987,0.0,0.0
0.0004783926008611067,0.0008269588587967748,0.0004914004914004914,0.0010878433505575197,0.0010498687664041995
0.0004783926008611067,0.0,0.0,0.006829268292682927,0.005443234836702955
0.0,0.0,0.0,0.0018726591760299626,0.0010498687664041995
0.015655577299412915,0.0009532888465204957,0.0,0.0010878433505575197,0.0010498687664041995
0.0004783926008611067,0.0009532888465204957,0.00102880658436214,0.0,0.0010498687664041995
0.0,0.00646551724137931,0.0012448132780082987,0.004296455424274973,0.0012755102040816326
0.0,0.00646551724137931,0.0,0.004296455424274973,0.0010498687664041995
0.0004783926008611067,0.025906735751295335,0.0012448132780082987,0.004296455424274973,0.0007446016381236039
0.0004783926008611067,0.0009532888465204957,0.0004914004914004914,0.0010878433505575197,0.0010498687664041995
0.0033613445378151263,0.0008269588587967748,0.0006265664160401002,0.0010878433505575197,0.005443234836702955
0.0033613445378151263,0.0008269588587967748,0.0006265664160401002,0.0,0.005443234836702955
0.0004783926008611067,0.0,0.0004914004914004914,0.0010878433505575197,0.0
0.0004783926008611067,0.0008269588587967748,0.0,0.0,0.02258064516129032
0.002560819462227913,0.0008269588587967748,0.0006265664160401002,0.0010878433505575197,0.0
0.002515090543259557,0.0,0.0,0.0,0.0010498687664041995
0.0004783926008611067,0.0,0.00102880658436214,0.0,0.0010498687664041995
0.002515090543259557,0.0009532888465204957,0.0004914004914004914,0.0,0.0017667844522968198
0.0,0.0008269588587967748,0.0004914004914004914,0.0,0.015337423312883436
0.0,0.0009532888465204957,0.012727272727272728,0.0010878433505575197,0.0012755102040816326
0.0,0.0,0.0,0.0010878433505575197,0.0
0.0004783926008611067,0.0069767441860465115,0.0,0.0010878433505575197,0.0007446016381236039
0.0,0.0069767441860465115,0.0004914004914004914,0.0,0.0
0.002515090543259557,0.0008269588587967748,0.0,0.0010878433505575197,0.015337423312883436
0.015655577299412915,0.0009532888465204957,0.0006265664160401002,0.0,0.015337423312883436
0.0,0.0008269588587967748,0.0,0.010514018691588784,0.0
0.0,0.00646551724137931,0.0012448132780082987,0.006829268292682927,0.0010498687664041995
0.0004783926008611067,0.00815494393476045,0.0,0.0010878433505575197,0.0
0.002515090543259557,0.00646551724137931,0.0,0.0,0.005443234836702955
0.006369426751592357,0.00815494393476045,0.0012448132780082987,0.0,0.0010498687664041995
0.0004783926008611067,0.0069767441860465115,0.0,0.0018726591760299626,0.0
0.0,0.0009532888465204957,0.00102880658436214,0.0010878433505575197,0.0
0.002560819462227913,0.0008269588587967748,0.0006265664160401002,0.004296455424274973,0.0
0.0,0.0,0.012727272727272728,0.0010878433505575197,0.0007446016381236039
0.0,0.0009532888465204957,0.0,0.0010878433505575197,0.0010498687664041995
0.0,0.0008269588587967748,0.0004914004914004914,0.0010878433505575197,0.007099391480730223
0.0004783926008611067,0.0,0.0012448132780082987,0.0,0.0
0.0004783926008611067,0.0009532888465204957,0.004705882352941176,0.0,0.0017667844522968198
0.0004783926008611067,0.0008269588587967748,0.0,0.010514018691588784,0.005443234836702955
0.0,0.00815494393476045,0.0,0.0010878433505575197,0.0007446016381236039
0.002515090543259557,0.0069767441860465115,0.0012448132780082987,0.0,0.0
0.002515090543259557,0.0,0.007407407407407408,0.0,0.0
0.0,0.00646551724137931,0.0,0.0273972602739726,0.0010498687664041995
0.006369426751592357,0.0,0.0,0.0,0.02258064516129032
0.0004783926008611067,0.0008269588587967748,0.00102880658436214,0.004296455424274973,0.0010498687664041995
0.015655577299412915,0.0008269588587967748,0.007407407407407408,0.0010878433505575197,0.007099391480730223
0.002515090543259557,0.0009532888465204957,0.0004914004914004914,0.004296455424274973,0.0010498687664041995
0.0033613445378151263,0.0,0.007407407407407408,0.0,0.0
0.0004783926008611067,0.0,0.0012448132780082987,0.0,0.0
0.002515090543259557,0.0,0.007407407407407408,0.0010878433505575197,0.007099391480730223
0.0,0.0009532888465204957,0.00102880658436214,0.0,0.0
0.0033613445378151263,0.0069767441860465115,0.0012448132780082987,0.0010878433505575197,0.005443234836702955
0.0,0.0,0.0006265664160401002,0.004296455424274973,0.0007446016381236039
0.002515090543259557,0.0,0.0006265664160401002,0.004296455424274973,0.0
0.0004783926008611067,0.0008269588587967748,0.007407407407407408,0.0,0.0007446016381236039
0.0004783926008611067,0.0,0.0,0.0,0.0
0.015655577299412915,0.0,0.007407407407407408,0.0010878433505575197,0.0
0.0,0.0,0.0,0.0,0.0
0.0004783926008611067,0.0,0.00102880658436214,0.0,0.0007446016381236039
0.0004783926008611067,0.0009532888465204957,0.0012448132780082987,0.0,0.0
0.0004783926008611067,0.0008269588587967748,0.0,0.0010878433505575197,0.007099391480730223
0.006369426751592357,0.0,0.0004914004914004914,0.0,0.015337423312883436
0.0004783926008611067,0.0,0.0,0.0010878433505575197,0.0012755102040816326
0.015655577299412915,0.0008269588587967748,0.0004914004914004914,0.0,0.0
0.0004783926008611067,0.0,0.0,0.004296455424274973,0.005443234836702955
0.0004783926008611067,0.0008269588587967748,0.0006265664160401002,0.003134796238244514,0.007099391480730223
0.002515090543259557,0.0008269588587967748,0.0,0.0018726591760299626,0.0010498687664041995
0.0004783926008611067,0.0,0.004705882352941176,0.0010878433505575197,0.007099391480730223
0.0004783926008611067,0.0008269588587967748,0.0,0.0018726591760299626,0.0
0.0004783926008611067,0.0009532888465204957,0.0012448132780082987,0.0,0.0007446016381236039
0.0004783926008611067,0.0,0.0,0.0010878433505575197,0.015337423312883436
0.0004783926008611067,0.0008269588587967748,0.0,0.0,0.0007446016381236039
0.006369426751592357,0.0,0.0,0.0,0.0007446016381236039
0.0,0.0008269588587967748,0.007407407407407408,0.0,0.0
0.0004783926008611067,0.0008269588587967748,0.0012448132780082987,0.004296455424274973,0.0010498687664041995
0.002515090543259557,0.0,0.0,0.004296455424274973,0.0010498687664041995
0.0004783926008611067,0.0008269588587967748,0.0012448132780082987,0.0010878433505575197,0.0010498687664041995
0.015655577299412915,0.0008269588587967748,0.0012448132780082987,0.004296455424274973,0.0010498687664041995
0.0,0.0008269588587967748,0.00102880658436214,0.0,0.0
0.0004783926008611067,0.0,0.004705882352941176,0.0,0.005443234836702955
0.0,0.0008269588587967748,0.012727272727272728,0.0,0.0
0.0004783926008611067,0.0008269588587967748,0.007407407407407408,0.0,0.0017667844522968198
0.0,0.0,0.012727272727272728,0.006829268292682927,0.0010498687664041995
0.0004783926008611067,0.0009532888465204957,0.0006265664160401002,0.006829268292682927,0.005443234836702955
0.0,0.0008269588587967748,0.012727272727272728,0.0010878433505575197,0.0010498687664041995
0.0004783926008611067,0.0,0.0004914004914004914,0.0018726591760299626,0.0
0.0,0.0009532888465204957,0.0004914004914004914,0.010514018691588784,0.0
0.0,0.00646551724137931,0.0012448132780082987,0.002,0.0010498687664041995
0.02857142857142857,0.0008269588587967748,0.0004914004914004914,0.0010878433505575197,0.0010498687664041995
0.0004783926008611067,0.0008269588587967748,0.0,0.0,0.0007446016381236039
0.0004783926008611067,0.0069767441860465115,0.022857142857142857,0.010514018691588784,0.0
0.002515090543259557,0.0009532888465204957,0.0,0.0,0.0010498687664041995
0.0004783926008611067,0.0008269588587967748,0.0004914004914004914,0.0010878433505575197,0.005443234836702955
0.0004783926008611067,0.0,0.0004914004914004914,0.0,0.015337423312883436
0.015655577299412915,0.0008269588587967748,0.0,0.0,0.0010498687664041995
0.015655577299412915,0.0008269588587967748,0.0006265664160401002,0.0010878433505575197,0.0007446016381236039
0.0004783926008611067,0.0009532888465204957,0.022857142857142857,0.004296455424274973,0.0
0.03225806451612903,0.0,0.0,0.0010878433505575197,0.0010498687664041995
0.0004783926008611067,0.0,0.007407407407407408,0.0,0.0007446016381236039
0.0,0.0008269588587967748,0.0012448132780082987,0.006829268292682927,0.0010498687664041995
0.002560819462227913,0.0,0.0012448132780082987,0.0,0.0010498687664041995
0.0033613445378151263,0.0009532888465204957,0.0,0.0,0.0012755102040816326
0.0004783926008611067,0.0,0.0004914004914004914,0.004296455424274973,0.0010498687664041995
0.0004783926008611067,0.0008269588587967748,0.0004914004914004914,0.0010878433505575197,0.0
0.0,0.0008269588587967748,0.0004914004914004914,0.0,0.0010498687664041995
0.002560819462227913,0.0009532888465204957,0.007407407407407408,0.0,0.005443234836702955
0.015655577299412915,0.0008269588587967748,0.0,0.010514018691588784,0.0010498687664041995
0.0,0.0009532888465204957,0.0012448132780082987,0.0,0.0027397260273972603
0.002560819462227913,0.0008269588587967748,0.00102880658436214,0.0,0.0010498687664041995
0.0,0.0008269588587967748,0.00102880658436214,0.003134796238244514,0.0010498687664041995
0.0,0.00815494393476045,0.0,0.0010878433505575197,0.0010498687664041995
0.0,0.0,0.0012448132780082987,0.0,0.0
0.0,0.0008269588587967748,0.00102880658436214,0.002,0.0010498687664041995
0.002515090543259557,0.0009532888465204957,0.0,0.0010878433505575197,0.0
0.002560819462227913,0.0008269588587967748,0.007407407407407408,0.0010878433505575197,0.0
0.015655577299412915,0.0009532888465204957,0.0006265664160401002,0.0,0.015337423312883436
0.0004783926008611067,0.0069767441860465115,0.0006265664160401002,0.0,0.0
0.0004783926008611067,0.0,0.0006265664160401002,0.004296455424274973,0.005443234836702955
0.015655577299412915,0.00815494393476045,0.007407407407407408,0.006829268292682927,0.0007446016381236039
0.015655577299412915,0.00815494393476045,0.0006265664160401002,0.004296455424274973,0.0
0.0,0.01702127659574468,0.0006265664160401002,0.0010878433505575197,0.015337423312883436
0.0033613445378151263,0.01702127659574468,0.0012448132780082987,0.004296455424274973,0.0017667844522968198
0.002515090543259557,0.0069767441860465115,0.007407407407407408,0.0,0.007099391480730223
0.0004783926008611067,0.0008269588587967748,0.0004914004914004914,0.0,0.0010498687664041995
0.0004783926008611067,0.0,0.0,0.0,0.0027397260273972603
0.002515090543259557,0.0,0.0,0.006829268292682927,0.0012755102040816326
0.015655577299412915,0.0009532888465204957,0.004705882352941176,0.0010878433505575197,0.0
0.0,0.00815494393476045,0.0004914004914004914,0.004296455424274973,0.0
0.002515090543259557,0.0,0.0,0.0,0.02258064516129032
0.0,0.0008269588587967748,0.007407407407407408,0.006829268292682927,0.0
0.002515090543259557,0.0008269588587967748,0.0,0.004296455424274973,0.0012755102040816326
0.0004783926008611067,0.0009532888465204957,0.0,0.0010878433505575197,0.0010498687664041995
0.0033613445378151263,0.0009532888465204957,0.0012448132780082987,0.002,0.005443234836702955
0.002515090543259557,0.0008269588587967748,0.010050251256281407,0.0,0.0007446016381236039
0.0004783926008611067,0.0008269588587967748,0.007407407407407408,0.0010878433505575197,0.0007446016381236039
0.0004783926008611067,0.0009532888465204957,0.0004914004914004914,0.0,0.0007446016381236039
0.0004783926008611067,0.00815494393476045,0.012727272727272728,0.006829268292682927,0.0007446016381236039
0.0004783926008611067,0.0009532888465204957,0.0004914004914004914,0.0,0.005443234836702955
0.0004783926008611067,0.0009532888465204957,0.0012448132780082987,0.0018726591760299626,0.0
0.002515090543259557,0.0009532888465204957,0.0004914004914004914,0.010514018691588784,0.007099391480730223
0.0,0.0008269588587967748,0.0,0.0,0.0012755102040816326
0.015655577299412915,0.0,0.0,0.0010878433505575197,0.0007446016381236039
0.0004783926008611067,0.0,0.012727272727272728,0.0010878433505575197,0.007099391480730223
0.0033613445378151263,0.0008269588587967748,0.012727272727272728,0.0,0.0
0.002560819462227913,0.0069767441860465115,0.0012448132780082987,0.0,0.0010498687664041995
0.0033613445378151263,0.0,0.010050251256281407,0.004296455424274973,0.02258064516129032
0.0,0.0,0.0004914004914004914,0.0,0.0010498687664041995
0.015655577299412915,0.0,0.0012448132780082987,0.0,0.0010498687664041995
0.0004783926008611067,0.0009532888465204957,0.007407407407407408,0.0010878433505575197,0.005443234836702955
0.0,0.01702127659574468,0.0006265664160401002,0.0,0.007099391480730223
0.0004783926008611067,0.0009532888465204957,0.0012448132780082987,0.0,0.0010498687664041995
0.0033613445378151263,0.0009532888465204957,0.0004914004914004914,0.004296455424274973,0.0
0.0,0.0008269588587967748,0.00102880658436214,0.006829268292682927,0.0010498687664041995
0.0004783926008611067,0.00646551724137931,0.00102880658436214,0.0010878433505575197,0.0007446016381236039
0.0004783926008611067,0.00815494393476045,0.004705882352941176,0.0010878433505575197,0.0010498687664041995
0.0033613445378151263,0.0009532888465204957,0.0,0.0,0.0010498687664041995
0.0033613445378151263,0.00815494393476045,0.0004914004914004914,0.0,0.0010498687664041995
0.002515090543259557,0.0008269588587967748,0.0012448132780082987,0.0,0.007099391480730223
0.0,0.0009532888465204957,0.007407407407407408,0.0018726591760299626,0.03571428571428571
0.002515090543259557,0.00646551724137931,0.004705882352941176,0.0010878433505575197,0.0
0.002515090543259557,0.01702127659574468,0.007407407407407408,0.0,0.007099391480730223
0.0,0.00646551724137931,0.0012448132780082987,0.004296455424274973,0.015337423312883436
0.0004783926008611067,0.0008269588587967748,0.0,0.004296455424274973,0.0007446016381236039
0.0,0.0069767441860465115,0.0004914004914004914,0.0,0.0
0.002515090543259557,0.0008269588587967748,0.0,0.0018726591760299626,0.0010498687664041995
0.002515090543259557,0.0,0.0004914004914004914,0.0010878433505575197,0.0
0.0,0.00646551724137931,0.022857142857142857,0.0,0.0010498687664041995
0.0,0.0008269588587967748,0.0,0.0010878433505575197,0.005443234836702955
0.002515090543259557,0.0008269588587967748,0.0006265664160401002,0.010514018691588784,0.0
0.006369426751592357,0.0,0.0004914004914004914,0.0,0.0007446016381236039
0.0,0.0009532888465204957,0.007407407407407408,0.0,0.0017667844522968198
0.0004783926008611067,0.0,0.0012448132780082987,0.0,0.015337423312883436
0.0004783926008611067,0.0,0.0,0.010514018691588784,0.005443234836702955
0.002515090543259557,0.0009532888465204957,0.0,0.0010878433505575197,0.0
0.0,0.00815494393476045,0.0012448132780082987,0.003134796238244514,0.0007446016381236039
0.0004783926008611067,0.0,0.0004914004914004914,0.0010878433505575197,0.0007446016381236039
0.002515090543259557,0.0009532888465204957,0.0,0.004296455424274973,0.0007446016381236039
0.002560819462227913,0.0008269588587967748,0.0004914004914004914,0.0010878433505575197,0.0007446016381236039
0.0,0.00646551724137931,0.007407407407407408,0.0018726591760299626,0.007099391480730223
0.015655577299412915,0.0,0.0,0.004296455424274973,0.0010498687664041995
0.0,0.0008269588587967748,0.0012448132780082987,0.004296455424274973,0.0007446016381236039
0.0,0.0,0.012727272727272728,0.0,0.0010498687664041995
0.0,0.0008269588587967748,0.00102880658436214,0.0010878433505575197,0.0010498687664041995
0.0,0.00646551724137931,0.007407407407407408,0.0,0.0010498687664041995
0.002560819462227913,0.0,0.007407407407407408,0.0,0.015337423312883436
0.0004783926008611067,0.0008269588587967748,0.0,0.002,0.0
0.015655577299412915,0.0008269588587967748,0.004705882352941176,0.0010878433505575197,0.0
0.0004783926008611067,0.0,0.0,0.0,0.0007446016381236039
0.002515090543259557,0.0008269588587967748,0.0004914004914004914,0.0010878433505575197,0.0
0.006369426751592357,0.0,0.0004914004914004914,0.0,0.015337423312883436
0.0004783926008611067,0.0,0.007407407407407408,0.0010878433505575197,0.0007446016381236039
0.002515090543259557,0.0008269588587967748,0.0012448132780082987,0.0010878433505575197,0.0007446016381236039
0.0,0.0008269588587967748,0.0012448132780082987,0.0018726591760299626,0.0
0.0,0.0008269588587967748,0.00102880658436214,0.0,0.005443234836702955
0.0,0.01702127659574468,0.0,0.0,0.0
0.006369426751592357,0.0,0.007407407407407408,0.0,0.0017667844522968198
0.0033613445378151263,0.0,0.00102880658436214,0.0,0.0
0.002515090543259557,0.0008269588587967748,0.0006265664160401002,0.0,0.0
0.0004783926008611067,0.00815494393476045,0.007407407407407408,0.0010878433505575197,0.0027397260273972603
0.0004783926008611067,0.0008269588587967748,0.0004914004914004914,0.0010878433505575197,0.005443234836702955
0.0033613445378151263,0.0008269588587967748,0.0012448132780082987,0.006829268292682927,0.0010498687664041995
0.002515090543259557,0.0009532888465204957,0.0,0.0,0.0
0.0,0.0,0.0,0.0010878433505575197,0.0010498687664041995
0.0,0.0,0.0004914004914004914,0.004296455424274973,0.0010498687664041995
0.0033613445378151263,0.0,0.0004914004914004914,0.0018726591760299626,0.0012755102040816326
0.0,0.0,0.0,0.004296455424274973,0.0
0.0004783926008611067,0.0009532888465204957,0.0,0.0,0.0010498687664041995
0.0004783926008611067,0.0008269588587967748,0.00102880658436214,0.0010878433505575197,0.0
0.0004783926008611067,0.0,0.00102880658436214,0.0010878433505575197,0.0012755102040816326
0.0004783926008611067,0.0,0.00102880658436214,0.0010878433505575197,0.0
0.0004783926008611067,0.0,0.0004914004914004914,0.0010878433505575197,0.0
0.0,0.0,0.0012448132780082987,0.0273972602739726,0.005443234836702955
0.0,0.0,0.0004914004914004914,0.0,0.0010498687664041995
0.015655577299412915,0.0069767441860465115,0.0,0.0,0.0
0.0004783926008611067,0.0009532888465204957,0.0,0.006829268292682927,0.0
0.0,0.0,0.0012448132780082987,0.004296455424274973,0.0010498687664041995
0.0,0.0008269588587967748,0.0004914004914004914,0.010514018691588784,0.0
0.0004783926008611067,0.00034401572099307333,0.0,0.0,0.0010498687664041995
0.0033613445378151263,0.0069767441860465115,0.0012448132780082987,0.0,0.0
0.0,0.00646551724137931,0.022857142857142857,0.0010878433505575197,0.0010498687664041995
0.0004783926008611067,0.0069767441860465115,0.0012448132780082987,0.0,0.0
0.0004783926008611067,0.025906735751295335,0.0012448132780082987,0.0,0.0
0.0,0.00646551724137931,0.0012448132780082987,0.0010878433505575197,0.0017667844522968198
0.0004783926008611067,0.00815494393476045,0.0,0.0,0.0
0.0,0.0,0.0012448132780082987,0.0,0.007099391480730223
0.002515090543259557,0.0,0.012727272727272728,0.0,0.0
0.0033613445378151263,0.0,0.012727272727272728,0.004296455424274973,0.0
0.0004783926008611067,0.00815494393476045,0.0012448132780082987,0.0,0.0
0.0004783926008611067,0.00646551724137931,0.0,0.0,0.007099391480730223
0.0004783926008611067,0.0009532888465204957,0.0012448132780082987,0.0018726591760299626,0.007099391480730223
0.0004783926008611067,0.0069767441860465115,0.0,0.0010878433505575197,0.0010498687664041995
0.0004783926008611067,0.0,0.0,0.0,0.0012755102040816326
0.0004783926008611067,0.01702127659574468,0.007407407407407408,0.004296455424274973,0.0012755102040816326
0.0,0.0,0.012727272727272728,0.0010878433505575197,0.0007446016381236039
0.002515090543259557,0.0,0.0,0.0,0.007099391480730223
0.0004783926008611067,0.00815494393476045,0.0004914004914004914,0.0018726591760299626,0.0010498687664041995
0.0004783926008611067,0.0008269588587967748,0.0,0.0,0.0027397260273972603
0.0004783926008611067,0.0008269588587967748,0.0,0.003134796238244514,0.0
0.002560819462227913,0.0008269588587967748,0.007407407407407408,0.0010878433505575197,0.0
0.002515090543259557,0.0,0.0004914004914004914,0.006829268292682927,0.005443234836702955
0.015655577299412915,0.0,0.0,0.004296455424274973,0.0
0.002515090543259557,0.00646551724137931,0.0004914004914004914,0.0018726591760299626,0.0010498687664041995
0.0004783926008611067,0.00646551724137931,0.010050251256281407,0.0,0.0010498687664041995
0.002515090543259557,0.0008269588587967748,0.0004914004914004914,0.006829268292682927,0.0
0.0004783926008611067,0.0,0.0006265664160401002,0.010514018691588784,0.0017667844522968198
0.0,0.0008269588587967748,0.004705882352941176,0.0,0.015337423312883436
0.006369426751592357,0.0,0.022857142857142857,0.006829268292682927,0.0
0.0004783926008611067,0.0008269588587967748,0.0012448132780082987,0.0,0.007099391480730223
0.0004783926008611067,0.0008269588587967748,0.0,0.004296455424274973,0.0010498687664041995
0.002515090543259557,0.0008269588587967748,0.0,0.0010878433505575197,0.0
0.0,0.0008269588587967748,0.0012448132780082987,0.0,0.0
0.0,0.0009532888465204957,0.0,0.004296455424274973,0.007099391480730223
0.002515090543259557,0.0008269588587967748,0.022857142857142857,0.0,0.0
0.002560819462227913,0.0,0.0,0.0,0.0010498687664041995
0.0004783926008611067,0.0008269588587967748,0.00102880658436214,0.0,0.0
0.0,0.0,0.0012448132780082987,0.0010878433505575197,0.0007446016381236039
0.002515090543259557,0.0,0.0006265664160401002,0.0,0.02258064516129032
0.0004783926008611067,0.01702127659574468,0.0,0.0,0.007099391480730223
0.0004783926008611067,0.0009532888465204957,0.012727272727272728,0.0018726591760299626,0.0
0.0,0.00646551724137931,0.0006265664160401002,0.0,0.0010498687664041995
0.002515090543259557,0.0069767441860465115,0.0012448132780082987,0.010514018691588784,0.0
0.0004783926008611067,0.0008269588587967748,0.010050251256281407,0.003134796238244514,0.015337423312883436
0.002515090543259557,0.0,0.007407407407407408,0.0018726591760299626,0.0
0.0004783926008611067,0.0,0.0,0.0010878433505575197,0.0010498687664041995
0.0004783926008611067,0.0008269588587967748,0.0006265664160401002,0.0,0.0
0.0,0.0008269588587967748,0.0,0.0,0.0010498687664041995
0.0,0.0,0.0004914004914004914,0.0,0.0012755102040816326
0.0033613445378151263,0.0,0.0012448132780082987,0.0010878433505575197,0.0017667844522968198
0.015655577299412915,0.0069767441860465115,0.0012448132780082987,0.004296455424274973,0.0010498687664041995
0.0004783926008611067,0.0,0.0006265664160401002,0.0,0.0
0.002515090543259557,0.0069767441860465115,0.0012448132780082987,0.010514018691588784,0.0010498687664041995
0.0004783926008611067,0.0008269588587967748,0.0,0.004296455424274973,0.0007446016381236039
0.0004783926008611067,0.00815494393476045,0.0,0.0010878433505575197,0.0
0.0004783926008611067,0.00815494393476045,0.0012448132780082987,0.004296455424274973,0.0
0.0004783926008611067,0.00646551724137931,0.00102880658436214,0.010514018691588784,0.0012755102040816326
0.002515090543259557,0.0009532888465204957,0.0012448132780082987,0.0,0.0010498687664041995
0.0,0.00815494393476045,0.0004914004914004914,0.004296455424274973,0.0
0.002515090543259557,0.0009532888465204957,0.0,0.0,0.007099391480730223
0.0004783926008611067,0.0,0.0012448132780082987,0.0010878433505575197,0.015337423312883436
0.002515090543259557,0.0,0.0,0.010514018691588784,0.0
0.0004783926008611067,0.0008269588587967748,0.0,0.0018726591760299626,0.0
0.0,0.0,0.0004914004914004914,0.0,0.005443234836702955
0.0004783926008611067,0.0008269588587967748,0.022857142857142857,0.0,0.0
0.0,0.0,0.00102880658436214,0.010514018691588784,0.0010498687664041995
0.0004783926008611067,0.0,0.0,0.0,0.0
0.0004783926008611067,0.00815494393476045,0.0006265664160401002,0.0,0.005443234836702955
0.0004783926008611067,0.0008269588587967748,0.0006265664160401002,0.0,0.007099391480730223
0.002515090543259557,0.025906735751295335,0.0,0.0010878433505575197,0.007099391480730223
0.0004783926008611067,0.0008269588587967748,0.0,0.006829268292682927,0.0017667844522968198
0.0,0.0009532888465204957,0.0004914004914004914,0.0010878433505575197,0.0
0.0,0.0,0.0004914004914004914,0.0,0.0
0.0004783926008611067,0.0008269588587967748,0.0012448132780082987,0.0,0.0027397260273972603
0.0004783926008611067,0.0008269588587967748,0.0004914004914004914,0.004296455424274973,0.0
0.002515090543259557,0.0,0.022857142857142857,0.004296455424274973,0.0010498687664041995
0.0,0.0009532888465204957,0.0012448132780082987,0.002,0.03571428571428571
0.0,0.0,0.0004914004914004914,0.0,0.0012755102040816326
0.0,0.0,0.0004914004914004914,0.0,0.015337423312883436
0.0,0.0,0.0012448132780082987,0.002,0.0007446016381236039
0.0,0.0069767441860465115,0.0,0.0,0.0
0.0,0.0,0.00102880658436214,0.0010878433505575197,0.005443234836702955
0.006369426751592357,0.0,0.0,0.0,0.015337423312883436
0.002515090543259557,0.00646551724137931,0.00102880658436214,0.006829268292682927,0.0010498687664041995
0.006369426751592357,0.0009532888465204957,0.0,0.0,0.0010498687664041995
0.0,0.0,0.007407407407407408,0.0,0.0010498687664041995
0.02857142857142857,0.0,0.0004914004914004914,0.0,0.0010498687664041995
0.015655577299412915,0.0,0.0012448132780082987,0.0,0.015337423312883436
0.0,0.0008269588587967748,0.004705882352941176,0.004296455424274973,0.0007446016381236039
0.0004783926008611067,0.0009532888465204957,0.0012448132780082987,0.003134796238244514,0.0010498687664041995
0.0004783926008611067,0.0,0.0012448132780082987,0.002,0.0
0.0,0.00646551724137931,0.0004914004914004914,0.0,0.0010498687664041995
0.0004783926008611067,0.0,0.007407407407407408,0.0,0.0027397260273972603
0.0004783926008611067,0.0069767441860465115,0.0,0.0,0.005443234836702955
0.0004783926008611067,0.0008269588587967748,0.0004914004914004914,0.010514018691588784,0.0017667844522968198
0.0004783926008611067,0.0,0.0004914004914004914,0.0,0.0
0.0,0.00815494393476045,0.0,0.0,0.0007446016381236039
0.0004783926008611067,0.0,0.0004914004914004914,0.0,0.0010498687664041995
0.002515090543259557,0.0009532888465204957,0.0,0.0,0.0010498687664041995
0.0,0.0008269588587967748,0.0012448132780082987,0.0,0.0
0.0,0.0,0.022857142857142857,0.0018726591760299626,0.005443234836702955
0.0,0.0008269588587967748,0.0,0.010514018691588784,0.0010498687664041995
0.002515090543259557,0.0,0.0,0.0010878433505575197,0.0010498687664041995
0.0,0.0008269588587967748,0.0,0.010514018691588784,0.005443234836702955
0.0004783926008611067,0.0008269588587967748,0.0006265664160401002,0.0,0.0010498687664041995
0.0004783926008611067,0.0,0.0012448132780082987,0.004296455424274973,0.015337423312883436
0.0033613445378151263,0.0008269588587967748,0.012727272727272728,0.0,0.0
0.0004783926008611067,0.0008269588587967748,0.00102880658436214,0.002,0.005443234836702955
0.002515090543259557,0.0,0.0006265664160401002,0.0010878433505575197,0.0007446016381236039
0.002560819462227913,0.0008269588587967748,0.022857142857142857,0.0,0.0010498687664041995
0.0,0.0,0.046511627906976744,0.0018726591760299626,0.0
0.002560819462227913,0.0008269588587967748,0.0,0.0018726591760299626,0.0
0.0,0.0,0.0,0.0,0.0027397260273972603
0.002515090543259557,0.0008269588587967748,0.022857142857142857,0.0,0.0012755102040816326
0.006369426751592357,0.01702127659574468,0.0012448132780082987,0.010514018691588784,0.0
0.006369426751592357,0.0008269588587967748,0.007407407407407408,0.0018726591760299626,0.0010498687664041995
0.015655577299412915,0.0,0.0006265664160401002,0.0,0.0017667844522968198
0.0004783926008611067,0.0,0.0004914004914004914,0.0,0.0007446016381236039
0.0033613445378151263,0.00646551724137931,0.0,0.0010878433505575197,0.0010498687664041995
0.0,0.00646551724137931,0.0,0.004296455424274973,0.0010498687664041995
0.0004783926008611067,0.00646551724137931,0.0004914004914004914,0.010514018691588784,0.0
0.0004783926008611067,0.0008269588587967748,0.007407407407407408,0.0,0.0
0.0004783926008611067,0.00815494393476045,0.0,0.0018726591760299626,0.005443234836702955
0.0004783926008611067,0.0008269588587967748,0.0,0.038461538461538464,0.0
0.0004783926008611067,0.0008269588587967748,0.0004914004914004914,0.0010878433505575197,0.0012755102040816326
0.0,0.0008269588587967748,0.022857142857142857,0.010514018691588784,0.0010498687664041995
0.0,0.0,0.012727272727272728,0.0,0.0
0.0004783926008611067,0.0009532888465204957,0.0004914004914004914,0.002,0.007099391480730223
0.0,0.0008269588587967748,0.0,0.004296455424274973,0.0
0.0004783926008611067,0.0008269588587967748,0.0004914004914004914,0.010514018691588784,0.007099391480730223
0.0004783926008611067,0.0,0.0,0.0,0.0012755102040816326
0.0,0.0,0.0004914004914004914,0.003134796238244514,0.005443234836702955
0.03225806451612903,0.0008269588587967748,0.012727272727272728,0.0010878433505575197,0.0027397260273972603
0.006369426751592357,0.0,0.012727272727272728,0.010514018691588784,0.0
0.015655577299412915,0.0008269588587967748,0.007407407407407408,0.004296455424274973,0.0017667844522968198
0.0004783926008611067,0.00646551724137931,0.0004914004914004914,0.0010878433505575197,0.0012755102040816326
0.0,0.0008269588587967748,0.0012448132780082987,0.0010878433505575197,0.007099391480730223
0.0,0.0069767441860465115,0.007407407407407408,0.0018726591760299626,0.007099391480730223
0.0033613445378151263,0.00815494393476045,0.0,0.0010878433505575197,0.0
0.0004783926008611067,0.0,0.0,0.0,0.0010498687664041995
0.0004783926008611067,0.00815494393476045,0.0,0.010514018691588784,0.0010498687664041995
0.0,0.0008269588587967748,0.0012448132780082987,0.0,0.0
0.0004783926008611067,0.0008269588587967748,0.0,0.006829268292682927,0.0
0.002560819462227913,0.0,0.007407407407407408,0.0,0.0007446016381236039
0.0,0.0009532888465204957,0.0,0.0,0.0010498687664041995
0.0,0.0008269588587967748,0.00102880658436214,0.004296455424274973,0.0010498687664041995
0.0,0.0,0.0012448132780082987,0.0010878433505575197,0.015337423312883436
0.0004783926008611067,0.0,0.00102880658436214,0.006829268292682927,0.0
0.002515090543259557,0.0008269588587967748,0.0,0.0010878433505575197,0.0017667844522968198
0.002515090543259557,0.0008269588587967748,0.0006265664160401002,0.0,0.0010498687664041995
0.002515090543259557,0.00646551724137931,0.0004914004914004914,0.0018726591760299626,0.015337423312883436
0.0004783926008611067,0.0,0.010050251256281407,0.004296455424274973,0.0
0.0,0.00815494393476045,0.012727272727272728,0.0,0.007099391480730223
0.0004783926008611067,0.0,0.0012448132780082987,0.004296455424274973,0.0
0.002515090543259557,0.0008269588587967748,0.0,0.0010878433505575197,0.0010498687664041995
0.0004783926008611067,0.0008269588587967748,0.0,0.0010878433505575197,0.0
0.0004783926008611067,0.01702127659574468,0.0,0.0,0.0010498687664041995
0.002560819462227913,0.0009532888465204957,0.0012448132780082987,0.002,0.0
0.0,0.0,0.0,0.0,0.0010498687664041995
0.0004783926008611067,0.0009532888465204957,0.00102880658436214,0.004296455424274973,0.0010498687664041995
0.0004783926008611067,0.0,0.0004914004914004914,0.0,0.0
0.0004783926008611067,0.0008269588587967748,0.0012448132780082987,0.004296455424274973,0.0
0.0,0.01702127659574468,0.0006265664160401002,0.002,0.02258064516129032
0.0004783926008611067,0.0008269588587967748,0.0012448132780082987,0.0,0.0
0.0,0.00815494393476045,0.0,0.0,0.015337423312883436
0.0,0.0,0.00102880658436214,0.0,0.0
0.0004783926008611067,0.0,0.0,0.004296455424274973,0.02258064516129032
0.0004783926008611067,0.0008269588587967748,0.0,0.006829268292682927,0.0
0.0004783926008611067,0.0,0.0004914004914004914,0.0,0.0
0.0,0.0,0.004705882352941176,0.0010878433505575197,0.0010498687664041995
0.002515090543259557,0.00815494393476045,0.0,0.0,0.0010498687664041995
0.0004783926008611067,0.0,0.0,0.0,0.0010498687664041995
0.0004783926008611067,0.0,0.0004914004914004914,0.0,0.0
0.0004783926008611067,0.0009532888465204957,0.0006265664160401002,0.0010878433505575197,0.015337423312883436
0.002515090543259557,0.0008269588587967748,0.00102880658436214,0.0010878433505575197,0.0010498687664041995
0.03225806451612903,0.0008269588587967748,0.0004914004914004914,0.0010878433505575197,0.0010498687664041995
0.0,0.0008269588587967748,0.0006265664160401002,0.0,0.0010498687664041995
0.0004783926008611067,0.00815494393476045,0.0004914004914004914,0.0,0.0017667844522968198
0.0004783926008611067,0.00815494393476045,0.0,0.0010878433505575197,0.0
0.0004783926008611067,0.0008269588587967748,0.0004914004914004914,0.0,0.007099391480730223
0.0033613445378151263,0.0008269588587967748,0.0,0.0010878433505575197,0.0007446016381236039
0.0004783926008611067,0.0008269588587967748,0.00102880658436214,0.0,0.0
0.0004783926008611067,0.00646551724137931,0.0012448132780082987,0.0,0.0
0.002515090543259557,0.00646551724137931,0.0,0.0,0.0010498687664041995
0.002560819462227913,0.0009532888465204957,0.0006265664160401002,0.0,0.007099391480730223
0.0004783926008611067,0.0,0.0012448132780082987,0.004296455424274973,0.0010498687664041995
0.0,0.0,0.0,0.0,0.0
0.0004783926008611067,0.0,0.00102880658436214,0.0,0.0010498687664041995
0.0,0.0008269588587967748,0.0,0.0010878433505575197,0.0
0.002515090543259557,0.0008269588587967748,0.0,0.004296455424274973,0.0010498687664041995
0.0004783926008611067,0.00646551724137931,0.0006265664160401002,0.0018726591760299626,0.0
0.0,0.0008269588587967748,0.0012448132780082987,0.0,0.005443234836702955
0.0004783926008611067,0.00815494393476045,0.0,0.0,0.005443234836702955
0.0004783926008611067,0.0008269588587967748,0.0004914004914004914,0.0010878433505575197,0.0007446016381236039
0.0,0.0008269588587967748,0.0004914004914004914,0.004296455424274973,0.03571428571428571
0.0004783926008611067,0.0008269588587967748,0.00102880658436214,0.0018726591760299626,0.0017667844522968198
0.0,0.0009532888465204957,0.0006265664160401002,0.0010878433505575197,0.0007446016381236039
0.0004783926008611067,0.0069767441860465115,0.0006265664160401002,0.0010878433505575197,0.0
0.0004783926008611067,0.0008269588587967748,0.0012448132780082987,0.0,0.0
0.0004783926008611067,0.0,0.0004914004914004914,0.0,0.0007446016381236039
0.002560819462227913,0.0009532888465204957,0.00102880658436214,0.006829268292682927,0.0
0.0004783926008611067,0.0,0.0,0.003134796238244514,0.0
0.0,0.00815494393476045,0.0,0.010514018691588784,0.007099391480730223
0.0,0.0008269588587967748,0.004705882352941176,0.0010878433505575197,0.0
0.0004783926008611067,0.0,0.004705882352941176,0.0,0.0017667844522968198
0.0,0.0,0.0006265664160401002,0.0018726591760299626,0.0010498687664041995
0.002515090543259557,0.0009532888465204957,0.012727272727272728,0.0,0.0
0.0,0.0008269588587967748,0.0006265664160401002,0.0010878433505575197,0.0
0.002515090543259557,0.0,0.0006265664160401002,0.004296455424274973,0.0010498687664041995
0.0004783926008611067,0.0009532888465204957,0.0,0.004296455424274973,0.005443234836702955
0.002560819462227913,0.0,0.0,0.0,0.0010498687664041995
0.006369426751592357,0.0,0.0006265664160401002,0.004296455424274973,0.0
0.015655577299412915,0.0008269588587967748,0.0012448132780082987,0.002,0.007099391480730223
0.015655577299412915,0.0009532888465204957,0.0,0.002,0.0012755102040816326
0.006369426751592357,0.0009532888465204957,0.0006265664160401002,0.0,0.0017667844522968198
0.002560819462227913,0.0,0.004705882352941176,0.0,0.0
0.0,0.00646551724137931,0.0,0.0,0.0
0.015655577299412915,0.00646551724137931,0.0012448132780082987,0.0010878433505575197,0.0
0.002515090543259557,0.0008269588587967748,0.0012448132780082987,0.004296455424274973,0.02258064516129032
0.0004783926008611067,0.0069767441860465115,0.0,0.0,0.007099391480730223
0.002515090543259557,0.046511627906976744,0.0006265664160401002,0.0018726591760299626,0.0010498687664041995
0.002515090543259557,0.0,0.0006265664160401002,0.0010878433505575197,0.005443234836702955
0.0,0.0,0.00102880658436214,0.0,0.0
0.015655577299412915,0.0,0.0,0.0010878433505575197,0.0010498687664041995
0.0033613445378151263,0.0,0.0006265664160401002,0.0010878433505575197,0.0
0.002515090543259557,0.0008269588587967748,0.0004914004914004914,0.0010878433505575197,0.0007446016381236039
0.0004783926008611067,0.0008269588587967748,0.0,0.004296455424274973,0.0
0.0033613445378151263,0.0008269588587967748,0.010050251256281407,0.0010878433505575197,0.007099391480730223
0.0004783926008611067,0.0008269588587967748,0.0,0.002,0.005443234836702955
0.002515090543259557,0.0009532888465204957,0.0012448132780082987,0.0018726591760299626,0.005443234836702955
0.0004783926008611067,0.0008269588587967748,0.00102880658436214,0.0010878433505575197,0.0010498687664041995
0.002560819462227913,0.0,0.0004914004914004914,0.0018726591760299626,0.0010498687664041995
0.0004783926008611067,0.0,0.0012448132780082987,0.0,0.007099391480730223
0.015655577299412915,0.0008269588587967748,0.0,0.004296455424274973,0.0
0.0004783926008611067,0.0,0.0,0.0,0.007099391480730223
0.0,0.0,0.0006265664160401002,0.002,0.0
0.0004783926008611067,0.00815494393476045,0.007407407407407408,0.0010878433505575197,0.005443234836702955
0.0,0.0008269588587967748,0.007407407407407408,0.003134796238244514,0.0007446016381236039
0.006369426751592357,0.0008269588587967748,0.007407407407407408,0.0,0.007099391480730223
0.0004783926008611067,0.0009532888465204957,0.0004914004914004914,0.006829268292682927,0.0010498687664041995
0.05,0.0008269588587967748,0.0004914004914004914,0.006829268292682927,0.015337423312883436
0.002515090543259557,0.00815494393476045,0.0006265664160401002,0.006829268292682927,0.0010498687664041995
0.0,0.0,0.0004914004914004914,0.0,0.0012755102040816326
0.0,0.00646551724137931,0.0006265664160401002,0.0010878433505575197,0.0
0.0004783926008611067,0.0008269588587967748,0.007407407407407408,0.0,0.015337423312883436
0.0004783926008611067,0.00646551724137931,0.0012448132780082987,0.0010878433505575197,0.0
0.0004783926008611067,0.00815494393476045,0.0,0.010514018691588784,0.0010498687664041995
0.0004783926008611067,0.0,0.0,0.004296455424274973,0.0012755102040816326
0.0004783926008611067,0.00646551724137931,0.0006265664160401002,0.0010878433505575197,0.0010498687664041995
0.0,0.0,0.0012448132780082987,0.0,0.0010498687664041995
0.0004783926008611067,0.0009532888465204957,0.0012448132780082987,0.0,0.02258064516129032
0.002515090543259557,0.00815494393476045,0.0,0.0010878433505575197,0.0027397260273972603
0.002515090543259557,0.0008269588587967748,0.0006265664160401002,0.002,0.0017667844522968198
0.0004783926008611067,0.0008269588587967748,0.022857142857142857,0.0010878433505575197,0.0
0.0004783926008611067,0.0008269588587967748,0.0004914004914004914,0.004296455424274973,0.0010498687664041995
0.0004783926008611067,0.0008269588587967748,0.007407407407407408,0.002,0.02258064516129032
0.0033613445378151263,0.0008269588587967748,0.015836242825867698,0.010514018691588784,0.0
0.0004783926008611067,0.0008269588587967748,0.0012448132780082987,0.0,0.0010498687664041995
0.0004783926008611067,0.01702127659574468,0.00102880658436214,0.010514018691588784,0.005443234836702955
0.002515090543259557,0.0008269588587967748,0.012727272727272728,0.0,0.0017667844522968198
0.0004783926008611067,0.0008269588587967748,0.0004914004914004914,0.0010878433505575197,0.0010498687664041995
0.0004783926008611067,0.0008269588587967748,0.0,0.0,0.0
0.0004783926008611067,0.0,0.0012448132780082987,0.0,0.0
0.0,0.0009532888465204957,0.007407407407407408,0.004296455424274973,0.0
0.0004783926008611067,0.0,0.0,0.010514018691588784,0.0
0.0004783926008611067,0.0009532888465204957,0.0004914004914004914,0.002,0.0010498687664041995
0.0004783926008611067,0.0008269588587967748,0.0012448132780082987,0.0,0.0007446016381236039
0.0,0.0009532888465204957,0.0,0.0,0.0007446016381236039
0.0004783926008611067,0.0009532888465204957,0.0006265664160401002,0.0,0.0
0.0,0.0009532888465204957,0.007407407407407408,0.004296455424274973,0.0010498687664041995
0.0004783926008611067,0.0,0.0,0.0010878433505575197,0.0
0.0,0.00646551724137931,0.0004914004914004914,0.006829268292682927,0.0
0.002560819462227913,0.0008269588587967748,0.004705882352941176,0.0018726591760299626,0.0010498687664041995
0.002515090543259557,0.0069767441860465115,0.0012448132780082987,0.004296455424274973,0.0007446016381236039
0.0004783926008611067,0.0009532888465204957,0.0,0.0,0.0010498687664041995
0.002515090543259557,0.00646551724137931,0.0,0.0,0.005443234836702955
0.0004783926008611067,0.0069767441860465115,0.0004914004914004914,0.004296455424274973,0.015337423312883436
0.002560819462227913,0.0,0.0,0.0,0.007099391480730223
0.0004783926008611067,0.0008269588587967748,0.0004914004914004914,0.0010878433505575197,0.0017667844522968198
0.0004783926008611067,0.0,0.0012448132780082987,0.0,0.0010498687664041995
0.006369426751592357,0.0,0.0012448132780082987,0.0018726591760299626,0.0
0.002515090543259557,0.0008269588587967748,0.0004914004914004914,0.004296455424274973,0.0
0.0,0.0009532888465204957,0.0,0.0,0.0010498687664041995
0.0004783926008611067,0.0008269588587967748,0.0,0.006829268292682927,0.0
0.002515090543259557,0.0,0.0,0.006829268292682927,0.0010498687664041995
0.002515090543259557,0.0,0.0004914004914004914,0.0,0.0010498687664041995
0.0004783926008611067,0.0009532888465204957,0.0012448132780082987,0.010514018691588784,0.0010498687664041995
0.015655577299412915,0.0,0.0,0.0,0.0
0.0004783926008611067,0.0008269588587967748,0.0006265664160401002,0.0,0.015337423312883436
0.0004783926008611067,0.0,0.022857142857142857,0.004296455424274973,0.007099391480730223
0.0004783926008611067,0.01702127659574468,0.0012448132780082987,0.0,0.0010498687664041995
0.0004783926008611067,0.0008269588587967748,0.0012448132780082987,0.004296455424274973,0.0010498687664041995
0.0004783926008611067,0.0008269588587967748,0.0,0.003134796238244514,0.0010498687664041995
0.0004783926008611067,0.0008269588587967748,0.007407407407407408,0.006829268292682927,0.0010498687664041995
0.015655577299412915,0.0,0.0,0.004296455424274973,0.0010498687664041995
0.015655577299412915,0.0008269588587967748,0.0006265664160401002,0.0,0.0007446016381236039
0.0004783926008611067,0.0,0.0,0.004296455424274973,0.0007446016381236039
0.0004783926008611067,0.0008269588587967748,0.0006265664160401002,0.0,0.0
0.0004783926008611067,0.0009532888465204957,0.0004914004914004914,0.004296455424274973,0.0010498687664041995
0.0004783926008611067,0.0,0.0004914004914004914,0.010514018691588784,0.0
0.0,0.00815494393476045,0.007407407407407408,0.006829268292682927,0.0007446016381236039
0.0,0.00646551724137931,0.012727272727272728,0.0,0.0017667844522968198
0.0004783926008611067,0.0,0.0012448132780082987,0.0,0.0010498687664041995
0.0004783926008611067,0.0009532888465204957,0.0012448132780082987,0.004296455424274973,0.0007446016381236039
0.0,0.0008269588587967748,0.0012448132780082987,0.0010878433505575197,0.0
0.0004783926008611067,0.0008269588587967748,0.0004914004914004914,0.0,0.0010498687664041995
0.0,0.0009532888465204957,0.0006265664160401002,0.0018726591760299626,0.0
0.002515090543259557,0.0008269588587967748,0.022857142857142857,0.0,0.0010498687664041995
0.0,0.00646551724137931,0.022857142857142857,0.0010878433505575197,0.005443234836702955
0.002515090543259557,0.0008269588587967748,0.0,0.006829268292682927,0.005443234836702955
0.0004783926008611067,0.0069767441860465115,0.007407407407407408,0.010514018691588784,0.007099391480730223
0.006369426751592357,0.0009532888465204957,0.012727272727272728,0.004296455424274973,0.005443234836702955
0.0,0.0069767441860465115,0.0,0.010514018691588784,0.0010498687664041995
0.0,0.0,0.004705882352941176,0.006829268292682927,0.0007446016381236039
0.0,0.0,0.0,0.0018726591760299626,0.0012755102040816326
0.002560819462227913,0.0,0.0004914004914004914,0.0010878433505575197,0.0010498687664041995
0.0004783926008611067,0.0,0.0004914004914004914,0.0,0.0
0.0033613445378151263,0.0,0.0,0.004296455424274973,0.015337423312883436
0.002515090543259557,0.0069767441860465115,0.0,0.006829268292682927,0.0
0.02857142857142857,0.0008269588587967748,0.0006265664160401002,0.010514018691588784,0.005443234836702955
0.015655577299412915,0.00646551724137931,0.0,0.004296455424274973,0.0012755102040816326
0.0004783926008611067,0.0008269588587967748,0.0012448132780082987,0.003134796238244514,0.02258064516129032
0.0004783926008611067,0.0008269588587967748,0.0,0.0,0.0010498687664041995
0.002515090543259557,0.0008269588587967748,0.0004914004914004914,0.0010878433505575197,0.0010498687664041995
0.0,0.0,0.0,0.004296455424274973,0.005443234836702955
0.0,0.0008269588587967748,0.0,0.0,0.005443234836702955
0.015655577299412915,0.0,0.0004914004914004914,0.0018726591760299626,0.0027397260273972603
0.006369426751592357,0.0009532888465204957,0.0004914004914004914,0.0,0.0007446016381236039
0.0004783926008611067,0.0008269588587967748,0.0004914004914004914,0.004296455424274973,0.02258064516129032
0.006369426751592357,0.0008269588587967748,0.007407407407407408,0.0018726591760299626,0.0
0.0004783926008611067,0.0,0.00102880658436214,0.0010878433505575197,0.0
0.002515090543259557,0.00646551724137931,0.0,0.003134796238244514,0.0010498687664041995
0.002560819462227913,0.0008269588587967748,0.004705882352941176,0.010514018691588784,0.0012755102040816326
0.002515090543259557,0.0069767441860465115,0.007407407407407408,0.006829268292682927,0.005443234836702955
0.0004783926008611067,0.0008269588587967748,0.0,0.0010878433505575197,0.0
0.0004783926008611067,0.0,0.0,0.0,0.0010498687664041995
0.0004783926008611067,0.0,0.0,0.0010878433505575197,0.0
0.0004783926008611067,0.0,0.0004914004914004914,0.0018726591760299626,0.0007446016381236039
0.0,0.00815494393476045,0.012727272727272728,0.0010878433505575197,0.0
0.0004783926008611067,0.0009532888465204957,0.0012448132780082987,0.0010878433505575197,0.0
0.002560819462227913,0.0008269588587967748,0.0,0.0,0.0017667844522968198
0.002515090543259557,0.0008269588587967748,0.0,0.0010878433505575197,0.0010498687664041995
0.002515090543259557,0.025906735751295335,0.0006265664160401002,0.0,0.0007446016381236039
0.0,0.0008269588587967748,0.0,0.0,0.007099391480730223
0.0,0.0069767441860465115,0.0,0.006829268292682927,0.0
0.0004783926008611067,0.0009532888465204957,0.022857142857142857,0.0,0.0
0.0004783926008611067,0.00646551724137931,0.0006265664160401002,0.0,0.007099391480730223
0.0004783926008611067,0.0008269588587967748,0.0006265664160401002,0.0010878433505575197,0.0010498687664041995
0.002515090543259557,0.0008269588587967748,0.0004914004914004914,0.0,0.0007446016381236039
0.0,0.0069767441860465115,0.0004914004914004914,0.0,0.005443234836702955
0.002515090543259557,0.00815494393476045,0.0,0.0018726591760299626,0.007099391480730223
0.006369426751592357,0.0,0.0012448132780082987,0.0,0.0010498687664041995
0.0004783926008611067,0.0008269588587967748,0.0,0.0010878433505575197,0.0010498687664041995
0.05,0.0,0.0012448132780082987,0.010514018691588784,0.005443234836702955
0.002515090543259557,0.0008269588587967748,0.0004914004914004914,0.006829268292682927,0.0
0.0004783926008611067,0.0,0.007407407407407408,0.0018726591760299626,0.0
0.0004783926008611067,0.0,0.0004914004914004914,0.010514018691588784,0.0
0.0004783926008611067,0.0,0.0,0.0,0.005443234836702955
0.0004783926008611067,0.0008269588587967748,0.0,0.0,0.0
0.006369426751592357,0.01702127659574468,0.012727272727272728,0.0,0.0017667844522968198
0.0004783926008611067,0.0009532888465204957,0.0,0.0,0.0
0.0,0.0,0.0,0.0,0.0007446016381236039
0.006369426751592357,0.0008269588587967748,0.0,0.0,0.0
0.002515090543259557,0.0069767441860465115,0.010050251256281407,0.0,0.0010498687664041995
0.006369426751592357,0.0009532888465204957,0.010050251256281407,0.0,0.0007446016381236039
0.0004783926008611067,0.0,0.00102880658436214,0.0,0.0
0.0,0.0,0.0012448132780082987,0.0010878433505575197,0.005443234836702955
0.002515090543259557,0.0009532888465204957,0.0,0.0010878433505575197,0.0
0.0004783926008611067,0.0008269588587967748,0.0004914004914004914,0.0010878433505575197,0.0012755102040816326
0.002515090543259557,0.00646551724137931,0.0,0.0010878433505575197,0.015337423312883436
0.002515090543259557,0.0009532888465204957,0.022857142857142857,0.004296455424274973,0.0010498687664041995
0.006369426751592357,0.01702127659574468,0.0,0.0,0.005443234836702955
0.002515090543259557,0.00646551724137931,0.0,0.0,0.0010498687664041995
0.015655577299412915,0.0009532888465204957,0.0,0.0,0.0
0.0,0.0008269588587967748,0.0006265664160401002,0.0,0.0
0.05,0.0,0.0,0.0010878433505575197,0.0
0.0004783926008611067,0.0,0.0004914004914004914,0.0010878433505575197,0.0010498687664041995
0.0004783926008611067,0.0069767441860465115,0.0004914004914004914,0.0,0.0
0.0033613445378151263,0.00815494393476045,0.007407407407407408,0.0,0.0
0.0,0.0008269588587967748,0.0012448132780082987,0.004296455424274973,0.0010498687664041995
0.002560819462227913,0.0008269588587967748,0.0,0.003134796238244514,0.005443234836702955
0.002560819462227913,0.0069767441860465115,0.0004914004914004914,0.0010878433505575197,0.0
0.0004783926008611067,0.00646551724137931,0.0004914004914004914,0.0,0.0010498687664041995
0.002515090543259557,0.0,0.007407407407407408,0.004296455424274973,0.0017667844522968198
0.002560819462227913,0.0008269588587967748,0.0004914004914004914,0.0010878433505575197,0.0010498687664041995
0.002515090543259557,0.0,0.00102880658436214,0.006829268292682927,0.0010498687664041995
0.05,0.0,0.0,0.0,0.0
0.0004783926008611067,0.0,0.0012448132780082987,0.0018726591760299626,0.0
0.0004783926008611067,0.0008269588587967748,0.0012448132780082987,0.0018726591760299626,0.0010498687664041995
0.006369426751592357,0.0009532888465204957,0.007407407407407408,0.010514018691588784,0.007099391480730223
0.002515090543259557,0.0009532888465204957,0.007407407407407408,0.0010878433505575197,0.007099391480730223
0.0,0.00815494393476045,0.0004914004914004914,0.0,0.0
0.0004783926008611067,0.0009532888465204957,0.0012448132780082987,0.0010878433505575197,0.015337423312883436
0.0,0.0008269588587967748,0.0,0.010514018691588784,0.0
0.0,0.0,0.0012448132780082987,0.010514018691588784,0.0
0.0004783926008611067,0.0008269588587967748,0.0,0.0,0.005443234836702955
0.0004783926008611067,0.0,0.0004914004914004914,0.004296455424274973,0.0012755102040816326
0.0033613445378151263,0.01702127659574468,0.0006265664160401002,0.0,0.0
0.0004783926008611067,0.0,0.0004914004914004914,0.0,0.0010498687664041995
0.0004783926008611067,0.00815494393476045,0.0012448132780082987,0.07692307692307693,0.005443234836702955
0.002515090543259557,0.0,0.007407407407407408,0.0010878433505575197,0.0
0.0004783926008611067,0.00815494393476045,0.0006265664160401002,0.0,0.0
0.0004783926008611067,0.0008269588587967748,0.010050251256281407,0.0010878433505575197,0.0
0.0,0.00815494393476045,0.004705882352941176,0.0,0.0
0.002515090543259557,0.0069767441860465115,0.010050251256281407,0.0010878433505575197,0.007099391480730223
0.0,0.0,0.0,0.0018726591760299626,0.0
0.0004783926008611067,0.0008269588587967748,0.0012448132780082987,0.0010878433505575197,0.0
0.0004783926008611067,0.025906735751295335,0.0006265664160401002,0.006829268292682927,0.0010498687664041995
0.002515090543259557,0.0,0.0012448132780082987,0.004296455424274973,0.0
0.002560819462227913,0.00646551724137931,0.0,0.006829268292682927,0.015337423312883436
0.0004783926008611067,0.0,0.0006265664160401002,0.0,0.0
0.0004783926008611067,0.0008269588587967748,0.0012448132780082987,0.010514018691588784,0.005443234836702955
0.0004783926008611067,0.0,0.00102880658436214,0.0010878433505575197,0.0007446016381236039
0.002560819462227913,0.0,0.007407407407407408,0.0,0.0010498687664041995
0.002560819462227913,0.0008269588587967748,0.0012448132780082987,0.0010878433505575197,0.0010498687664041995
0.0,0.0,0.004705882352941176,0.0010878433505575197,0.02258064516129032
0.0,0.0,0.0,0.0,0.0
0.0,0.0,0.0012448132780082987,0.010514018691588784,0.0007446016381236039
0.0,0.0,0.0012448132780082987,0.0010878433505575197,0.0
0.002560819462227913,0.0008269588587967748,0.046511627906976744,0.038461538461538464,0.0010498687664041995
0.0033613445378151263,0.0,0.012727272727272728,0.0018726591760299626,0.0
0.002515090543259557,0.0008269588587967748,0.0,0.0,0.0
0.015655577299412915,0.0,0.00102880658436214,0.002,0.0
0.0004783926008611067,0.0008269588587967748,0.0004914004914004914,0.0018726591760299626,0.0
0.0004783926008611067,0.0008269588587967748,0.010050251256281407,0.0,0.0
0.0004783926008611067,0.0,0.0,0.0,0.005443234836702955
0.006369426751592357,0.00815494393476045,0.022857142857142857,0.010514018691588784,0.0
0.0,0.0009532888465204957,0.007407407407407408,0.0,0.007099391480730223
0.0004783926008611067,0.0008269588587967748,0.0006265664160401002,0.0,0.0
0.0004783926008611067,0.0008269588587967748,0.004705882352941176,0.0010878433505575197,0.0007446016381236039
0.002515090543259557,0.00815494393476045,0.00102880658436214,0.0010878433505575197,0.0017667844522968198
0.002515090543259557,0.0009532888465204957,0.00102880658436214,0.002,0.0
0.0,0.0,0.0012448132780082987,0.0,0.0010498687664041995
0.0,0.0009532888465204957,0.00102880658436214,0.0010878433505575197,0.0
0.0004783926008611067,0.00815494393476045,0.0,0.006829268292682927,0.0
0.0004783926008611067,0.00815494393476045,0.0,0.004296455424274973,0.0
0.0,0.0008269588587967748,0.0006265664160401002,0.0018726591760299626,0.0
0.0004783926008611067,0.0008269588587967748,0.0004914004914004914,0.0010878433505575197,0.0017667844522968198
0.0,0.0009532888465204957,0.0012448132780082987,0.0,0.005443234836702955
0.002560819462227913,0.0,0.007407407407407408,0.0018726591760299626,0.0007446016381236039
0.0004783926008611067,0.0009532888465204957,0.0004914004914004914,0.0,0.0007446016381236039
0.0004783926008611067,0.00646551724137931,0.00102880658436214,0.0010878433505575197,0.0
0.0004783926008611067,0.0008269588587967748,0.0006265664160401002,0.0,0.0
0.015655577299412915,0.0,0.004705882352941176,0.006829268292682927,0.0010498687664041995
0.0,0.0008269588587967748,0.0,0.004296455424274973,0.0
0.0,0.0009532888465204957,0.0012448132780082987,0.0010878433505575197,0.0
0.0004783926008611067,0.0009532888465204957,0.004705882352941176,0.0,0.007099391480730223
0.015655577299412915,0.0,0.0006265664160401002,0.004296455424274973,0.0010498687664041995
0.0,0.0009532888465204957,0.0,0.0,0.005443234836702955
0.0004783926008611067,0.0009532888465204957,0.0,0.0,0.0
0.0004783926008611067,0.00815494393476045,0.007407407407407408,0.0018726591760299626,0.0
0.0004783926008611067,0.0,0.0,0.004296455424274973,0.0010498687664041995
0.0,0.0009532888465204957,0.0004914004914004914,0.004296455424274973,0.005443234836702955
0.006369426751592357,0.00815494393476045,0.0004914004914004914,0.006829268292682927,0.005443234836702955
0.0004783926008611067,0.0,0.0,0.0010878433505575197,0.0007446016381236039
0.0,0.046511627906976744,0.0012448132780082987,0.0,0.0012755102040816326
0.0,0.0,0.0012448132780082987,0.0018726591760299626,0.007099391480730223
0.002515090543259557,0.0008269588587967748,0.007407407407407408,0.004296455424274973,0.0
0.002515090543259557,0.0,0.0,0.0010878433505575197,0.0007446016381236039
0.002515090543259557,0.0008269588587967748,0.0004914004914004914,0.0,0.0017667844522968198
0.0004783926008611067,0.00815494393476045,0.0,0.004296455424274973,0.0
0.0004783926008611067,0.025906735751295335,0.0012448132780082987,0.0018726591760299626,0.0010498687664041995
0.006369426751592357,0.0008269588587967748,0.0,0.0010878433505575197,0.0012755102040816326
0.0033613445378151263,0.0009532888465204957,0.0,0.0010878433505575197,0.0
0.002515090543259557,0.0009532888465204957,0.007407407407407408,0.0018726591760299626,0.02258064516129032
0.002560819462227913,0.0009532888465204957,0.007407407407407408,0.0,0.005443234836702955
0.0004783926008611067,0.00646551724137931,0.0,0.0,0.0007446016381236039
0.015655577299412915,0.0,0.0012448132780082987,0.0010878433505575197,0.0010498687664041995
0.0004783926008611067,0.0008269588587967748,0.0006265664160401002,0.0010878433505575197,0.0010498687664041995
0.0,0.00815494393476045,0.0,0.0,0.0
0.0004783926008611067,0.00646551724137931,0.012727272727272728,0.010514018691588784,0.0010498687664041995
0.0004783926008611067,0.0009532888465204957,0.0,0.0010878433505575197,0.0010498687664041995
0.0004783926008611067,0.0,0.0006265664160401002,0.0,0.0010498687664041995
0.002515090543259557,0.0008269588587967748,0.00102880658436214,0.0,0.0
0.0004783926008611067,0.0,0.007407407407407408,0.006829268292682927,0.0
0.002560819462227913,0.0,0.0012448132780082987,0.0010878433505575197,0.007099391480730223
0.002515090543259557,0.0,0.00102880658436214,0.0010878433505575197,0.005443234836702955
0.0004783926008611067,0.0008269588587967748,0.0012448132780082987,0.0010878433505575197,0.0012755102040816326
0.015655577299412915,0.0,0.0004914004914004914,0.0,0.0010498687664041995
0.0004783926008611067,0.0,0.007407407407407408,0.0,0.0
0.002515090543259557,0.0008269588587967748,0.007407407407407408,0.004296455424274973,0.0010498687664041995
0.0,0.0008269588587967748,0.0004914004914004914,0.0018726591760299626,0.0010498687664041995
0.002515090543259557,0.0008269588587967748,0.007407407407407408,0.0010878433505575197,0.0010498687664041995
0.0,0.00646551724137931,0.0,0.0,0.0
0.0004783926008611067,0.0,0.0,0.0,0.0007446016381236039
0.0,0.0,0.007407407407407408,0.0018726591760299626,0.0
0.0004783926008611067,0.0008269588587967748,0.0006265664160401002,0.0010878433505575197,0.0
0.0,0.0,0.0012448132780082987,0.010514018691588784,0.0010498687664041995
0.0,0.0008269588587967748,0.022857142857142857,0.006829268292682927,0.007099391480730223
0.0004783926008611067,0.0009532888465204957,0.0006265664160401002,0.0,0.007099391480730223
0.0,0.0008269588587967748,0.012727272727272728,0.003134796238244514,0.0
0.0,0.0,0.0012448132780082987,0.0018726591760299626,0.0007446016381236039
0.0004783926008611067,0.0009532888465204957,0.004705882352941176,0.0,0.015337423312883436
0.0004783926008611067,0.0008269588587967748,0.0012448132780082987,0.0,0.007099391480730223
0.0004783926008611067,0.0009532888465204957,0.0004914004914004914,0.0018726591760299626,0.0010498687664041995
0.0,0.0008269588587967748,0.00102880658436214,0.004296455424274973,0.0
0.002515090543259557,0.00815494393476045,0.0,0.004296455424274973,0.0
0.0004783926008611067,0.0008269588587967748,0.007407407407407408,0.004296455424274973,0.0010498687664041995
0.0004783926008611067,0.0069767441860465115,0.0,0.0,0.0
0.0,0.0,0.0,0.0,0.0010498687664041995
0.0004783926008611067,0.0,0.0006265664160401002,0.004296455424274973,0.0010498687664041995
0.0,0.0008269588587967748,0.0,0.004296455424274973,0.0
0.015655577299412915,0.0,0.0012448132780082987,0.0,0.0007446016381236039
0.0004783926008611067,0.0009532888465204957,0.007407407407407408,0.0010878433505575197,0.0010498687664041995
0.015655577299412915,0.0008269588587967748,0.007407407407407408,0.0,0.0
0.0004783926008611067,0.0009532888465204957,0.0012448132780082987,0.0,0.0
0.0004783926008611067,0.0,0.0,0.0010878433505575197,0.005443234836702955
0.0004783926008611067,0.0008269588587967748,0.007407407407407408,0.0018726591760299626,0.0010498687664041995
0.0004783926008611067,0.0,0.0006265664160401002,0.010514018691588784,0.0
0.006369426751592357,0.0,0.0,0.003134796238244514,0.0010498687664041995
0.03225806451612903,0.0,0.0,0.0,0.0007446016381236039
0.0004783926008611067,0.0009532888465204957,0.0004914004914004914,0.0,0.0
0.015655577299412915,0.0008269588587967748,0.0012448132780082987,0.0018726591760299626,0.0
0.0,0.0008269588587967748,0.0,0.0018726591760299626,0.007099391480730223
0.0,0.0009532888465204957,0.010050251256281407,0.0,0.0010498687664041995
0.0004783926008611067,0.0,0.0012448132780082987,0.004296455424274973,0.0007446016381236039
0.0004783926008611067,0.0009532888465204957,0.0012448132780082987,0.004296455424274973,0.0017667844522968198
0.0004783926008611067,0.0009532888465204957,0.0004914004914004914,0.0018726591760299626,0.007099391480730223
0.0004783926008611067,0.0,0.0004914004914004914,0.0,0.11538461538461539
0.0004783926008611067,0.0,0.0012448132780082987,0.0,0.0010498687664041995
0.002560819462227913,0.0008269588587967748,0.0,0.0010878433505575197,0.0010498687664041995
0.002515090543259557,0.01702127659574468,0.0004914004914004914,0.0,0.0012755102040816326
0.0004783926008611067,0.0008269588587967748,0.007407407407407408,0.0,0.0
0.0004783926008611067,0.0,0.0,0.0,0.0007446016381236039
0.002560819462227913,0.0,0.0004914004914004914,0.0,0.0007446016381236039
0.002515090543259557,0.0,0.00102880658436214,0.003134796238244514,0.0
0.002515090543259557,0.0069767441860465115,0.0,0.004296455424274973,0.0010498687664041995
0.0004783926008611067,0.0009532888465204957,0.00102880658436214,0.006829268292682927,0.0007446016381236039
0.0004783926008611067,0.0008269588587967748,0.0,0.0,0.0
0.0,0.0008269588587967748,0.0012448132780082987,0.0010878433505575197,0.0
0.0004783926008611067,0.00815494393476045,0.0,0.0,0.0010498687664041995
0.002515090543259557,0.0,0.0,0.0010878433505575197,0.007099391480730223
0.0004783926008611067,0.00646551724137931,0.007407407407407408,0.0,0.0010498687664041995
0.0,0.0009532888465204957,0.0006265664160401002,0.003134796238244514,0.0017667844522968198
0.002515090543259557,0.0009532888465204957,0.0,0.002,0.007099391480730223
0.0004783926008611067,0.0008269588587967748,0.007407407407407408,0.004296455424274973,0.0
0.002560819462227913,0.0008269588587967748,0.0006265664160401002,0.0010878433505575197,0.005443234836702955
0.0004783926008611067,0.0009532888465204957,0.0004914004914004914,0.003134796238244514,0.0
0.002560819462227913,0.0,0.0012448132780082987,0.0,0.0007446016381236039
0.0004783926008611067,0.0008269588587967748,0.0004914004914004914,0.004296455424274973,0.0007446016381236039
0.0004783926008611067,0.0,0.0004914004914004914,0.0,0.0
0.002560819462227913,0.0008269588587967748,0.0,0.0,0.0010498687664041995
0.0004783926008611067,0.0,0.007407407407407408,0.0018726591760299626,0.0010498687664041995
0.0004783926008611067,0.0,0.0004914004914004914,0.0,0.0012755102040816326
0.0,0.00815494393476045,0.0,0.0,0.0010498687664041995
0.0,0.0008269588587967748,0.004705882352941176,0.0010878433505575197,0.0012755102040816326
0.015655577299412915,0.0,0.0012448132780082987,0.0010878433505575197,0.005443234836702955
0.0004783926008611067,0.0,0.00102880658436214,0.010514018691588784,0.0007446016381236039
0.0004783926008611067,0.0008269588587967748,0.0012448132780082987,0.006829268292682927,0.0010498687664041995
0.0,0.0,0.0004914004914004914,0.0010878433505575197,0.0
0.0004783926008611067,0.0009532888465204957,0.0,0.0,0.0007446016381236039
0.015655577299412915,0.0,0.0004914004914004914,0.004296455424274973,0.0
0.0,0.0,0.0,0.0018726591760299626,0.0007446016381236039
0.0,0.0009532888465204957,0.0,0.0,0.0
0.0,0.0009532888465204957,0.0004914004914004914,0.0010878433505575197,0.007099391480730223
0.006369426751592357,0.0008269588587967748,0.0004914004914004914,0.004296455424274973,0.0010498687664041995
0.0,0.0008269588587967748,0.0,0.0,0.0010498687664041995
0.0004783926008611067,0.0,0.0004914004914004914,0.0010878433505575197,0.0010498687664041995
0.0,0.0008269588587967748,0.0006265664160401002,0.006829268292682927,0.0
0.002560819462227913,0.0008269588587967748,0.0012448132780082987,0.010514018691588784,0.005443234836702955
0.0004783926008611067,0.0008269588587967748,0.0004914004914004914,0.006829268292682927,0.0010498687664041995
0.0004783926008611067,0.00815494393476045,0.0012448132780082987,0.0010878433505575197,0.0010498687664041995
0.0004783926008611067,0.0008269588587967748,0.00102880658436214,0.0,0.0010498687664041995
0.002515090543259557,0.0008269588587967748,0.0,0.0010878433505575197,0.015337423312883436
0.002515090543259557,0.0,0.0012448132780082987,0.0,0.015337423312883436
0.002515090543259557,0.0008269588587967748,0.004705882352941176,0.0,0.005443234836702955
0.0004783926008611067,0.00646551724137931,0.0004914004914004914,0.0,0.0010498687664041995
0.002560819462227913,0.0008269588587967748,0.0006265664160401002,0.003134796238244514,0.0
0.002515090543259557,0.0,0.007407407407407408,0.004296455424274973,0.0
0.0004783926008611067,0.0008269588587967748,0.0,0.002,0.0010498687664041995
0.0004783926008611067,0.0,0.0006265664160401002,0.0010878433505575197,0.0007446016381236039
0.0004783926008611067,0.0069767441860465115,0.0,0.0,0.02258064516129032
0.015655577299412915,0.0,0.0006265664160401002,0.0018726591760299626,0.005443234836702955
0.006369426751592357,0.0008269588587967748,0.0012448132780082987,0.0010878433505575197,0.0010498687664041995
0.0004783926008611067,0.0009532888465204957,0.0,0.004296455424274973,0.0
0.015655577299412915,0.0,0.0,0.002,0.0010498687664041995
0.0033613445378151263,0.00646551724137931,0.0,0.0,0.005443234836702955
0.0004783926008611067,0.0009532888465204957,0.0006265664160401002,0.0010878433505575197,0.007099391480730223
0.0,0.0008269588587967748,0.007407407407407408,0.006829268292682927,0.005443234836702955
0.0004783926008611067,0.0,0.0004914004914004914,0.006829268292682927,0.005443234836702955
0.0,0.0008269588587967748,0.0,0.0,0.0
0.0,0.0009532888465204957,0.0012448132780082987,0.0,0.015337423312883436
0.0033613445378151263,0.0069767441860465115,0.0004914004914004914,0.0,0.0
0.015655577299412915,0.0009532888465204957,0.0012448132780082987,0.010514018691588784,0.0
0.0004783926008611067,0.0008269588587967748,0.0,0.0010878433505575197,0.0
0.0033613445378151263,0.0009532888465204957,0.007407407407407408,0.0,0.0
0.0004783926008611067,0.00646551724137931,0.0,0.0018726591760299626,0.0
0.002515090543259557,0.0008269588587967748,0.0,0.0,0.007099391480730223
0.0,0.0009532888465204957,0.012727272727272728,0.0,0.0012755102040816326
0.0004783926008611067,0.0008269588587967748,0.0012448132780082987,0.0,0.0010498687664041995
0.006369426751592357,0.0009532888465204957,0.007407407407407408,0.0,0.0
0.0004783926008611067,0.0,0.0,0.0010878433505575197,0.0
0.002515090543259557,0.0008269588587967748,0.0012448132780082987,0.0010878433505575197,0.0
0.015655577299412915,0.0,0.0,0.0,0.0010498687664041995
0.002515090543259557,0.0,0.0,0.004296455424274973,0.0
0.015655577299412915,0.0008269588587967748,0.0004914004914004914,0.0010878433505575197,0.0
0.0033613445378151263,0.0009532888465204957,0.0,0.0,0.0027397260273972603
0.015655577299412915,0.0008269588587967748,0.0006265664160401002,0.0,0.0
0.002515090543259557,0.0,0.007407407407407408,0.0018726591760299626,0.0017667844522968198
0.0004783926008611067,0.00646551724137931,0.0006265664160401002,0.0010878433505575197,0.0010498687664041995
0.0,0.0,0.022857142857142857,0.0,0.0
0.05,0.00646551724137931,0.0,0.0010878433505575197,0.0010498687664041995
0.0,0.0009532888465204957,0.0,0.0273972602739726,0.0
0.002560819462227913,0.0,0.0,0.003134796238244514,0.0007446016381236039
0.015655577299412915,0.0,0.0,0.0010878433505575197,0.0010498687664041995
0.002515090543259557,0.0,0.0,0.0010878433505575197,0.0
0.0,0.0008269588587967748,0.0,0.0010878433505575197,0.0
0.0004783926008611067,0.0069767441860465115,0.0,0.0,0.0012755102040816326
0.0,0.0008269588587967748,0.007407407407407408,0.0,0.0007446016381236039
0.0004783926008611067,0.0,0.0,0.0010878433505575197,0.02258064516129032
0.0,0.0008269588587967748,0.0006265664160401002,0.0010878433505575197,0.0010498687664041995
0.0,0.0008269588587967748,0.0,0.0,0.0027397260273972603
0.015655577299412915,0.0069767441860465115,0.0,0.0,0.005443234836702955
0.0,0.0008269588587967748,0.046511627906976744,0.0,0.0010498687664041995
0.0,0.0008269588587967748,0.0,0.0,0.0
0.0004783926008611067,0.0008269588587967748,0.0,0.0,0.0
0.0004783926008611067,0.00815494393476045,0.007407407407407408,0.0,0.015337423312883436
0.0004783926008611067,0.0008269588587967748,0.0,0.0018726591760299626,0.0
0.0004783926008611067,0.00646551724137931,0.0004914004914004914,0.0010878433505575197,0.0
0.0004783926008611067,0.0008269588587967748,0.0,0.0010878433505575197,0.0010498687664041995
0.0,0.0,0.022857142857142857,0.0010878433505575197,0.015337423312883436
0.0004783926008611067,0.0,0.0006265664160401002,0.0018726591760299626,0.005443234836702955
0.002515090543259557,0.0,0.0012448132780082987,0.0,0.005443234836702955
0.0,0.00815494393476045,0.0006265664160401002,0.0,0.0010498687664041995
0.0,0.0008269588587967748,0.0012448132780082987,0.0,0.015337423312883436
0.0004783926008611067,0.0009532888465204957,0.0012448132780082987,0.0010878433505575197,0.0
0.0004783926008611067,0.01702127659574468,0.007407407407407408,0.0,0.005443234836702955
0.0004783926008611067,0.0009532888465204957,0.0006265664160401002,0.0,0.0027397260273972603
0.0,0.0,0.0012448132780082987,0.0010878433505575197,0.0007446016381236039
0.002515090543259557,0.0008269588587967748,0.0,0.0010878433505575197,0.007099391480730223
0.0033613445378151263,0.0,0.0004914004914004914,0.0,0.0
0.0004783926008611067,0.0,0.007407407407407408,0.002,0.03571428571428571
0.0004783926008611067,0.00815494393476045,0.0,0.0,0.0007446016381236039
0.006369426751592357,0.0069767441860465115,0.0012448132780082987,0.004296455424274973,0.0012755102040816326
0.0004783926008611067,0.0008269588587967748,0.0004914004914004914,0.004296455424274973,0.005443234836702955
0.0,0.00815494393476045,0.0,0.006829268292682927,0.0
0.0033613445378151263,0.0009532888465204957,0.0006265664160401002,0.002,0.0
0.002560819462227913,0.0,0.0,0.0,0.0010498687664041995
0.0004783926008611067,0.0009532888465204957,0.0006265664160401002,0.0010878433505575197,0.0010498687664041995
0.0004783926008611067,0.0,0.0004914004914004914,0.004296455424274973,0.005443234836702955
0.002515090543259557,0.0009532888465204957,0.00102880658436214,0.0,0.0
0.0004783926008611067,0.0,0.0,0.010514018691588784,0.0
0.0,0.0008269588587967748,0.0,0.0010878433505575197,0.0012755102040816326
0.0004783926008611067,0.0008269588587967748,0.007407407407407408,0.0018726591760299626,0.0
0.0033613445378151263,0.00815494393476045,0.004705882352941176,0.006829268292682927,0.0017667844522968198
0.0004783926008611067,0.0008269588587967748,0.0,0.004296455424274973,0.0010498687664041995
0.0,0.00646551724137931,0.0,0.0,0.007099391480730223
0.0004783926008611067,0.00646551724137931,0.0,0.0,0.007099391480730223
0.015655577299412915,0.0008269588587967748,0.00102880658436214,0.0010878433505575197,0.007099391480730223
0.0,0.0,0.0006265664160401002,0.0,0.0010498687664041995
0.0,0.0,0.012727272727272728,0.0,0.005443234836702955
0.002515090543259557,0.0009532888465204957,0.0012448132780082987,0.0,0.0017667844522968198
0.0004783926008611067,0.0009532888465204957,0.0012448132780082987,0.004296455424274973,0.0007446016381236039
0.0,0.0,0.0004914004914004914,0.0010878433505575197,0.0
0.0004783926008611067,0.0,0.0,0.004296455424274973,0.007099391480730223
0.0,0.0008269588587967748,0.0012448132780082987,0.038461538461538464,0.0007446016381236039
0.0004783926008611067,0.0008269588587967748,0.0006265664160401002,0.006829268292682927,0.0012755102040816326
0.002515090543259557,0.0,0.012727272727272728,0.0010878433505575197,0.0007446016381236039
0.0004783926008611067,0.00815494393476045,0.012727272727272728,0.006829268292682927,0.0
0.0004783926008611067,0.0008269588587967748,0.0004914004914004914,0.003134796238244514,0.015337423312883436
0.002515090543259557,0.0,0.0012448132780082987,0.010514018691588784,0.0
0.0004783926008611067,0.0009532888465204957,0.0,0.0018726591760299626,0.0
0.015655577299412915,0.0,0.0004914004914004914,0.004296455424274973,0.015337423312883436
0.0004783926008611067,0.0,0.0012448132780082987,0.0010878433505575197,0.0017667844522968198
0.0004783926008611067,0.0008269588587967748,0.0,0.0,0.0
0.0004783926008611067,0.0,0.0006265664160401002,0.0,0.0
0.0004783926008611067,0.0,0.0006265664160401002,0.004296455424274973,0.0010498687664041995
0.002515090543259557,0.0069767441860465115,0.0,0.0,0.0
0.0033613445378151263,0.0008269588587967748,0.010050251256281407,0.006829268292682927,0.015337423312883436
0.0004783926008611067,0.0,0.0,0.0018726591760299626,0.0010498687664041995
0.0,0.0069767441860465115,0.0,0.0,0.02258064516129032
0.002560819462227913,0.0008269588587967748,0.0004914004914004914,0.0010878433505575197,0.0
0.0004783926008611067,0.0008269588587967748,0.0004914004914004914,0.0,0.02258064516129032
0.002560819462227913,0.0,0.0,0.0,0.0
0.0,0.0008269588587967748,0.0004914004914004914,0.004296455424274973,0.0017667844522968198
0.002515090543259557,0.0069767441860465115,0.004705882352941176,0.0,0.0017667844522968198
0.006369426751592357,0.00646551724137931,0.0,0.0,0.0
0.002515090543259557,0.0,0.0006265664160401002,0.006829268292682927,0.0
0.0004783926008611067,0.0,0.0004914004914004914,0.0,0.0010498687664041995
0.0004783926008611067,0.0069767441860465115,0.0,0.0,0.0
0.0,0.00815494393476045,0.0006265664160401002,0.0,0.0010498687664041995
0.0,0.0,0.00102880658436214,0.0,0.0007446016381236039
0.0033613445378151263,0.00646551724137931,0.0,0.0010878433505575197,0.0
0.0004783926008611067,0.00646551724137931,0.0,0.0018726591760299626,0.0010498687664041995
0.015655577299412915,0.0069767441860465115,0.0004914004914004914,0.0,0.0007446016381236039
0.002560819462227913,0.0009532888465204957,0.022857142857142857,0.004296455424274973,0.0012755102040816326
0.015655577299412915,0.0008269588587967748,0.0,0.0018726591760299626,0.0
0.0004783926008611067,0.0009532888465204957,0.012727272727272728,0.004296455424274973,0.007099391480730223
0.006369426751592357,0.00815494393476045,0.0,0.004296455424274973,0.0012755102040816326
0.0004783926008611067,0.0,0.012727272727272728,0.0,0.0007446016381236039
0.0004783926008611067,0.0009532888465204957,0.004705882352941176,0.038461538461538464,0.0012755102040816326
0.0004783926008611067,0.0,0.007407407407407408,0.0,0.0010498687664041995
0.0004783926008611067,0.0009532888465204957,0.0006265664160401002,0.004296455424274973,0.0010498687664041995
0.0,0.01702127659574468,0.007407407407407408,0.0,0.0012755102040816326
0.0004783926008611067,0.0069767441860465115,0.012727272727272728,0.0,0.0
0.002515090543259557,0.0009532888465204957,0.007407407407407408,0.010514018691588784,0.0012755102040816326
0.0,0.00815494393476045,0.0004914004914004914,0.0010878433505575197,0.0
0.0,0.0,0.0,0.010514018691588784,0.0
0.0004783926008611067,0.0069767441860465115,0.0012448132780082987,0.004296455424274973,0.0010498687664041995
0.0004783926008611067,0.0008269588587967748,0.0004914004914004914,0.004296455424274973,0.0007446016381236039
0.002515090543259557,0.00815494393476045,0.0012448132780082987,0.0,0.0
0.002515090543259557,0.0009532888465204957,0.022857142857142857,0.0010878433505575197,0.005443234836702955
0.0004783926008611067,0.0,0.0006265664160401002,0.0,0.0
0.0,0.00815494393476045,0.0004914004914004914,0.006829268292682927,0.0017667844522968198
0.0004783926008611067,0.0009532888465204957,0.012727272727272728,0.0,0.0010498687664041995
0.0004783926008611067,0.1111111111111111,0.0,0.0010878433505575197,0.0027397260273972603
0.002515090543259557,0.0008269588587967748,0.0006265664160401002,0.0010878433505575197,0.0007446016381236039
0.002515090543259557,0.0008269588587967748,0.0,0.0018726591760299626,0.0010498687664041995
0.0,0.0008269588587967748,0.004705882352941176,0.002,0.0012755102040816326
0.002515090543259557,0.0,0.0006265664160401002,0.002,0.0007446016381236039
0.0004783926008611067,0.0008269588587967748,0.012727272727272728,0.006829268292682927,0.0
0.006369426751592357,0.00646551724137931,0.022857142857142857,0.0,0.0010498687664041995
0.0033613445378151263,0.0008269588587967748,0.0012448132780082987,0.0010878433505575197,0.0010498687664041995
0.0004783926008611067,0.0009532888465204957,0.0012448132780082987,0.0010878433505575197,0.0010498687664041995
0.0,0.0,0.0004914004914004914,0.0,0.0012755102040816326
0.0,0.0008269588587967748,0.007407407407407408,0.0010878433505575197,0.03571428571428571
0.0004783926008611067,0.0009532888465204957,0.0,0.003134796238244514,0.0017667844522968198
0.0,0.0,0.00102880658436214,0.0010878433505575197,0.0
0.0,0.0008269588587967748,0.0012448132780082987,0.0,0.0027397260273972603
0.0,0.0009532888465204957,0.0012448132780082987,0.0,0.0010498687664041995
0.002515090543259557,0.0069767441860465115,0.007407407407407408,0.0010878433505575197,0.007099391480730223
0.0,0.0008269588587967748,0.007407407407407408,0.0010878433505575197,0.005443234836702955
0.0,0.00646551724137931,0.0012448132780082987,0.0,0.0010498687664041995
0.0004783926008611067,0.0008269588587967748,0.00102880658436214,0.0010878433505575197,0.0
0.0004783926008611067,0.0,0.0,0.0,0.015337423312883436
0.002515090543259557,0.0,0.0004914004914004914,0.010514018691588784,0.0010498687664041995
0.0004783926008611067,0.0,0.0,0.004296455424274973,0.0010498687664041995
0.015655577299412915,0.0069767441860465115,0.012727272727272728,0.0,0.0010498687664041995
0.0004783926008611067,0.0,0.0,0.0010878433505575197,0.0
0.0004783926008611067,0.0008269588587967748,0.0012448132780082987,0.0,0.0
0.0,0.00815494393476045,0.0012448132780082987,0.004296455424274973,0.0
0.002515090543259557,0.0,0.00102880658436214,0.0,0.0010498687664041995
0.0004783926008611067,0.00646551724137931,0.0012448132780082987,0.0,0.0012755102040816326
0.0004783926008611067,0.00646551724137931,0.0,0.0,0.0
0.0004783926008611067,0.0009532888465204957,0.00102880658436214,0.0010878433505575197,0.0
0.002560819462227913,0.0008269588587967748,0.0,0.0010878433505575197,0.0
0.0004783926008611067,0.0,0.0012448132780082987,0.002,0.0
0.0004783926008611067,0.0008269588587967748,0.0,0.0010878433505575197,0.0
0.0,0.0008269588587967748,0.0,0.0010878433505575197,0.0
0.0,0.0,0.0006265664160401002,0.0,0.0010498687664041995
0.002515090543259557,0.0,0.0,0.0010878433505575197,0.02258064516129032
0.002515090543259557,0.0008269588587967748,0.0,0.0010878433505575197,0.0
0.0004783926008611067,0.00646551724137931,0.012727272727272728,0.0,0.0
0.0004783926008611067,0.0,0.0012448132780082987,0.0,0.0007446016381236039
0.006369426751592357,0.0,0.0012448132780082987,0.0010878433505575197,0.0017667844522968198
0.002515090543259557,0.01702127659574468,0.0,0.0018726591760299626,0.0010498687664041995
0.0,0.0,0.0004914004914004914,0.0010878433505575197,0.0010498687664041995
0.0004783926008611067,0.025906735751295335,0.0012448132780082987,0.004296455424274973,0.0
0.0004783926008611067,0.025906735751295335,0.004705882352941176,0.0010878433505575197,0.0012755102040816326
0.0004783926008611067,0.0008269588587967748,0.0,0.006829268292682927,0.0
0.0004783926008611067,0.0008269588587967748,0.012727272727272728,0.0018726591760299626,0.005443234836702955
0.0,0.0009532888465204957,0.0004914004914004914,0.0,0.005443234836702955
0.0033613445378151263,0.0,0.007407407407407408,0.010514018691588784,0.0007446016381236039
0.002515090543259557,0.00815494393476045,0.0006265664160401002,0.0010878433505575197,0.0010498687664041995
0.0004783926008611067,0.00646551724137931,0.007407407407407408,0.0,0.0
0.0033613445378151263,0.0,0.010050251256281407,0.0,0.0010498687664041995
0.0,0.0,0.0,0.0,0.005443234836702955
0.0004783926008611067,0.0008269588587967748,0.0004914004914004914,0.0,0.0
0.0,0.0009532888465204957,0.004705882352941176,0.0010878433505575197,0.015337423312883436
0.0004783926008611067,0.0,0.007407407407407408,0.0,0.0007446016381236039
0.002560819462227913,0.0008269588587967748,0.0004914004914004914,0.0,0.0010498687664041995
0.0004783926008611067,0.0008269588587967748,0.0,0.0010878433505575197,0.0
0.015655577299412915,0.0,0.0,0.0010878433505575197,0.0010498687664041995
0.015655577299412915,0.01702127659574468,0.0,0.0018726591760299626,0.005443234836702955
0.0004783926008611067,0.0008269588587967748,0.0,0.0,0.015337423312883436
0.0004783926008611067,0.00815494393476045,0.0006265664160401002,0.006829268292682927,0.0
0.0033613445378151263,0.00646551724137931,0.0,0.0,0.0
0.0004783926008611067,0.0009532888465204957,0.0006265664160401002,0.0,0.0010498687664041995
0.0,0.0009532888465204957,0.0,0.0010878433505575197,0.0
0.0004783926008611067,0.0,0.0004914004914004914,0.004296455424274973,0.007099391480730223
0.002515090543259557,0.0008269588587967748,0.0,0.0,0.007099391480730223
0.0004783926008611067,0.0008269588587967748,0.00102880658436214,0.004296455424274973,0.0010498687664041995
0.0004783926008611067,0.0,0.0,0.0018726591760299626,0.0007446016381236039
0.05,0.0008269588587967748,0.0004914004914004914,0.006829268292682927,0.0017667844522968198
0.015655577299412915,0.0008269588587967748,0.0,0.0,0.0007446016381236039
0.0033613445378151263,0.00646551724137931,0.007407407407407408,0.0018726591760299626,0.007099391480730223
0.0,0.00646551724137931,0.0,0.0,0.02258064516129032
0.0004783926008611067,0.0008269588587967748,0.007407407407407408,0.010514018691588784,0.0010498687664041995
0.0004783926008611067,0.00646551724137931,0.0,0.0,0.0
0.0,0.0008269588587967748,0.046511627906976744,0.0010878433505575197,0.005443234836702955
0.0,0.0008269588587967748,0.0,0.006829268292682927,0.0
0.0004783926008611067,0.0,0.0004914004914004914,0.006829268292682927,0.0
0.0,0.00646551724137931,0.00102880658436214,0.0,0.0
0.015655577299412915,0.0008269588587967748,0.004705882352941176,0.010514018691588784,0.0027397260273972603
0.0004783926008611067,0.0009532888465204957,0.0,0.006829268292682927,0.0
0.0004783926008611067,0.0009532888465204957,0.0012448132780082987,0.003134796238244514,0.0010498687664041995
0.002515090543259557,0.0009532888465204957,0.007407407407407408,0.0018726591760299626,0.0
0.0033613445378151263,0.0,0.022857142857142857,0.0,0.0
0.0033613445378151263,0.0008269588587967748,0.010050251256281407,0.0010878433505575197,0.0027397260273972603
0.002515090543259557,0.0008269588587967748,0.0,0.010514018691588784,0.0
0.0004783926008611067,0.0009532888465204957,0.0,0.010514018691588784,0.0
0.0004783926008611067,0.0009532888465204957,0.0006265664160401002,0.0010878433505575197,0.0007446016381236039
0.0004783926008611067,0.00815494393476045,0.010050251256281407,0.0,0.0007446016381236039
0.0004783926008611067,0.0008269588587967748,0.0,0.0,0.0
0.002560819462227913,0.0009532888465204957,0.046511627906976744,0.0,0.007099391480730223
0.0004783926008611067,0.0008269588587967748,0.0004914004914004914,0.0010878433505575197,0.007099391480730223
0.0004783926008611067,0.0,0.0,0.0,0.015337423312883436
0.0,0.0008269588587967748,0.00102880658436214,0.0018726591760299626,0.0010498687664041995
0.0004783926008611067,0.0009532888465204957,0.0,0.0,0.0007446016381236039
0.006369426751592357,0.0008269588587967748,0.0,0.0,0.0
0.0,0.00815494393476045,0.007407407407407408,0.0010878433505575197,0.0012755102040816326
0.0,0.0009532888465204957,0.0004914004914004914,0.0,0.0010498687664041995
0.002515090543259557,0.0008269588587967748,0.0,0.0018726591760299626,0.0010498687664041995
0.0004783926008611067,0.0008269588587967748,0.0,0.0010878433505575197,0.0010498687664041995
0.0,0.0008269588587967748,0.00102880658436214,0.0010878433505575197,0.0007446016381236039
0.0033613445378151263,0.0008269588587967748,0.0012448132780082987,0.0,0.015337423312883436
0.0,0.0,0.007407407407407408,0.0,0.005443234836702955
0.0,0.0008269588587967748,0.00102880658436214,0.004296455424274973,0.0007446016381236039
0.0027532199200445864,0.0008269588587967748,0.0006265664160401002,0.0010878433505575197,0.0
0.0,0.0,0.007407407407407408,0.0,0.0012755102040816326
0.0004783926008611067,0.00646551724137931,0.0012448132780082987,0.0,0.0010498687664041995
0.0004783926008611067,0.0008269588587967748,0.007407407407407408,0.006829268292682927,0.0012755102040816326
0.0004783926008611067,0.0069767441860465115,0.022857142857142857,0.0010878433505575197,0.0
0.0004783926008611067,0.0008269588587967748,0.0012448132780082987,0.010514018691588784,0.0010498687664041995
0.0004783926008611067,0.0,0.0012448132780082987,0.0,0.0
0.0,0.0069767441860465115,0.0012448132780082987,0.0018726591760299626,0.0007446016381236039
0.006369426751592357,0.0008269588587967748,0.0,0.0,0.0
0.0004783926008611067,0.0,0.0004914004914004914,0.0010878433505575197,0.0
0.0004783926008611067,0.0,0.0,0.0018726591760299626,0.0007446016381236039
0.0,0.00815494393476045,0.0,0.0,0.0
0.0,0.0009532888465204957,0.010050251256281407,0.0,0.0
0.006369426751592357,0.00815494393476045,0.0,0.004296455424274973,0.0012755102040816326
0.0004783926008611067,0.0,0.00102880658436214,0.0,0.0010498687664041995
0.006369426751592357,0.0069767441860465115,0.0,0.0010878433505575197,0.005443234836702955
0.0004783926008611067,0.00815494393476045,0.0004914004914004914,0.006829268292682927,0.0
0.0004783926008611067,0.0,0.0012448132780082987,0.004296455424274973,0.0010498687664041995
0.0004783926008611067,0.0008269588587967748,0.0,0.004296455424274973,0.0010498687664041995
0.002560819462227913,0.0009532888465204957,0.00102880658436214,0.006829268292682927,0.0
0.02857142857142857,0.00646551724137931,0.0012448132780082987,0.010514018691588784,0.0
0.0004783926008611067,0.01702127659574468,0.0,0.0010878433505575197,0.005443234836702955
0.002515090543259557,0.0008269588587967748,0.0,0.004296455424274973,0.0007446016381236039
0.0004783926008611067,0.00646551724137931,0.0004914004914004914,0.006829268292682927,0.005443234836702955
0.0004783926008611067,0.0008269588587967748,0.007407407407407408,0.0010878433505575197,0.0010498687664041995
0.0,0.0,0.010050251256281407,0.0010878433505575197,0.007099391480730223
0.015655577299412915,0.0008269588587967748,0.0004914004914004914,0.010514018691588784,0.005443234836702955
0.002515090543259557,0.01702127659574468,0.0012448132780082987,0.0,0.0017667844522968198
0.0004783926008611067,0.00815494393476045,0.0,0.0,0.0012755102040816326
0.006369426751592357,0.00646551724137931,0.046511627906976744,0.0018726591760299626,0.0012755102040816326
0.0033613445378151263,0.0009532888465204957,0.0,0.0,0.02258064516129032
0.006369426751592357,0.0069767441860465115,0.0,0.0018726591760299626,0.0012755102040816326
0.0004783926008611067,0.00646551724137931,0.007407407407407408,0.0,0.0
0.0004783926008611067,0.0,0.0012448132780082987,0.010514018691588784,0.0010498687664041995
0.002515090543259557,0.0009532888465204957,0.012727272727272728,0.0,0.0010498687664041995
0.002515090543259557,0.00815494393476045,0.0,0.004296455424274973,0.0027397260273972603
0.015655577299412915,0.01702127659574468,0.0012448132780082987,0.0,0.0010498687664041995
0.002515090543259557,0.0008269588587967748,0.010050251256281407,0.010514018691588784,0.0
0.05,0.0,0.0,0.0,0.0007446016381236039
0.0004783926008611067,0.0008269588587967748,0.0006265664160401002,0.0,0.0010498687664041995
0.0004783926008611067,0.0008269588587967748,0.00102880658436214,0.0018726591760299626,0.0027397260273972603
0.0004783926008611067,0.0,0.0,0.0,0.0012755102040816326
0.0004783926008611067,0.0008269588587967748,0.00102880658436214,0.0,0.0
0.0,0.0008269588587967748,0.0006265664160401002,0.0,0.0
0.0004783926008611067,0.0,0.012727272727272728,0.0010878433505575197,0.0017667844522968198
0.0,0.0009532888465204957,0.0012448132780082987,0.0,0.0010498687664041995
0.0004783926008611067,0.0008269588587967748,0.007407407407407408,0.006829268292682927,0.0
0.0004783926008611067,0.0069767441860465115,0.004705882352941176,0.010514018691588784,0.0007446016381236039
0.015655577299412915,0.0069767441860465115,0.0,0.006829268292682927,0.03571428571428571
0.002515090543259557,0.0069767441860465115,0.0012448132780082987,0.004296455424274973,0.0027397260273972603
0.0,0.0,0.0012448132780082987,0.0,0.015337423312883436
0.0004783926008611067,0.01702127659574468,0.0,0.0018726591760299626,0.0010498687664041995
0.03225806451612903,0.0008269588587967748,0.00102880658436214,0.0010878433505575197,0.0007446016381236039
0.0004783926008611067,0.0009532888465204957,0.0004914004914004914,0.0010878433505575197,0.0010498687664041995
0.0,0.0008269588587967748,0.007407407407407408,0.0018726591760299626,0.0
0.002515090543259557,0.046511627906976744,0.0004914004914004914,0.002,0.0
0.0004783926008611067,0.0,0.0004914004914004914,0.0010878433505575197,0.0
0.0004783926008611067,0.0009532888465204957,0.0012448132780082987,0.006829268292682927,0.0010498687664041995
0.0,0.0009532888465204957,0.0012448132780082987,0.004296455424274973,0.03571428571428571
0.0004783926008611067,0.00815494393476045,0.0,0.0,0.0012755102040816326
0.002515090543259557,0.0009532888465204957,0.0,0.0010878433505575197,0.0010498687664041995
0.002515090543259557,0.0008269588587967748,0.0,0.0,0.005443234836702955
0.0004783926008611067,0.0,0.0012448132780082987,0.0010878433505575197,0.0
0.0004783926008611067,0.0009532888465204957,0.0012448132780082987,0.0,0.0007446016381236039
0.0004783926008611067,0.00646551724137931,0.00102880658436214,0.006829268292682927,0.007099391480730223
0.0004783926008611067,0.0008269588587967748,0.0012448132780082987,0.004296455424274973,0.0017667844522968198
0.002560819462227913,0.0009532888465204957,0.0,0.0,0.0
0.002515090543259557,0.0,0.0,0.0010878433505575197,0.0
0.0004783926008611067,0.0,0.012727272727272728,0.0,0.0
0.0004783926008611067,0.0,0.0,0.002,0.005443234836702955
0.002515090543259557,0.0069767441860465115,0.0004914004914004914,0.004296455424274973,0.0010498687664041995
0.015655577299412915,0.0008269588587967748,0.0,0.0010878433505575197,0.007099391480730223
0.0,0.0,0.007407407407407408,0.0,0.0012755102040816326
0.0004783926008611067,0.00646551724137931,0.0006265664160401002,0.004296455424274973,0.0
0.0,0.00815494393476045,0.0,0.0010878433505575197,0.0010498687664041995
0.0,0.0009532888465204957,0.012727272727272728,0.0,0.0
0.015655577299412915,0.0,0.007407407407407408,0.0010878433505575197,0.005443234836702955
0.0,0.0069767441860465115,0.0,0.006829268292682927,0.0007446016381236039
0.002515090543259557,0.0008269588587967748,0.004705882352941176,0.0,0.005443234836702955
0.0004783926008611067,0.0009532888465204957,0.0012448132780082987,0.004296455424274973,0.005443234836702955
0.0004783926008611067,0.0008269588587967748,0.046511627906976744,0.0018726591760299626,0.02258064516129032
0.002515090543259557,0.0008269588587967748,0.0,0.010514018691588784,0.0
0.0004783926008611067,0.0008269588587967748,0.0004914004914004914,0.004296455424274973,0.015337423312883436
0.002515090543259557,0.0,0.0004914004914004914,0.0,0.0010498687664041995
0.015655577299412915,0.0008269588587967748,0.007407407407407408,0.0,0.0010498687664041995
0.0004783926008611067,0.0008269588587967748,0.0012448132780082987,0.006829268292682927,0.005443234836702955
0.002515090543259557,0.0069767441860465115,0.004705882352941176,0.006829268292682927,0.0010498687664041995
0.0033613445378151263,0.0008269588587967748,0.00102880658436214,0.0,0.015337423312883436
0.0004783926008611067,0.00646551724137931,0.00102880658436214,0.0,0.0010498687664041995
0.0004783926008611067,0.0,0.022857142857142857,0.0,0.0
0.0004783926008611067,0.00815494393476045,0.0,0.0,0.0010498687664041995
0.03155186356143363,0.0069767441860465115,0.0004914004914004914,0.0010878433505575197,0.015337423312883436
0.0004783926008611067,0.0009532888465204957,0.0006265664160401002,0.0,0.0
0.006369426751592357,0.0069767441860465115,0.0004914004914004914,0.010514018691588784,0.0
0.0004783926008611067,0.0009532888465204957,0.0012448132780082987,0.0010878433505575197,0.0
0.0004783926008611067,0.0,0.0,0.0273972602739726,0.0
0.0,0.0,0.0,0.0010878433505575197,0.0
0.0004783926008611067,0.01702127659574468,0.0,0.0,0.0
0.0004783926008611067,0.00646551724137931,0.0,0.002,0.0
0.0,0.0069767441860465115,0.0,0.0,0.005443234836702955
0.015655577299412915,0.00646551724137931,0.0,0.0010878433505575197,0.0
0.0,0.0,0.0,0.004296455424274973,0.0010498687664041995
0.0,0.0008269588587967748,0.0006265664160401002,0.002,0.0
0.0,0.0009532888465204957,0.0004914004914004914,0.0273972602739726,0.015337423312883436
0.0004783926008611067,0.00646551724137931,0.0,0.0018726591760299626,0.0007446016381236039
0.0004783926008611067,0.0008269588587967748,0.0004914004914004914,0.0010878433505575197,0.0
0.002515090543259557,0.0069767441860465115,0.0,0.0018726591760299626,0.0
0.002515090543259557,0.00815494393476045,0.012727272727272728,0.07692307692307693,0.0010498687664041995
0.0,0.0008269588587967748,0.0004914004914004914,0.0010878433505575197,0.0012755102040816326
0.015655577299412915,0.00646551724137931,0.0,0.003134796238244514,0.0
0.0,0.0009532888465204957,0.0,0.0,0.0
0.0004783926008611067,0.0,0.0,0.004296455424274973,0.007099391480730223
0.0,0.0,0.004705882352941176,0.0,0.0
0.006369426751592357,0.0069767441860465115,0.0012448132780082987,0.010514018691588784,0.0
0.0004783926008611067,0.0,0.0,0.0,0.0010498687664041995
0.0004783926008611067,0.0008269588587967748,0.007407407407407408,0.004296455424274973,0.0
0.0,0.00646551724137931,0.0,0.0010878433505575197,0.0
0.0,0.0,0.0,0.0,0.0
0.0033613445378151263,0.0008269588587967748,0.0012448132780082987,0.0,0.0
0.0004783926008611067,0.00815494393476045,0.0,0.006829268292682927,0.0010498687664041995
0.0,0.0,0.0012448132780082987,0.0018726591760299626,0.0
0.0004783926008611067,0.0,0.007407407407407408,0.004296455424274973,0.007099391480730223
0.015655577299412915,0.0008269588587967748,0.0,0.004296455424274973,0.0010498687664041995
0.0004783926008611067,0.0,0.0,0.0,0.0
0.0004783926008611067,0.0,0.0,0.0,0.0
0.0033613445378151263,0.0,0.0,0.0010878433505575197,0.0010498687664041995
0.0004783926008611067,0.0008269588587967748,0.0012448132780082987,0.0010878433505575197,0.03571428571428571
0.0,0.0,0.0,0.0010878433505575197,0.007099391480730223
0.0004783926008611067,0.0008269588587967748,0.0004914004914004914,0.0,0.0
0.0,0.0008269588587967748,0.004705882352941176,0.0,0.0017667844522968198
0.002515090543259557,0.0008269588587967748,0.0,0.004296455424274973,0.0010498687664041995
0.0004783926008611067,0.00646551724137931,0.0,0.010514018691588784,0.007099391480730223
0.0033613445378151263,0.0,0.0,0.0010878433505575197,0.0010498687664041995
0.002515090543259557,0.00646551724137931,0.0006265664160401002,0.038461538461538464,0.005443234836702955
0.0004783926008611067,0.0008269588587967748,0.0012448132780082987,0.0,0.0007446016381236039
0.002515090543259557,0.0008269588587967748,0.0006265664160401002,0.010514018691588784,0.0
0.0004783926008611067,0.00646551724137931,0.00102880658436214,0.0,0.0
0.0,0.0,0.0,0.0010878433505575197,0.0007446016381236039
0.0004783926008611067,0.0,0.007407407407407408,0.0010878433505575197,0.0
0.002515090543259557,0.0,0.0,0.006829268292682927,0.0
0.0004783926008611067,0.0008269588587967748,0.007407407407407408,0.0,0.0012755102040816326
0.002515090543259557,0.0008269588587967748,0.007407407407407408,0.0010878433505575197,0.0010498687664041995
0.0,0.0009532888465204957,0.0004914004914004914,0.0,0.0010498687664041995
0.0,0.0,0.012727272727272728,0.006829268292682927,0.0
0.0004783926008611067,0.0008269588587967748,0.007407407407407408,0.0010878433505575197,0.0010498687664041995
0.006369426751592357,0.0009532888465204957,0.0,0.0018726591760299626,0.007099391480730223
0.0004783926008611067,0.0009532888465204957,0.0012448132780082987,0.006829268292682927,0.015337423312883436
0.0033613445378151263,0.00646551724137931,0.0,0.002,0.0
0.002515090543259557,0.0,0.0,0.0,0.007099391480730223
0.0004783926008611067,0.0008269588587967748,0.0006265664160401002,0.0018726591760299626,0.02258064516129032
0.0033613445378151263,0.00815494393476045,0.0,0.0010878433505575197,0.005443234836702955
0.002515090543259557,0.025906735751295335,0.0004914004914004914,0.0010878433505575197,0.007099391480730223
0.0004783926008611067,0.00815494393476045,0.0004914004914004914,0.0010878433505575197,0.005443234836702955
0.0004783926008611067,0.0069767441860465115,0.0012448132780082987,0.0,0.0
0.006369426751592357,0.00646551724137931,0.012727272727272728,0.0,0.0
0.0,0.0069767441860465115,0.00102880658436214,0.0,0.0007446016381236039
0.0,0.0,0.0,0.0,0.0012755102040816326
0.0004783926008611067,0.0008269588587967748,0.0006265664160401002,0.0018726591760299626,0.0
0.0004783926008611067,0.0,0.0006265664160401002,0.0,0.0010498687664041995
0.0004783926008611067,0.0069767441860465115,0.0006265664160401002,0.0,0.0010498687664041995
0.0004783926008611067,0.0,0.00102880658436214,0.0,0.0
0.0004783926008611067,0.0069767441860465115,0.012727272727272728,0.004296455424274973,0.0
0.002515090543259557,0.0,0.00102880658436214,0.0010878433505575197,0.005443234836702955
0.002515090543259557,0.0,0.0,0.0010878433505575197,0.0010498687664041995
0.0004783926008611067,0.0,0.0004914004914004914,0.0,0.0012755102040816326
0.0004783926008611067,0.0008269588587967748,0.0012448132780082987,0.004296455424274973,0.005443234836702955
0.002515090543259557,0.0,0.0004914004914004914,0.0,0.0012755102040816326
0.0004783926008611067,0.0009532888465204957,0.0012448132780082987,0.004296455424274973,0.0
0.0004783926008611067,0.01702127659574468,0.0006265664160401002,0.0010878433505575197,0.0
0.015655577299412915,0.0,0.0012448132780082987,0.0,0.015337423312883436
0.0,0.0008269588587967748,0.0,0.006829268292682927,0.0017667844522968198
0.0,0.0069767441860465115,0.0004914004914004914,0.0018726591760299626,0.0
0.0004783926008611067,0.00815494393476045,0.00102880658436214,0.0,0.0
0.002515090543259557,0.0009532888465204957,0.0012448132780082987,0.006829268292682927,0.0
0.002515090543259557,0.0008269588587967748,0.0,0.004296455424274973,0.0012755102040816326
0.0004783926008611067,0.0009532888465204957,0.0,0.002,0.0012755102040816326
0.015655577299412915,0.0008269588587967748,0.0006265664160401002,0.0010878433505575197,0.0010498687664041995
0.0004783926008611067,0.0008269588587967748,0.0012448132780082987,0.0,0.0007446016381236039
0.0,0.0,0.0,0.004296455424274973,0.0010498687664041995
0.0004783926008611067,0.0,0.007407407407407408,0.006829268292682927,0.0
0.0004783926008611067,0.0008269588587967748,0.0012448132780082987,0.0010878433505575197,0.0017667844522968198
0.0004783926008611067,0.0008269588587967748,0.0006265664160401002,0.0,0.005443234836702955
0.002560819462227913,0.0008269588587967748,0.004705882352941176,0.0018726591760299626,0.0
0.0,0.0008269588587967748,0.0004914004914004914,0.0010878433505575197,0.0
0.002515090543259557,0.0009532888465204957,0.0012448132780082987,0.0,0.0012755102040816326
0.0004783926008611067,0.0008269588587967748,0.0012448132780082987,0.0,0.0
0.0004783926008611067,0.0009532888465204957,0.0012448132780082987,0.003134796238244514,0.0012755102040816326
0.002560819462227913,0.0,0.004705882352941176,0.004296455424274973,0.005443234836702955
0.0004783926008611067,0.0008269588587967748,0.0004914004914004914,0.0,0.005443234836702955
0.0004783926008611067,0.00815494393476045,0.0006265664160401002,0.0,0.0010498687664041995
0.0004783926008611067,0.0,0.0,0.0,0.0010498687664041995
0.0004783926008611067,0.00646551724137931,0.0004914004914004914,0.0010878433505575197,0.0007446016381236039
0.0004783926008611067,0.0008269588587967748,0.0,0.0,0.0
0.002560819462227913,0.00815494393476045,0.0012448132780082987,0.006829268292682927,0.0
0.002560819462227913,0.0,0.0012448132780082987,0.0010878433505575197,0.0
0.0,0.0,0.0012448132780082987,0.004296455424274973,0.0
0.002515090543259557,0.0009532888465204957,0.0012448132780082987,0.0,0.005443234836702955
0.0004783926008611067,0.0008269588587967748,0.0012448132780082987,0.0018726591760299626,0.007099391480730223
0.0004783926008611067,0.00815494393476045,0.0006265664160401002,0.0,0.0017667844522968198
0.0004783926008611067,0.0,0.0,0.0010878433505575197,0.0
0.0004783926008611067,0.0008269588587967748,0.0006265664160401002,0.0,0.0
0.0004783926008611067,0.0,0.0,0.002,0.0027397260273972603
0.0004783926008611067,0.025906735751295335,0.00102880658436214,0.0,0.0010498687664041995
0.0004783926008611067,0.01702127659574468,0.0,0.0,0.0
0.0,0.00815494393476045,0.0,0.0010878433505575197,0.0012755102040816326
0.015655577299412915,0.00646551724137931,0.0,0.006829268292682927,0.0
0.0004783926008611067,0.0,0.022857142857142857,0.0,0.0
0.0,0.0,0.0006265664160401002,0.0018726591760299626,0.0
0.0004783926008611067,0.0009532888465204957,0.0004914004914004914,0.004296455424274973,0.005443234836702955
0.0,0.0,0.0006265664160401002,0.006829268292682927,0.005443234836702955
0.0,0.01702127659574468,0.0,0.0010878433505575197,0.015337423312883436
0.006369426751592357,0.0008269588587967748,0.0,0.003134796238244514,0.0
0.0004783926008611067,0.0008269588587967748,0.0004914004914004914,0.0010878433505575197,0.0017667844522968198
0.0004783926008611067,0.00815494393476045,0.0,0.0,0.0010498687664041995
0.002515090543259557,0.0,0.0012448132780082987,0.0010878433505575197,0.0010498687664041995
0.0,0.00646551724137931,0.007407407407407408,0.0010878433505575197,0.0010498687664041995
0.015655577299412915,0.0,0.0,0.010514018691588784,0.0
0.0004783926008611067,0.0069767441860465115,0.0004914004914004914,0.0,0.0010498687664041995
0.0004783926008611067,0.0,0.0,0.0,0.0
0.0,0.0009532888465204957,0.0,0.0010878433505575197,0.0027397260273972603
0.0,0.0008269588587967748,0.012727272727272728,0.0,0.0010498687664041995
0.015655577299412915,0.0,0.004705882352941176,0.0,0.0
0.002515090543259557,0.0,0.022857142857142857,0.004296455424274973,0.005443234836702955
0.002560819462227913,0.0069767441860465115,0.0006265664160401002,0.004296455424274973,0.03571428571428571
0.0004783926008611067,0.0009532888465204957,0.0006265664160401002,0.006829268292682927,0.007099391480730223
0.0033613445378151263,0.0,0.00102880658436214,0.0010878433505575197,0.005443234836702955
0.0004783926008611067,0.0,0.0,0.0010878433505575197,0.0
0.0004783926008611067,0.0009532888465204957,0.0012448132780082987,0.0010878433505575197,0.0010498687664041995
0.0004783926008611067,0.0,0.007407407407407408,0.0010878433505575197,0.005443234836702955
0.0004783926008611067,0.0008269588587967748,0.0,0.010514018691588784,0.0007446016381236039
0.0004783926008611067,0.0,0.00102880658436214,0.006829268292682927,0.007099391480730223
0.0004783926008611067,0.0008269588587967748,0.0012448132780082987,0.0010878433505575197,0.0
0.0004783926008611067,0.0008269588587967748,0.0,0.0018726591760299626,0.0010498687664041995
0.0,0.0009532888465204957,0.010050251256281407,0.0010878433505575197,0.007099391480730223
0.0004783926008611067,0.0008269588587967748,0.0004914004914004914,0.0,0.0
0.0004783926008611067,0.0008269588587967748,0.0,0.0,0.007099391480730223
0.0,0.0009532888465204957,0.0004914004914004914,0.0,0.0012755102040816326
0.0004783926008611067,0.0009532888465204957,0.0012448132780082987,0.004296455424274973,0.0010498687664041995
0.002515090543259557,0.0,0.0,0.003134796238244514,0.0
0.002515090543259557,0.00646551724137931,0.00102880658436214,0.0018726591760299626,0.0
0.0033613445378151263,0.0009532888465204957,0.007407407407407408,0.0010878433505575197,0.0017667844522968198
0.002515090543259557,0.01702127659574468,0.0006265664160401002,0.0010878433505575197,0.005443234836702955
0.0,0.00646551724137931,0.012727272727272728,0.0010878433505575197,0.0010498687664041995
0.0004783926008611067,0.0008269588587967748,0.0012448132780082987,0.003134796238244514,0.0010498687664041995
0.0004783926008611067,0.0008269588587967748,0.0,0.0,0.0
0.002515090543259557,0.0009532888465204957,0.0,0.0010878433505575197,0.0
0.0004783926008611067,0.0,0.0,0.0,0.0007446016381236039
0.0004783926008611067,0.0008269588587967748,0.007407407407407408,0.0010878433505575197,0.0010498687664041995
0.0004783926008611067,0.00815494393476045,0.0012448132780082987,0.0,0.0
0.0004783926008611067,0.0,0.0012448132780082987,0.0010878433505575197,0.0
0.0033613445378151263,0.01702127659574468,0.0004914004914004914,0.010514018691588784,0.02258064516129032
0.0004783926008611067,0.00815494393476045,0.0,0.004296455424274973,0.005443234836702955
0.0,0.0008269588587967748,0.007407407407407408,0.004296455424274973,0.0
0.002515090543259557,0.0008269588587967748,0.0004914004914004914,0.010514018691588784,0.0
0.0,0.0,0.007407407407407408,0.006829268292682927,0.0
0.0004783926008611067,0.0,0.0,0.010514018691588784,0.0010498687664041995
0.0,0.0008269588587967748,0.0012448132780082987,0.0,0.0
0.0,0.0009532888465204957,0.0012448132780082987,0.0010878433505575197,0.007099391480730223
0.002560819462227913,0.00646551724137931,0.022857142857142857,0.010514018691588784,0.0
0.002515090543259557,0.00815494393476045,0.0012448132780082987,0.0010878433505575197,0.0010498687664041995
0.002560819462227913,0.0008269588587967748,0.0,0.0018726591760299626,0.0010498687664041995
0.0004783926008611067,0.046511627906976744,0.0,0.003134796238244514,0.0007446016381236039
0.0004783926008611067,0.0008269588587967748,0.00102880658436214,0.004296455424274973,0.007099391480730223
0.0004783926008611067,0.0008269588587967748,0.0012448132780082987,0.0010878433505575197,0.007099391480730223
0.0,0.0008269588587967748,0.0,0.002,0.0
0.0033613445378151263,0.0,0.0,0.0,0.015337423312883436
0.0,0.0008269588587967748,0.0012448132780082987,0.0,0.0
0.0,0.00815494393476045,0.00102880658436214,0.004296455424274973,0.0010498687664041995
0.0,0.0008269588587967748,0.0006265664160401002,0.0018726591760299626,0.0
0.002515090543259557,0.0,0.007407407407407408,0.0010878433505575197,0.005443234836702955
0.0,0.0008269588587967748,0.022857142857142857,0.0018726591760299626,0.0
0.0,0.0,0.0,0.0,0.0007446016381236039
0.015655577299412915,0.0009532888465204957,0.0004914004914004914,0.0010878433505575197,0.0010498687664041995
0.002560819462227913,0.0009532888465204957,0.0,0.0010878433505575197,0.0
0.0,0.0,0.012727272727272728,0.0010878433505575197,0.02258064516129032
0.0,0.0008269588587967748,0.007407407407407408,0.0010878433505575197,0.0007446016381236039
0.0,0.0,0.0012448132780082987,0.0010878433505575197,0.0010498687664041995
0.002515090543259557,0.0,0.0004914004914004914,0.0010878433505575197,0.0
0.002515090543259557,0.0008269588587967748,0.007407407407407408,0.0010878433505575197,0.005443234836702955
0.0,0.0009532888465204957,0.010050251256281407,0.0,0.007099391480730223
0.0004783926008611067,0.0,0.0,0.0,0.0
0.0033613445378151263,0.0008269588587967748,0.0012448132780082987,0.0010878433505575197,0.0
0.0004783926008611067,0.0009532888465204957,0.0012448132780082987,0.0,0.0007446016381236039
0.015655577299412915,0.0,0.0,0.0010878433505575197,0.0
0.0,0.0008269588587967748,0.0012448132780082987,0.0,0.005443234836702955
0.0004783926008611067,0.0008269588587967748,0.0012448132780082987,0.006829268292682927,0.0010498687664041995
0.0004783926008611067,0.0009532888465204957,0.0,0.0,0.0012755102040816326
0.0,0.00815494393476045,0.0,0.0,0.03571428571428571
0.0004783926008611067,0.01702127659574468,0.046511627906976744,0.0,0.0
0.0,0.00815494393476045,0.0012448132780082987,0.0010878433505575197,0.0
0.0,0.0008269588587967748,0.0004914004914004914,0.0,0.0010498687664041995
0.0004783926008611067,0.0,0.0006265664160401002,0.0010878433505575197,0.015337423312883436
0.0,0.0009532888465204957,0.0006265664160401002,0.004296455424274973,0.005443234836702955
0.0004783926008611067,0.0008269588587967748,0.010050251256281407,0.010514018691588784,0.0
0.0004783926008611067,0.0008269588587967748,0.0,0.0010878433505575197,0.005443234836702955
0.0033613445378151263,0.0,0.0,0.0,0.0010498687664041995
0.0004783926008611067,0.0,0.0006265664160401002,0.0,0.007099391480730223
0.0004783926008611067,0.1111111111111111,0.0,0.006829268292682927,0.0010498687664041995
0.0,0.0008269588587967748,0.0006265664160401002,0.006829268292682927,0.005443234836702955
0.015655577299412915,0.046511627906976744,0.012727272727272728,0.002,0.0010498687664041995
0.0004783926008611067,0.0008269588587967748,0.0,0.0010878433505575197,0.0010498687664041995
0.002515090543259557,0.0008269588587967748,0.0,0.0,0.0007446016381236039
0.0004783926008611067,0.0008269588587967748,0.0004914004914004914,0.0018726591760299626,0.005443234836702955
0.015655577299412915,0.0008269588587967748,0.007407407407407408,0.0,0.0017667844522968198
0.0,0.0,0.007407407407407408,0.004296455424274973,0.007099391480730223
0.0004783926008611067,0.0009532888465204957,0.00102880658436214,0.003134796238244514,0.0010498687664041995
0.0004783926008611067,0.0008269588587967748,0.0,0.0010878433505575197,0.0007446016381236039
0.002515090543259557,0.0,0.0,0.002,0.0010498687664041995
0.0,0.0008269588587967748,0.0004914004914004914,0.0010878433505575197,0.0010498687664041995
0.002515090543259557,0.0,0.022857142857142857,0.0,0.0010498687664041995
0.0,0.0069767441860465115,0.007407407407407408,0.0,0.0007446016381236039
0.002515090543259557,0.00646551724137931,0.00102880658436214,0.0010878433505575197,0.0010498687664041995
0.0,0.0008269588587967748,0.0,0.003134796238244514,0.02258064516129032
0.0004783926008611067,0.0,0.0004914004914004914,0.0018726591760299626,0.0010498687664041995
0.0004783926008611067,0.0,0.0,0.0,0.0
0.002515090543259557,0.0009532888465204957,0.0,0.0010878433505575197,0.0007446016381236039
0.03225806451612903,0.0009532888465204957,0.0006265664160401002,0.010514018691588784,0.0010498687664041995
0.0004783926008611067,0.00646551724137931,0.0,0.0,0.0
0.0,0.0069767441860465115,0.0,0.0,0.0010498687664041995
0.015655577299412915,0.0009532888465204957,0.00102880658436214,0.0010878433505575197,0.02258064516129032
0.0004783926008611067,0.0069767441860465115,0.0,0.004440587143999552,0.0027397260273972603
0.006369426751592357,0.0008269588587967748,0.0,0.006829268292682927,0.0010498687664041995
0.002515090543259557,0.00646551724137931,0.0004914004914004914,0.0010878433505575197,0.0010498687664041995
0.0004783926008611067,0.00815494393476045,0.0006265664160401002,0.0010878433505575197,0.0
0.0,0.0009532888465204957,0.0,0.0018726591760299626,0.0010498687664041995
0.002515090543259557,0.0008269588587967748,0.0006265664160401002,0.004296455424274973,0.0007446016381236039
0.0004783926008611067,0.0008269588587967748,0.007407407407407408,0.0,0.0010498687664041995
0.0004783926008611067,0.0009532888465204957,0.0004914004914004914,0.0010878433505575197,0.0
0.002515090543259557,0.0009532888465204957,0.012727272727272728,0.004296455424274973,0.005443234836702955
0.0004783926008611067,0.0008269588587967748,0.0,0.0,0.0007446016381236039
0.002515090543259557,0.0008269588587967748,0.0006265664160401002,0.0,0.0
0.002515090543259557,0.0008269588587967748,0.0006265664160401002,0.004296455424274973,0.007099391480730223
0.015655577299412915,0.00815494393476045,0.0006265664160401002,0.0,0.0
0.0004783926008611067,0.00646551724137931,0.0012448132780082987,0.0010878433505575197,0.0
0.002515090543259557,0.0,0.0006265664160401002,0.0010878433505575197,0.0010498687664041995
0.0004783926008611067,0.0008269588587967748,0.0,0.0010878433505575197,0.007099391480730223
0.0004783926008611067,0.0008269588587967748,0.00102880658436214,0.0,0.0010498687664041995
0.0,0.0,0.0,0.0,0.015337423312883436
0.0004783926008611067,0.00815494393476045,0.0012448132780082987,0.0,0.005443234836702955
0.002515090543259557,0.025906735751295335,0.0012448132780082987,0.0010878433505575197,0.0
0.0004783926008611067,0.0008269588587967748,0.0,0.004296455424274973,0.0
0.0,0.0008269588587967748,0.007407407407407408,0.0,0.0010498687664041995
0.0,0.0,0.0012448132780082987,0.004296455424274973,0.0
0.002515090543259557,0.0008269588587967748,0.007407407407407408,0.010514018691588784,0.005443234836702955
0.0004783926008611067,0.00815494393476045,0.046511627906976744,0.0010878433505575197,0.005443234836702955
0.0004783926008611067,0.0,0.0006265664160401002,0.004296455424274973,0.005443234836702955
0.0,0.0008269588587967748,0.0006265664160401002,0.0,0.0010498687664041995
0.0,0.0008269588587967748,0.00102880658436214,0.0,0.007099391480730223
0.0,0.0,0.0012448132780082987,0.0010878433505575197,0.005443234836702955
0.0,0.0008269588587967748,0.0,0.0010878433505575197,0.0010498687664041995
0.002515090543259557,0.0,0.007407407407407408,0.0,0.0
0.0004783926008611067,0.0009532888465204957,0.0006265664160401002,0.002,0.0010498687664041995
0.0,0.00646551724137931,0.0006265664160401002,0.0010878433505575197,0.0012755102040816326
0.0,0.0008269588587967748,0.0006265664160401002,0.0,0.0
0.0004783926008611067,0.0,0.00102880658436214,0.006829268292682927,0.005443234836702955
0.0004783926008611067,0.0009532888465204957,0.007407407407407408,0.0010878433505575197,0.0017667844522968198
0.03225806451612903,0.0,0.0012448132780082987,0.006829268292682927,0.0010498687664041995
0.006369426751592357,0.0,0.00102880658436214,0.0,0.0010498687664041995
0.0004783926008611067,0.0,0.0,0.0,0.007099391480730223
0.015655577299412915,0.0009532888465204957,0.0,0.0,0.0
0.0004783926008611067,0.0008269588587967748,0.0004914004914004914,0.0,0.0
0.0004783926008611067,0.00815494393476045,0.007407407407407408,0.010514018691588784,0.0007446016381236039
0.002560819462227913,0.0,0.0006265664160401002,0.010514018691588784,0.015337423312883436
0.0,0.00646551724137931,0.004705882352941176,0.004296455424274973,0.0007446016381236039
0.0,0.0008269588587967748,0.004705882352941176,0.0010878433505575197,0.005443234836702955
0.0004783926008611067,0.0008269588587967748,0.0006265664160401002,0.0,0.0007446016381236039
0.002515090543259557,0.01702127659574468,0.00102880658436214,0.0,0.0
0.015655577299412915,0.0,0.0,0.004296455424274973,0.0010498687664041995
0.002515090543259557,0.00646551724137931,0.0006265664160401002,0.0010878433505575197,0.0007446016381236039
0.0,0.0008269588587967748,0.0004914004914004914,0.004296455424274973,0.005443234836702955
0.0004783926008611067,0.0,0.0012448132780082987,0.004296455424274973,0.0010498687664041995
0.0004783926008611067,0.0,0.010050251256281407,0.004296455424274973,0.0010498687664041995
0.0004783926008611067,0.0008269588587967748,0.0004914004914004914,0.0010878433505575197,0.0
0.0,0.0008269588587967748,0.0,0.0,0.0007446016381236039
0.0,0.0008269588587967748,0.004705882352941176,0.0,0.0
0.002515090543259557,0.0,0.0,0.0010878433505575197,0.0007446016381236039
0.0,0.0008269588587967748,0.0,0.0,0.0010498687664041995
0.0004783926008611067,0.0008269588587967748,0.0,0.002,0.0007446016381236039
0.002515090543259557,0.0,0.0006265664160401002,0.0,0.0017667844522968198
0.0004783926008611067,0.0069767441860465115,0.0,0.0010878433505575197,0.0
0.0,0.0008269588587967748,0.012727272727272728,0.0010878433505575197,0.0010498687664041995
0.002515090543259557,0.00646551724137931,0.0,0.010514018691588784,0.007099391480730223
0.002560819462227913,0.0008269588587967748,0.0004914004914004914,0.0,0.0010498687664041995
0.002560819462227913,0.0008269588587967748,0.0004914004914004914,0.0010878433505575197,0.015337423312883436
0.0004783926008611067,0.0,0.0,0.002,0.0
0.006369426751592357,0.0008269588587967748,0.007407407407407408,0.0010878433505575197,0.0007446016381236039
0.0004783926008611067,0.00815494393476045,0.0,0.0018726591760299626,0.0
0.002515090543259557,0.0,0.0012448132780082987,0.006829268292682927,0.0010498687664041995
0.0,0.0009532888465204957,0.0004914004914004914,0.0,0.005443234836702955
0.0004783926008611067,0.00646551724137931,0.0006265664160401002,0.0,0.0012755102040816326
0.002515090543259557,0.00815494393476045,0.0,0.0,0.0
0.0004783926008611067,0.0069767441860465115,0.0004914004914004914,0.006829268292682927,0.0010498687664041995
0.015655577299412915,0.0008269588587967748,0.00102880658436214,0.0,0.0017667844522968198
0.002515090543259557,0.0008269588587967748,0.0,0.0018726591760299626,0.0017667844522968198
0.0,0.0008269588587967748,0.0,0.0,0.007099391480730223
0.0004783926008611067,0.0,0.0004914004914004914,0.0,0.0
0.002515090543259557,0.0008269588587967748,0.007407407407407408,0.006829268292682927,0.0
0.0004783926008611067,0.0008269588587967748,0.0012448132780082987,0.0,0.0010498687664041995
0.002515090543259557,0.0008269588587967748,0.0,0.0018726591760299626,0.0007446016381236039
0.0,0.0008269588587967748,0.0,0.006829268292682927,0.0012755102040816326
0.015655577299412915,0.00646551724137931,0.007407407407407408,0.0010878433505575197,0.0010498687664041995
0.0004783926008611067,0.0008269588587967748,0.0,0.004296455424274973,0.0017667844522968198
0.0004783926008611067,0.00646551724137931,0.0,0.0018726591760299626,0.0
0.002560819462227913,0.0,0.0,0.0010878433505575197,0.0010498687664041995
0.0004783926008611067,0.0009532888465204957,0.004705882352941176,0.0,0.0007446016381236039
0.0004783926008611067,0.00815494393476045,0.0,0.006829268292682927,0.0
0.0004783926008611067,0.0,0.0012448132780082987,0.0010878433505575197,0.02258064516129032
0.002560819462227913,0.0008269588587967748,0.0,0.004296455424274973,0.0010498687664041995
0.0,0.0,0.00102880658436214,0.0,0.0
0.006369426751592357,0.0009532888465204957,0.0004914004914004914,0.006829268292682927,0.0
0.0004783926008611067,0.0008269588587967748,0.0,0.004296455424274973,0.0010498687664041995
0.015655577299412915,0.0008269588587967748,0.007407407407407408,0.0,0.005443234836702955
0.0004783926008611067,0.01702127659574468,0.012727272727272728,0.004296455424274973,0.005443234836702955
0.0004783926008611067,0.0,0.0,0.0,0.0
0.0,0.0008269588587967748,0.0004914004914004914,0.010514018691588784,0.0
0.002560819462227913,0.0,0.0012448132780082987,0.002,0.007099391480730223
0.0,0.046511627906976744,0.0,0.0010878433505575197,0.015337423312883436
0.0,0.0,0.0,0.006829268292682927,0.0010498687664041995
0.0,0.0,0.0004914004914004914,0.0,0.0
0.006369426751592357,0.0008269588587967748,0.0,0.006829268292682927,0.0
0.002560819462227913,0.0008269588587967748,0.0,0.0,0.007099391480730223
0.0,0.0008269588587967748,0.007407407407407408,0.002,0.0
0.0,0.0008269588587967748,0.0,0.0010878433505575197,0.0010498687664041995
0.0,0.0069767441860465115,0.022857142857142857,0.003134796238244514,0.0012755102040816326
0.006369426751592357,0.01702127659574468,0.0012448132780082987,0.0010878433505575197,0.0012755102040816326
0.0004783926008611067,0.0,0.0,0.010514018691588784,0.007099391480730223
0.0,0.00815494393476045,0.0,0.0,0.0010498687664041995
0.015655577299412915,0.0,0.0004914004914004914,0.0,0.0010498687664041995
0.0004783926008611067,0.00646551724137931,0.0004914004914004914,0.010514018691588784,0.0
0.0004783926008611067,0.0008269588587967748,0.0,0.004296455424274973,0.0
0.0004783926008611067,0.0,0.0012448132780082987,0.006829268292682927,0.0007446016381236039
0.002560819462227913,0.0009532888465204957,0.0,0.0,0.0
0.002515090543259557,0.0009532888465204957,0.0,0.006829268292682927,0.0
0.006369426751592357,0.0008269588587967748,0.00102880658436214,0.0010878433505575197,0.0010498687664041995
0.0004783926008611067,0.0009532888465204957,0.0012448132780082987,0.0,0.0
0.0004783926008611067,0.00815494393476045,0.012727272727272728,0.0010878433505575197,0.0
0.0004783926008611067,0.0009532888465204957,0.0,0.0,0.0007446016381236039
0.0004783926008611067,0.00646551724137931,0.0,0.0,0.0
0.0033613445378151263,0.00646551724137931,0.004705882352941176,0.006829268292682927,0.0010498687664041995
0.015655577299412915,0.0069767441860465115,0.0,0.0010878433505575197,0.0
0.002515090543259557,0.00646551724137931,0.022857142857142857,0.0,0.0010498687664041995
0.0004783926008611067,0.00815494393476045,0.0004914004914004914,0.0010878433505575197,0.0
0.0,0.0,0.0012448132780082987,0.0,0.0027397260273972603
0.0004783926008611067,0.0,0.022857142857142857,0.004296455424274973,0.0
0.0004783926008611067,0.0,0.00102880658436214,0.0,0.0010498687664041995
0.0,0.0,0.007407407407407408,0.0010878433505575197,0.005443234836702955
0.0004783926008611067,0.0069767441860465115,0.0012448132780082987,0.0,0.007099391480730223
0.002560819462227913,0.0,0.010050251256281407,0.0,0.005443234836702955
0.0,0.0009532888465204957,0.0,0.003134796238244514,0.0
0.0004783926008611067,0.00646551724137931,0.0012448132780082987,0.0,0.0
0.0004783926008611067,0.00815494393476045,0.0,0.0018726591760299626,0.0007446016381236039
0.0004783926008611067,0.0008269588587967748,0.00102880658436214,0.002,0.0027397260273972603
0.0,0.00646551724137931,0.0,0.004296455424274973,0.0007446016381236039
0.0004783926008611067,0.0008269588587967748,0.0,0.004296455424274973,0.007099391480730223
0.0,0.0008269588587967748,0.0,0.004296455424274973,0.0
0.03225806451612903,0.0,0.0004914004914004914,0.0018726591760299626,0.015337423312883436
0.0,0.0069767441860465115,0.0,0.004296455424274973,0.0
0.0004783926008611067,0.0,0.0,0.0,0.0010498687664041995
0.002515090543259557,0.01702127659574468,0.012727272727272728,0.010514018691588784,0.007099391480730223
0.0004783926008611067,0.00646551724137931,0.0,0.010514018691588784,0.0017667844522968198
0.0004783926008611067,0.0009532888465204957,0.012727272727272728,0.0010878433505575197,0.0017667844522968198
0.0004783926008611067,0.0009532888465204957,0.0,0.0,0.0010498687664041995
0.006369426751592357,0.0009532888465204957,0.012727272727272728,0.0010878433505575197,0.0
0.0004783926008611067,0.0069767441860465115,0.0012448132780082987,0.0010878433505575197,0.02258064516129032
0.0,0.00646551724137931,0.0012448132780082987,0.0018726591760299626,0.0
0.0004783926008611067,0.0009532888465204957,0.0,0.006829268292682927,0.0
0.0004783926008611067,0.0008269588587967748,0.004705882352941176,0.004296455424274973,0.0010498687664041995
0.0004783926008611067,0.0008269588587967748,0.0006265664160401002,0.0010878433505575197,0.015337423312883436
0.0,0.0069767441860465115,0.0,0.0,0.0010498687664041995
0.002515090543259557,0.0008269588587967748,0.0012448132780082987,0.0,0.0010498687664041995
0.0,0.0008269588587967748,0.0006265664160401002,0.0,0.0
0.0004783926008611067,0.0008269588587967748,0.0004914004914004914,0.0010878433505575197,0.0012755102040816326
0.0004783926008611067,0.0,0.00102880658436214,0.010514018691588784,0.0010498687664041995
0.0004783926008611067,0.0,0.0006265664160401002,0.0010878433505575197,0.0007446016381236039
0.0004783926008611067,0.0009532888465204957,0.0012448132780082987,0.0010878433505575197,0.02258064516129032
0.0004783926008611067,0.0069767441860465115,0.0004914004914004914,0.0010878433505575197,0.0
0.0,0.0069767441860465115,0.0,0.0,0.007099391480730223
0.002515090543259557,0.01702127659574468,0.0,0.0010878433505575197,0.0007446016381236039
0.0004783926008611067,0.0,0.0,0.0,0.0007446016381236039
0.0004783926008611067,0.0069767441860465115,0.00102880658436214,0.0,0.0
0.006369426751592357,0.0008269588587967748,0.0012448132780082987,0.006829268292682927,0.0
0.0004783926008611067,0.0,0.0006265664160401002,0.0,0.0010498687664041995
0.0,0.0009532888465204957,0.0,0.0010878433505575197,0.0010498687664041995
0.0004783926008611067,0.0,0.0004914004914004914,0.004296455424274973,0.0012755102040816326
0.0004783926008611067,0.01702127659574468,0.00102880658436214,0.0,0.005443234836702955
0.0,0.0008269588587967748,0.0006265664160401002,0.0010878433505575197,0.0007446016381236039
0.0,0.0069767441860465115,0.0,0.0,0.005443234836702955
0.0004783926008611067,0.00815494393476045,0.0004914004914004914,0.006829268292682927,0.0007446016381236039
0.015655577299412915,0.0009532888465204957,0.00102880658436214,0.004296455424274973,0.0010498687664041995
0.0004783926008611067,0.0008269588587967748,0.007407407407407408,0.0,0.0010498687664041995
0.0033613445378151263,0.00646551724137931,0.0,0.0018726591760299626,0.0010498687664041995
0.002515090543259557,0.0069767441860465115,0.0,0.0,0.0
0.0004783926008611067,0.0,0.0006265664160401002,0.0,0.0010498687664041995
0.002515090543259557,0.00815494393476045,0.0012448132780082987,0.0,0.0
0.0004783926008611067,0.0,0.0,0.006829268292682927,0.0
0.0033613445378151263,0.0,0.007407407407407408,0.002,0.0010498687664041995
0.015655577299412915,0.0008269588587967748,0.0006265664160401002,0.0010878433505575197,0.0010498687664041995
0.002560819462227913,0.025906735751295335,0.022857142857142857,0.006829268292682927,0.0
0.002515090543259557,0.0008269588587967748,0.0006265664160401002,0.004296455424274973,0.0010498687664041995
0.0,0.0,0.0004914004914004914,0.07692307692307693,0.0
0.0004783926008611067,0.01702127659574468,0.0,0.004296455424274973,0.0007446016381236039
0.0,0.0009532888465204957,0.0,0.003134796238244514,0.005443234836702955
0.0004783926008611067,0.0008269588587967748,0.004705882352941176,0.002,0.0
0.0004783926008611067,0.0,0.00102880658436214,0.0,0.0012755102040816326
0.0004783926008611067,0.0069767441860465115,0.0,0.004296455424274973,0.0
0.002560819462227913,0.00646551724137931,0.0,0.004296455424274973,0.02258064516129032
0.0033613445378151263,0.0008269588587967748,0.0006265664160401002,0.0,0.0
0.0033613445378151263,0.0,0.0012448132780082987,0.0,0.005443234836702955
0.0,0.0008269588587967748,0.0012448132780082987,0.010514018691588784,0.0010498687664041995
0.0033613445378151263,0.0008269588587967748,0.0,0.0010878433505575197,0.0
0.0004783926008611067,0.0,0.0004914004914004914,0.0,0.0010498687664041995
0.0004783926008611067,0.0008269588587967748,0.0,0.0018726591760299626,0.0
0.0004783926008611067,0.0,0.0012448132780082987,0.0010878433505575197,0.0
0.0,0.0008269588587967748,0.0,0.0010878433505575197,0.0007446016381236039
0.002515090543259557,0.0,0.0004914004914004914,0.0018726591760299626,0.0010498687664041995
0.0004783926008611067,0.0,0.0,0.0010878433505575197,0.0
0.0004783926008611067,0.0008269588587967748,0.0012448132780082987,0.004296455424274973,0.0
0.0004783926008611067,0.0008269588587967748,0.0012448132780082987,0.010514018691588784,0.0017667844522968198
0.015655577299412915,0.0,0.0012448132780082987,0.006829268292682927,0.007099391480730223
0.0004783926008611067,0.01702127659574468,0.022857142857142857,0.0018726591760299626,0.007099391480730223
0.0,0.0008269588587967748,0.0012448132780082987,0.006829268292682927,0.005443234836702955
0.0,0.00646551724137931,0.0,0.0,0.0010498687664041995
0.0004783926008611067,0.0,0.0,0.006829268292682927,0.005443234836702955
0.0,0.0,0.0012448132780082987,0.0010878433505575197,0.02258064516129032
0.015655577299412915,0.0,0.046511627906976744,0.010514018691588784,0.005443234836702955
0.0004783926008611067,0.0008269588587967748,0.0,0.004296455424274973,0.0010498687664041995
0.0,0.0008269588587967748,0.0012448132780082987,0.010514018691588784,0.007099391480730223
0.0004783926008611067,0.00815494393476045,0.0004914004914004914,0.0010878433505575197,0.005443234836702955
0.0004783926008611067,0.0069767441860465115,0.0012448132780082987,0.0,0.0
0.002515090543259557,0.0,0.0,0.0,0.005443234836702955
0.0004783926008611067,0.00646551724137931,0.00102880658436214,0.0010878433505575197,0.005443234836702955
0.015655577299412915,0.0008269588587967748,0.0,0.0,0.0010498687664041995
0.0004783926008611067,0.0,0.0012448132780082987,0.0010878433505575197,0.0010498687664041995
0.0,0.0008269588587967748,0.0,0.0,0.0010498687664041995
0.0004783926008611067,0.0,0.0,0.0,0.0007446016381236039
0.0,0.0008269588587967748,0.0004914004914004914,0.0010878433505575197,0.0012755102040816326
0.0004783926008611067,0.0008269588587967748,0.0006265664160401002,0.0010878433505575197,0.0010498687664041995
0.0,0.0008269588587967748,0.0006265664160401002,0.0,0.0
0.0,0.0009532888465204957,0.0006265664160401002,0.0,0.0
0.015655577299412915,0.0008269588587967748,0.0006265664160401002,0.0,0.005443234836702955
0.0,0.0008269588587967748,0.0,0.0018726591760299626,0.0007446016381236039
0.002515090543259557,0.0009532888465204957,0.0012448132780082987,0.0,0.0
0.0,0.0,0.0,0.004296455424274973,0.015337423312883436
0.006369426751592357,0.0008269588587967748,0.007407407407407408,0.0010878433505575197,0.0007446016381236039
0.0004783926008611067,0.0009532888465204957,0.0012448132780082987,0.0010878433505575197,0.0010498687664041995
0.0004783926008611067,0.0009532888465204957,0.007407407407407408,0.0,0.0012755102040816326
0.0004783926008611067,0.0009532888465204957,0.022857142857142857,0.0010878433505575197,0.015337423312883436
0.002515090543259557,0.0,0.0012448132780082987,0.0010878433505575197,0.0012755102040816326
0.006369426751592357,0.0,0.0,0.006829268292682927,0.0010498687664041995
0.006369426751592357,0.0,0.0004914004914004914,0.0,0.015337423312883436
0.0004783926008611067,0.0,0.0012448132780082987,0.004296455424274973,0.0
0.0004783926008611067,0.00646551724137931,0.0,0.010514018691588784,0.007099391480730223
0.0004783926008611067,0.00646551724137931,0.0006265664160401002,0.0010878433505575197,0.0007446016381236039
0.002560819462227913,0.025906735751295335,0.0,0.010514018691588784,0.0010498687664041995
0.015655577299412915,0.0008269588587967748,0.0,0.0010878433505575197,0.0
0.0004783926008611067,0.00646551724137931,0.0004914004914004914,0.006829268292682927,0.0
0.002515090543259557,0.0008269588587967748,0.004705882352941176,0.0018726591760299626,0.0007446016381236039
0.02864660524329449,0.0,0.00102880658436214,0.004296455424274973,0.015337423312883436
0.0004783926008611067,0.0008269588587967748,0.0012448132780082987,0.0010878433505575197,0.0
0.0004783926008611067,0.0008269588587967748,0.004705882352941176,0.0,0.005443234836702955
0.0004783926008611067,0.0009532888465204957,0.0012448132780082987,0.0010878433505575197,0.0010498687664041995
0.0004783926008611067,0.0008269588587967748,0.0004914004914004914,0.0010878433505575197,0.0
0.002560819462227913,0.0009532888465204957,0.0012448132780082987,0.0010878433505575197,0.0010498687664041995
0.0004783926008611067,0.0008269588587967748,0.0,0.006829268292682927,0.007099391480730223
0.002515090543259557,0.0,0.0006265664160401002,0.0010878433505575197,0.0010498687664041995
0.002515090543259557,0.00646551724137931,0.012727272727272728,0.0,0.015337423312883436
0.0004783926008611067,0.0008269588587967748,0.012727272727272728,0.0018726591760299626,0.0007446016381236039
0.0004783926008611067,0.00815494393476045,0.0012448132780082987,0.0,0.0
0.0004783926008611067,0.0009532888465204957,0.0,0.010514018691588784,0.0012755102040816326
0.002560819462227913,0.0,0.012727272727272728,0.0010878433505575197,0.0
0.0004783926008611067,0.0,0.0,0.0010878433505575197,0.005443234836702955
0.05,0.0,0.0004914004914004914,0.0010878433505575197,0.007099391480730223
0.0004783926008611067,0.0008269588587967748,0.00102880658436214,0.0018726591760299626,0.0010498687664041995
0.0,0.0009532888465204957,0.0012448132780082987,0.0010878433505575197,0.005443234836702955
0.0,0.0008269588587967748,0.0012448132780082987,0.004296455424274973,0.0010498687664041995
0.0004783926008611067,0.0009532888465204957,0.007407407407407408,0.004296455424274973,0.0
0.0004783926008611067,0.0,0.0,0.0,0.0
0.0004783926008611067,0.0,0.012727272727272728,0.004296455424274973,0.015337423312883436
0.015655577299412915,0.0,0.0012448132780082987,0.002,0.0
0.0,0.0009532888465204957,0.007407407407407408,0.004296455424274973,0.007099391480730223
0.0,0.01702127659574468,0.0012448132780082987,0.0,0.007099391480730223
0.0004783926008611067,0.00646551724137931,0.0004914004914004914,0.004296455424274973,0.0010498687664041995
0.0004783926008611067,0.00815494393476045,0.0006265664160401002,0.0010878433505575197,0.0010498687664041995
0.002515090543259557,0.0,0.012727272727272728,0.0,0.0010498687664041995
0.0004783926008611067,0.0,0.0004914004914004914,0.0010878433505575197,0.007099391480730223
0.002515090543259557,0.0008269588587967748,0.0004914004914004914,0.0010878433505575197,0.0010498687664041995
0.0,0.0,0.012727272727272728,0.0010878433505575197,0.0
0.0,0.0009532888465204957,0.0012448132780082987,0.004296455424274973,0.015337423312883436
0.0004783926008611067,0.0,0.0012448132780082987,0.0010878433505575197,0.0
0.0004783926008611067,0.025906735751295335,0.0,0.010514018691588784,0.0010498687664041995
0.0004783926008611067,0.0008269588587967748,0.0,0.0018726591760299626,0.0
0.0004783926008611067,0.0,0.007407407407407408,0.004296455424274973,0.007099391480730223
0.002515090543259557,0.0,0.0,0.0010878433505575197,0.007099391480730223
0.002560819462227913,0.025906735751295335,0.0,0.0,0.0010498687664041995
0.0004783926008611067,0.0,0.00102880658436214,0.010514018691588784,0.0007446016381236039
0.002515090543259557,0.0008269588587967748,0.0,0.0010878433505575197,0.02258064516129032
0.0004783926008611067,0.0008269588587967748,0.012727272727272728,0.0010878433505575197,0.0
0.0,0.0069767441860465115,0.0006265664160401002,0.004296455424274973,0.0010498687664041995
0.0004783926008611067,0.0008269588587967748,0.012727272727272728,0.0,0.0007446016381236039
0.0,0.0,0.0006265664160401002,0.004296455424274973,0.0010498687664041995
0.0004783926008611067,0.0008269588587967748,0.0004914004914004914,0.0010878433505575197,0.005443234836702955
0.0,0.00815494393476045,0.0,0.004296455424274973,0.0010498687664041995
0.002560819462227913,0.0,0.0,0.0,0.005443234836702955
0.0,0.00815494393476045,0.0012448132780082987,0.0018726591760299626,0.0010498687664041995
0.0,0.0,0.0004914004914004914,0.0010878433505575197,0.0007446016381236039
0.0004783926008611067,0.00815494393476045,0.0,0.0,0.0
0.0004783926008611067,0.0008269588587967748,0.0012448132780082987,0.0018726591760299626,0.0
0.0004783926008611067,0.0,0.0,0.004296455424274973,0.0
0.0004783926008611067,0.0008269588587967748,0.0004914004914004914,0.0,0.0017667844522968198
0.002515090543259557,0.0009532888465204957,0.00102880658436214,0.0010878433505575197,0.0007446016381236039
0.002515090543259557,0.0008269588587967748,0.0012448132780082987,0.006829268292682927,0.007099391480730223
0.0,0.0069767441860465115,0.0006265664160401002,0.010514018691588784,0.0
0.0,0.025906735751295335,0.0,0.0,0.0010498687664041995
0.0,0.0,0.0,0.0010878433505575197,0.0007446016381236039
0.015655577299412915,0.0,0.0012448132780082987,0.0010878433505575197,0.0
0.0,0.00646551724137931,0.0004914004914004914,0.006829268292682927,0.0
0.0004783926008611067,0.0,0.0004914004914004914,0.0,0.0
0.015655577299412915,0.0,0.0,0.0,0.005443234836702955
0.002560819462227913,0.00815494393476045,0.0,0.004296455424274973,0.0
0.03225806451612903,0.0008269588587967748,0.0012448132780082987,0.004296455424274973,0.0010498687664041995
0.002515090543259557,0.0069767441860465115,0.007407407407407408,0.0010878433505575197,0.0010498687664041995
0.0004783926008611067,0.0008269588587967748,0.0,0.004296455424274973,0.0010498687664041995
0.0,0.0,0.0004914004914004914,0.0010878433505575197,0.0010498687664041995
0.002515090543259557,0.0,0.0,0.0010878433505575197,0.0017667844522968198
0.0,0.0069767441860465115,0.0,0.0018726591760299626,0.0
0.0,0.0008269588587967748,0.0,0.002,0.007099391480730223
0.0004783926008611067,0.0,0.0006265664160401002,0.0010878433505575197,0.005443234836702955
0.0004783926008611067,0.0008269588587967748,0.0006265664160401002,0.0,0.0010498687664041995
0.002560819462227913,0.0069767441860465115,0.0012448132780082987,0.0,0.007099391480730223
0.0004783926008611067,0.0009532888465204957,0.0012448132780082987,0.0,0.0
0.0,0.0,0.0,0.0010878433505575197,0.007099391480730223
0.0,0.0,0.0012448132780082987,0.0010878433505575197,0.0027397260273972603
0.0004783926008611067,0.00646551724137931,0.0006265664160401002,0.0,0.0
0.0004783926008611067,0.0008269588587967748,0.0006265664160401002,0.0,0.0027397260273972603
0.0033613445378151263,0.0069767441860465115,0.007407407407407408,0.0,0.0010498687664041995
0.002515090543259557,0.00815494393476045,0.0012448132780082987,0.004296455424274973,0.0012755102040816326
0.0004783926008611067,0.00646551724137931,0.0,0.0,0.0010498687664041995
0.0004783926008611067,0.0,0.004705882352941176,0.004296455424274973,0.0
0.0,0.0008269588587967748,0.0004914004914004914,0.010514018691588784,0.0010498687664041995
0.0,0.0009532888465204957,0.0,0.003134796238244514,0.0012755102040816326
0.0004783926008611067,0.0008269588587967748,0.0004914004914004914,0.0,0.0010498687664041995
0.0004783926008611067,0.0009532888465204957,0.022857142857142857,0.0,0.0010498687664041995
0.0,0.0009532888465204957,0.0,0.0,0.015337423312883436
0.0004783926008611067,0.0,0.007407407407407408,0.0010878433505575197,0.005443234836702955
0.0004783926008611067,0.0008269588587967748,0.0012448132780082987,0.010514018691588784,0.0010498687664041995
0.0,0.0008269588587967748,0.0,0.0,0.007099391480730223
0.002515090543259557,0.0008269588587967748,0.012727272727272728,0.006829268292682927,0.0
0.0004783926008611067,0.0009532888465204957,0.0,0.004296455424274973,0.0
0.002515090543259557,0.00815494393476045,0.0012448132780082987,0.0018726591760299626,0.005443234836702955
0.0,0.0,0.0004914004914004914,0.004296455424274973,0.0
0.0004783926008611067,0.0,0.0004914004914004914,0.004296455424274973,0.0
0.0,0.0008269588587967748,0.007407407407407408,0.0010878433505575197,0.007099391480730223
0.0004783926008611067,0.0,0.0,0.0,0.005443234836702955
0.0004783926008611067,0.0,0.0,0.006829268292682927,0.015337423312883436
0.002515090543259557,0.025906735751295335,0.0,0.002,0.0
0.0004783926008611067,0.0,0.0,0.0010878433505575197,0.0012755102040816326
0.002515090543259557,0.0008269588587967748,0.0006265664160401002,0.006829268292682927,0.007099391480730223
0.002560819462227913,0.00646551724137931,0.0012448132780082987,0.004296455424274973,0.0
0.0004783926008611067,0.00646551724137931,0.0,0.0010878433505575197,0.0010498687664041995
0.006369426751592357,0.0,0.0,0.004296455424274973,0.0
0.0004783926008611067,0.0,0.0004914004914004914,0.003134796238244514,0.0
0.015655577299412915,0.0,0.0004914004914004914,0.0,0.0010498687664041995
0.0033613445378151263,0.0,0.0,0.0,0.0010498687664041995
0.0004783926008611067,0.0009532888465204957,0.0,0.004296455424274973,0.005443234836702955
0.0,0.0,0.0,0.0010878433505575197,0.0010498687664041995
0.0004783926008611067,0.00815494393476045,0.0006265664160401002,0.0010878433505575197,0.0
0.0,0.0009532888465204957,0.0006265664160401002,0.004296455424274973,0.0
0.002560819462227913,0.0009532888465204957,0.0006265664160401002,0.010514018691588784,0.0
0.002560819462227913,0.0008269588587967748,0.0012448132780082987,0.004296455424274973,0.0
0.002515090543259557,0.0,0.0,0.0,0.0017667844522968198
0.0,0.0,0.0,0.0018726591760299626,0.0010498687664041995
0.0,0.00815494393476045,0.0012448132780082987,0.0010878433505575197,0.0
0.0,0.0009532888465204957,0.0004914004914004914,0.0010878433505575197,0.005443234836702955
0.015655577299412915,0.0009532888465204957,0.0006265664160401002,0.004296455424274973,0.0010498687664041995
0.006369426751592357,0.0069767441860465115,0.0006265664160401002,0.0,0.0007446016381236039
0.002515090543259557,0.0008269588587967748,0.0004914004914004914,0.010514018691588784,0.0010498687664041995
0.002515090543259557,0.00646551724137931,0.0,0.0,0.005443234836702955
0.0004783926008611067,0.00815494393476045,0.0012448132780082987,0.006829268292682927,0.03571428571428571
0.015655577299412915,0.0,0.0004914004914004914,0.0010878433505575197,0.0010498687664041995
0.006369426751592357,0.0,0.007407407407407408,0.0,0.0010498687664041995
0.0,0.0,0.007407407407407408,0.0010878433505575197,0.0010498687664041995
0.015655577299412915,0.0008269588587967748,0.0012448132780082987,0.0,0.0
0.0,0.0008269588587967748,0.0006265664160401002,0.010514018691588784,0.0
0.002560819462227913,0.0008269588587967748,0.0,0.0,0.0007446016381236039
0.0033613445378151263,0.0008269588587967748,0.00102880658436214,0.0,0.0012755102040816326
0.0004783926008611067,0.046511627906976744,0.0006265664160401002,0.0,0.02258064516129032
0.0004783926008611067,0.0009532888465204957,0.0012448132780082987,0.010514018691588784,0.007099391480730223
0.0,0.0008269588587967748,0.0012448132780082987,0.004296455424274973,0.0
0.015655577299412915,0.0008269588587967748,0.0,0.0018726591760299626,0.0007446016381236039
0.0004783926008611067,0.00815494393476045,0.0,0.0,0.02258064516129032
0.0004783926008611067,0.0,0.0,0.0,0.0012755102040816326
0.0004783926008611067,0.00815494393476045,0.0004914004914004914,0.0,0.0007446016381236039
0.002515090543259557,0.00815494393476045,0.0,0.0010878433505575197,0.0010498687664041995
0.0004783926008611067,0.0,0.0,0.0010878433505575197,0.0007446016381236039
0.0,0.0008269588587967748,0.0004914004914004914,0.0010878433505575197,0.0
0.0004783926008611067,0.0,0.0004914004914004914,0.0,0.0010498687664041995
0.0004783926008611067,0.0,0.012727272727272728,0.002,0.0017667844522968198
0.0,0.0,0.0004914004914004914,0.0,0.005443234836702955
0.006369426751592357,0.0008269588587967748,0.0006265664160401002,0.0010878433505575197,0.0007446016381236039
0.0004783926008611067,0.00646551724137931,0.00102880658436214,0.006829268292682927,0.0010498687664041995
0.0004783926008611067,0.00815494393476045,0.007407407407407408,0.010514018691588784,0.0007446016381236039
0.0,0.0,0.0012448132780082987,0.006829268292682927,0.0010498687664041995
0.0004783926008611067,0.0009532888465204957,0.022857142857142857,0.0018726591760299626,0.015337423312883436
0.0004783926008611067,0.0008269588587967748,0.007407407407407408,0.0,0.0010498687664041995
0.0004783926008611067,0.00815494393476045,0.0,0.004296455424274973,0.0
0.0004783926008611067,0.0009532888465204957,0.0012448132780082987,0.0,0.0010498687664041995
0.015655577299412915,0.0008269588587967748,0.0006265664160401002,0.0018726591760299626,0.0010498687664041995
0.0,0.0,0.00102880658436214,0.0010878433505575197,0.0
0.0,0.00646551724137931,0.0,0.010514018691588784,0.007099391480730223
0.0,0.0008269588587967748,0.00102880658436214,0.0010878433505575197,0.0010498687664041995
0.0004783926008611067,0.0069767441860465115,0.007407407407407408,0.0018726591760299626,0.007099391480730223
0.0004783926008611067,0.0,0.0,0.0,0.007099391480730223
0.015655577299412915,0.0,0.0,0.0,0.0
0.002515090543259557,0.0009532888465204957,0.007407407407407408,0.006829268292682927,0.0
0.0,0.0009532888465204957,0.0,0.0018726591760299626,0.0010498687664041995
0.0004783926008611067,0.01702127659574468,0.0,0.0,0.0
0.002515090543259557,0.0008269588587967748,0.00102880658436214,0.0,0.0
0.0004783926008611067,0.0,0.0004914004914004914,0.0010878433505575197,0.0
0.0,0.0,0.004705882352941176,0.0010878433505575197,0.005443234836702955
0.0,0.0,0.0,0.0010878433505575197,0.0
0.0004783926008611067,0.0,0.0012448132780082987,0.0,0.007099391480730223
0.0004783926008611067,0.0,0.0004914004914004914,0.0010878433505575197,0.0010498687664041995
0.006369426751592357,0.0,0.0,0.0,0.007099391480730223
0.0004783926008611067,0.0,0.00102880658436214,0.0010878433505575197,0.0007446016381236039
0.0004783926008611067,0.0008269588587967748,0.00102880658436214,0.002,0.0027397260273972603
0.015655577299412915,0.0,0.0004914004914004914,0.0,0.0010498687664041995
0.0004783926008611067,0.0008269588587967748,0.0012448132780082987,0.0010878433505575197,0.0
0.0004783926008611067,0.0,0.0,0.010514018691588784,0.0
0.0,0.0,0.0,0.010514018691588784,0.0
0.002515090543259557,0.0,0.0004914004914004914,0.004296455424274973,0.0
0.002515090543259557,0.0,0.012727272727272728,0.0,0.0010498687664041995
0.0004783926008611067,0.0008269588587967748,0.0006265664160401002,0.0,0.005443234836702955
0.002515090543259557,0.0,0.012727272727272728,0.0,0.0010498687664041995
0.002515090543259557,0.0,0.0,0.0010878433505575197,0.0
0.0004783926008611067,0.0008269588587967748,0.0,0.0,0.0010498687664041995
0.002515090543259557,0.0,0.0006265664160401002,0.0,0.0010498687664041995
0.015655577299412915,0.0,0.012727272727272728,0.004296455424274973,0.007099391480730223
0.006369426751592357,0.00646551724137931,0.0006265664160401002,0.0018726591760299626,0.0
0.0004783926008611067,0.0,0.0004914004914004914,0.002,0.0007446016381236039
0.0,0.0,0.0004914004914004914,0.0010878433505575197,0.0007446016381236039
0.0004783926008611067,0.0008269588587967748,0.004705882352941176,0.0010878433505575197,0.0010498687664041995
0.0,0.0008269588587967748,0.0,0.004296455424274973,0.0
0.0,0.0,0.00102880658436214,0.0,0.0010498687664041995
0.015655577299412915,0.0008269588587967748,0.0,0.0010878433505575197,0.0
0.0004783926008611067,0.0008269588587967748,0.0,0.003134796238244514,0.0017667844522968198
0.002515090543259557,0.00646551724137931,0.0006265664160401002,0.0018726591760299626,0.0
0.002560819462227913,0.0008269588587967748,0.0006265664160401002,0.006829268292682927,0.005443234836702955
0.002515090543259557,0.0008269588587967748,0.0,0.004296455424274973,0.0010498687664041995
0.0033613445378151263,0.00815494393476045,0.00102880658436214,0.010514018691588784,0.0
0.002515090543259557,0.0,0.0,0.003134796238244514,0.0010498687664041995
0.002515090543259557,0.0,0.0004914004914004914,0.0,0.0
0.0,0.0008269588587967748,0.0012448132780082987,0.0,0.0012755102040816326
0.0004783926008611067,0.0,0.0006265664160401002,0.0018726591760299626,0.005443234836702955
0.0004783926008611067,0.0008269588587967748,0.00102880658436214,0.0,0.0017667844522968198
0.006369426751592357,0.0,0.0006265664160401002,0.010514018691588784,0.0
0.0004783926008611067,0.00815494393476045,0.0,0.0010878433505575197,0.015337423312883436
0.0004783926008611067,0.0008269588587967748,0.0,0.010514018691588784,0.03571428571428571
0.0,0.0008269588587967748,0.007407407407407408,0.0,0.0010498687664041995
0.0,0.0008269588587967748,0.0004914004914004914,0.0010878433505575197,0.005443234836702955
0.0,0.0,0.0012448132780082987,0.0010878433505575197,0.03571428571428571
0.0004783926008611067,0.0008269588587967748,0.0012448132780082987,0.004296455424274973,0.0
0.0,0.0,0.0006265664160401002,0.0010878433505575197,0.0010498687664041995
0.0004783926008611067,0.0,0.0004914004914004914,0.0010878433505575197,0.0012755102040816326
0.015655577299412915,0.0,0.0006265664160401002,0.0,0.0010498687664041995
0.0004783926008611067,0.0,0.0006265664160401002,0.006829268292682927,0.0012755102040816326
0.0004783926008611067,0.00815494393476045,0.007407407407407408,0.0,0.0
0.0,0.00646551724137931,0.0012448132780082987,0.0,0.0007446016381236039
0.0,0.0,0.007407407407407408,0.006829268292682927,0.0
0.0004783926008611067,0.046511627906976744,0.0,0.003134796238244514,0.0
0.0004783926008611067,0.0069767441860465115,0.0012448132780082987,0.004296455424274973,0.0010498687664041995
0.002515090543259557,0.0009532888465204957,0.0,0.006829268292682927,0.0
0.0004783926008611067,0.0,0.0,0.0,0.0010498687664041995
0.0004783926008611067,0.0008269588587967748,0.0,0.006829268292682927,0.0
0.0004783926008611067,0.0009532888465204957,0.0,0.0,0.007099391480730223
0.0004783926008611067,0.0,0.0,0.004296455424274973,0.0
0.002515090543259557,0.016014679362489424,0.0,0.0018726591760299626,0.0010498687664041995
0.0,0.0008269588587967748,0.0,0.0,0.0
0.0033613445378151263,0.0008269588587967748,0.00102880658436214,0.004296455424274973,0.0010498687664041995
0.006369426751592357,0.0,0.022857142857142857,0.0010878433505575197,0.0007446016381236039
0.0004783926008611067,0.0008269588587967748,0.022857142857142857,0.0,0.0007446016381236039
0.0004783926008611067,0.0,0.0006265664160401002,0.0,0.005443234836702955
0.0004783926008611067,0.00815494393476045,0.0012448132780082987,0.004296455424274973,0.02258064516129032
0.0033613445378151263,0.0,0.0,0.0,0.0012755102040816326
0.0004783926008611067,0.025906735751295335,0.00102880658436214,0.002,0.0
0.002560819462227913,0.0009532888465204957,0.0,0.0,0.005443234836702955
0.0,0.0009532888465204957,0.007407407407407408,0.010514018691588784,0.015337423312883436
0.0004783926008611067,0.0,0.0012448132780082987,0.0,0.005443234836702955
0.0004783926008611067,0.0,0.0004914004914004914,0.0010878433505575197,0.0017667844522968198
0.0004783926008611067,0.0,0.0006265664160401002,0.0,0.005443234836702955
0.0004783926008611067,0.0008269588587967748,0.0,0.004296455424274973,0.0010498687664041995
0.002515090543259557,0.00815494393476045,0.0,0.0,0.0017667844522968198
0.002515090543259557,0.0009532888465204957,0.00102880658436214,0.004296455424274973,0.007099391480730223
0.002515090543259557,0.0,0.0006265664160401002,0.0,0.0010498687664041995
0.002515090543259557,0.025906735751295335,0.0,0.0,0.005443234836702955
0.0004783926008611067,0.0,0.00102880658436214,0.006829268292682927,0.0012755102040816326
0.0004783926008611067,0.0,0.0,0.0,0.0010498687664041995
0.0004783926008611067,0.0,0.00102880658436214,0.0010878433505575197,0.005443234836702955
0.002515090543259557,0.0009532888465204957,0.0,0.0,0.0
0.002515090543259557,0.00646551724137931,0.0,0.004296455424274973,0.0017667844522968198
0.0004783926008611067,0.0009532888465204957,0.0,0.0,0.005443234836702955
0.0004783926008611067,0.0069767441860465115,0.0012448132780082987,0.004296455424274973,0.0
0.0004783926008611067,0.0009532888465204957,0.0012448132780082987,0.0010878433505575197,0.0010498687664041995
0.0004783926008611067,0.0008269588587967748,0.0012448132780082987,0.0,0.0010498687664041995
0.0,0.0,0.0,0.004296455424274973,0.005443234836702955
0.002515090543259557,0.00815494393476045,0.0,0.0,0.015337423312883436
0.015655577299412915,0.00646551724137931,0.0,0.0,0.0027397260273972603
0.0004783926008611067,0.0,0.0,0.010514018691588784,0.005443234836702955
0.0,0.00815494393476045,0.00102880658436214,0.0010878433505575197,0.005443234836702955
0.002515090543259557,0.0008269588587967748,0.0004914004914004914,0.002,0.0017667844522968198
0.002515090543259557,0.0,0.0006265664160401002,0.004296455424274973,0.0017667844522968198
0.0004783926008611067,0.00646551724137931,0.0006265664160401002,0.0,0.0017667844522968198
0.0004783926008611067,0.0,0.0,0.0,0.005443234836702955
0.002515090543259557,0.0009532888465204957,0.0,0.0,0.0
0.015655577299412915,0.0069767441860465115,0.022857142857142857,0.0,0.005443234836702955
0.0004783926008611067,0.0,0.0012448132780082987,0.010514018691588784,0.007099391480730223
0.0004783926008611067,0.0009532888465204957,0.0,0.0010878433505575197,0.0
0.0004783926008611067,0.0,0.0,0.0018726591760299626,0.0
0.0,0.00646551724137931,0.0012448132780082987,0.0,0.0010498687664041995
0.0,0.00815494393476045,0.007407407407407408,0.006829268292682927,0.0
0.002515090543259557,0.0069767441860465115,0.0006265664160401002,0.0010878433505575197,0.0007446016381236039
0.0004783926008611067,0.025906735751295335,0.007407407407407408,0.004296455424274973,0.0
0.015655577299412915,0.00646551724137931,0.0006265664160401002,0.0,0.0
0.0004783926008611067,0.0008269588587967748,0.0,0.0,0.0010498687664041995
0.0,0.0008269588587967748,0.0,0.0018726591760299626,0.0
0.0004783926008611067,0.00646551724137931,0.0006265664160401002,0.0,0.0010498687664041995
0.002560819462227913,0.025906735751295335,0.0,0.0,0.015337423312883436
0.0,0.0,0.0012448132780082987,0.004296455424274973,0.015337423312883436
0.015655577299412915,0.0,0.0004914004914004914,0.0,0.0
0.0,0.0008269588587967748,0.0012448132780082987,0.0010878433505575197,0.0
0.0004783926008611067,0.0008269588587967748,0.0,0.0,0.0010498687664041995
0.0004783926008611067,0.0069767441860465115,0.00102880658436214,0.0,0.0010498687664041995
0.0004783926008611067,0.0008269588587967748,0.0,0.0010878433505575197,0.0
0.0004783926008611067,0.0008269588587967748,0.0,0.0,0.0010498687664041995
0.0004783926008611067,0.025906735751295335,0.0,0.0,0.0
0.002515090543259557,0.0069767441860465115,0.007407407407407408,0.0010878433505575197,0.0012755102040816326
0.0,0.0008269588587967748,0.012727272727272728,0.004296455424274973,0.0010498687664041995
0.0004783926008611067,0.0,0.0,0.0,0.005443234836702955
0.0,0.0008269588587967748,0.0,0.0010878433505575197,0.0
0.0004783926008611067,0.0,0.0,0.0010878433505575197,0.005443234836702955
0.015655577299412915,0.0009532888465204957,0.00102880658436214,0.004296455424274973,0.0017667844522968198
0.006369426751592357,0.0,0.0004914004914004914,0.006829268292682927,0.0010498687664041995
0.002560819462227913,0.0008269588587967748,0.0004914004914004914,0.0010878433505575197,0.0017667844522968198
0.002515090543259557,0.0008269588587967748,0.0012448132780082987,0.0,0.0
0.006369426751592357,0.0009532888465204957,0.012727272727272728,0.006829268292682927,0.0
0.0,0.0009532888465204957,0.0,0.0010878433505575197,0.0007446016381236039
0.0004783926008611067,0.00646551724137931,0.0004914004914004914,0.010514018691588784,0.0010498687664041995
0.0004783926008611067,0.0008269588587967748,0.0,0.0010878433505575197,0.0
0.0,0.0008269588587967748,0.0004914004914004914,0.0,0.0007446016381236039
0.0,0.0009532888465204957,0.022857142857142857,0.006829268292682927,0.0
0.0,0.0008269588587967748,0.0004914004914004914,0.0,0.0007446016381236039
0.05,0.0008269588587967748,0.0012448132780082987,0.0,0.0010498687664041995
0.0,0.0,0.0004914004914004914,0.004296455424274973,0.015337423312883436
0.002515090543259557,0.0,0.0012448132780082987,0.004296455424274973,0.0017667844522968198
0.0004783926008611067,0.0009532888465204957,0.00102880658436214,0.0,0.0010498687664041995
0.0004783926008611067,0.0009532888465204957,0.0004914004914004914,0.006829268292682927,0.015337423312883436
0.0,0.0008269588587967748,0.00102880658436214,0.0018726591760299626,0.015337423312883436
0.002515090543259557,0.0,0.0004914004914004914,0.006829268292682927,0.0
0.0,0.0,0.012727272727272728,0.002,0.007099391480730223
0.0004783926008611067,0.0,0.0,0.004296455424274973,0.0012755102040816326
0.002515090543259557,0.01702127659574468,0.0,0.0018726591760299626,0.007099391480730223
0.0,0.0008269588587967748,0.0,0.0010878433505575197,0.0010498687664041995
0.0033613445378151263,0.0009532888465204957,0.0,0.003134796238244514,0.007099391480730223
0.0,0.00646551724137931,0.0006265664160401002,0.0,0.007099391480730223
0.002560819462227913,0.0,0.0,0.006829268292682927,0.005443234836702955
0.0004783926008611067,0.0009532888465204957,0.007407407407407408,0.0010878433505575197,0.0010498687664041995
0.002560819462227913,0.0,0.0004914004914004914,0.0010878433505575197,0.0012755102040816326
0.0004783926008611067,0.0,0.007407407407407408,0.0,0.0007446016381236039
0.0004783926008611067,0.00646551724137931,0.0012448132780082987,0.0010878433505575197,0.0
0.0004783926008611067,0.0069767441860465115,0.0,0.0010878433505575197,0.0027397260273972603
0.0,0.0008269588587967748,0.0,0.0,0.0010498687664041995
0.015655577299412915,0.00815494393476045,0.007407407407407408,0.0018726591760299626,0.0010498687664041995
0.002515090543259557,0.0069767441860465115,0.00102880658436214,0.0018726591760299626,0.0007446016381236039
0.03225806451612903,0.0008269588587967748,0.0,0.0,0.0
0.015655577299412915,0.0,0.007407407407407408,0.004296455424274973,0.0010498687664041995
0.0,0.0,0.0012448132780082987,0.0,0.007099391480730223
0.0004783926008611067,0.00646551724137931,0.0,0.0273972602739726,0.0027397260273972603
0.002515090543259557,0.0,0.012727272727272728,0.0,0.0010498687664041995
0.0,0.0,0.00102880658436214,0.0,0.0027397260273972603
0.015655577299412915,0.0,0.0,0.0010878433505575197,0.0
0.002515090543259557,0.0008269588587967748,0.0,0.0018726591760299626,0.0
0.0,0.00646551724137931,0.0004914004914004914,0.0010878433505575197,0.02258064516129032
0.0004783926008611067,0.0008269588587967748,0.0,0.0,0.0010498687664041995
0.0,0.0008269588587967748,0.0,0.0010878433505575197,0.0010498687664041995
0.0004783926008611067,0.0008269588587967748,0.0004914004914004914,0.0,0.0
0.002560819462227913,0.0008269588587967748,0.0,0.010514018691588784,0.0007446016381236039
0.0,0.0009532888465204957,0.0012448132780082987,0.0010878433505575197,0.015337423312883436
0.0004783926008611067,0.0009532888465204957,0.0004914004914004914,0.004296455424274973,0.015337423312883436
0.0004783926008611067,0.0008269588587967748,0.007407407407407408,0.0273972602739726,0.0012755102040816326
0.002515090543259557,0.00815494393476045,0.0,0.0010878433505575197,0.0010498687664041995
0.0004783926008611067,0.0008269588587967748,0.0004914004914004914,0.0010878433505575197,0.015337423312883436
0.002515090543259557,0.0008269588587967748,0.0012448132780082987,0.004296455424274973,0.0
0.0004783926008611067,0.0069767441860465115,0.0004914004914004914,0.010514018691588784,0.0
0.015655577299412915,0.01702127659574468,0.0012448132780082987,0.010514018691588784,0.007099391480730223
0.0004783926008611067,0.0,0.0012448132780082987,0.0018726591760299626,0.0017667844522968198
0.0,0.0008269588587967748,0.0012448132780082987,0.0,0.02258064516129032
0.0033613445378151263,0.0009532888465204957,0.0004914004914004914,0.006829268292682927,0.005443234836702955
0.0,0.0009532888465204957,0.0012448132780082987,0.010514018691588784,0.0007446016381236039
0.0004783926008611067,0.0,0.0004914004914004914,0.004296455424274973,0.007099391480730223
0.0033613445378151263,0.00815494393476045,0.0004914004914004914,0.0,0.0007446016381236039
0.0004783926008611067,0.0008269588587967748,0.007407407407407408,0.0010878433505575197,0.015337423312883436
0.0,0.0,0.0012448132780082987,0.0,0.0
0.0004783926008611067,0.0008269588587967748,0.0012448132780082987,0.002,0.0
0.0004783926008611067,0.0,0.00102880658436214,0.004296455424274973,0.0010498687664041995
0.002560819462227913,0.0009532888465204957,0.0004914004914004914,0.010514018691588784,0.0017667844522968198
0.015655577299412915,0.00646551724137931,0.0,0.0,0.0010498687664041995
0.0004783926008611067,0.0,0.0,0.0273972602739726,0.0
0.002515090543259557,0.0,0.007407407407407408,0.004296455424274973,0.0012755102040816326
0.002560819462227913,0.0009532888465204957,0.0004914004914004914,0.0010878433505575197,0.0012755102040816326
0.0,0.00646551724137931,0.004705882352941176,0.0,0.0
0.0004783926008611067,0.0008269588587967748,0.0,0.0010878433505575197,0.0
0.0004783926008611067,0.00646551724137931,0.0012448132780082987,0.0010878433505575197,0.0010498687664041995
0.015655577299412915,0.0009532888465204957,0.0006265664160401002,0.0,0.0
0.0,0.0008269588587967748,0.0012448132780082987,0.0018726591760299626,0.0010498687664041995
0.002560819462227913,0.0,0.0,0.0,0.0010498687664041995
0.006369426751592357,0.0009532888465204957,0.0006265664160401002,0.0,0.0010498687664041995
0.015655577299412915,0.0,0.0012448132780082987,0.004296455424274973,0.0
0.002560819462227913,0.0009532888465204957,0.0012448132780082987,0.0018726591760299626,0.02258064516129032
0.002560819462227913,0.0,0.0012448132780082987,0.006829268292682927,0.0010498687664041995
0.0,0.0069767441860465115,0.00102880658436214,0.0010878433505575197,0.0007446016381236039
0.002515090543259557,0.0,0.007407407407407408,0.002,0.005443234836702955
0.0004783926008611067,0.0008269588587967748,0.0,0.0,0.0
0.0033613445378151263,0.0,0.0012448132780082987,0.003134796238244514,0.0010498687664041995
0.015655577299412915,0.0008269588587967748,0.007407407407407408,0.002,0.0010498687664041995
0.0004783926008611067,0.00815494393476045,0.022857142857142857,0.0,0.005443234836702955
0.0033613445378151263,0.0,0.0012448132780082987,0.0018726591760299626,0.0
0.0004783926008611067,0.0008269588587967748,0.0,0.010514018691588784,0.03571428571428571
0.0,0.0069767441860465115,0.0,0.0,0.0012755102040816326
0.0033613445378151263,0.0,0.0,0.0010878433505575197,0.0
0.0,0.0008269588587967748,0.0006265664160401002,0.004296455424274973,0.0
0.0,0.0009532888465204957,0.0,0.0010878433505575197,0.015337423312883436
0.002515090543259557,0.0009532888465204957,0.0006265664160401002,0.004296455424274973,0.0
0.015655577299412915,0.00815494393476045,0.00102880658436214,0.0010878433505575197,0.0012755102040816326
0.0,0.0,0.0,0.0,0.005443234836702955
0.0,0.0008269588587967748,0.0,0.002,0.0007446016381236039
0.0004783926008611067,0.0008269588587967748,0.0004914004914004914,0.0010878433505575197,0.0010498687664041995
0.0004783926008611067,0.0008269588587967748,0.007407407407407408,0.0010878433505575197,0.0010498687664041995
0.0033613445378151263,0.0008269588587967748,0.0004914004914004914,0.004296455424274973,0.007099391480730223
0.0004783926008611067,0.0009532888465204957,0.0006265664160401002,0.0018726591760299626,0.0
0.0004783926008611067,0.0,0.0,0.006829268292682927,0.0
0.0004783926008611067,0.0008269588587967748,0.0012448132780082987,0.0010878433505575197,0.0007446016381236039
0.0,0.0,0.0004914004914004914,0.0010878433505575197,0.015337423312883436
0.0004783926008611067,0.0008269588587967748,0.0,0.002,0.0
0.002515090543259557,0.00646551724137931,0.007407407407407408,0.0,0.007099391480730223
0.002515090543259557,0.0009532888465204957,0.0012448132780082987,0.0,0.0010498687664041995
0.0004783926008611067,0.0008269588587967748,0.022857142857142857,0.0,0.0010498687664041995
0.0,0.0008269588587967748,0.0004914004914004914,0.0010878433505575197,0.0010498687664041995
0.002515090543259557,0.0,0.0,0.0018726591760299626,0.005443234836702955
0.002515090543259557,0.0,0.0012448132780082987,0.0010878433505575197,0.0010498687664041995
0.0004783926008611067,0.0009532888465204957,0.0004914004914004914,0.0,0.0010498687664041995
0.0004783926008611067,0.0008269588587967748,0.0006265664160401002,0.0,0.0010498687664041995
0.0004783926008611067,0.0,0.0006265664160401002,0.010514018691588784,0.0
0.002515090543259557,0.0069767441860465115,0.0,0.010514018691588784,0.0012755102040816326
0.002515090543259557,0.0,0.0,0.0,0.015337423312883436
0.0,0.0,0.00102880658436214,0.003134796238244514,0.0012755102040816326
0.0004783926008611067,0.0009532888465204957,0.0004914004914004914,0.002,0.005443234836702955
0.002560819462227913,0.0,0.0,0.0010878433505575197,0.0
0.015655577299412915,0.00646551724137931,0.0004914004914004914,0.0,0.0012755102040816326
0.0,0.0008269588587967748,0.004705882352941176,0.006829268292682927,0.0007446016381236039
0.0,0.0008269588587967748,0.012727272727272728,0.0,0.0
0.0004783926008611067,0.0008269588587967748,0.0012448132780082987,0.0010878433505575197,0.0
0.0,0.0,0.0,0.0,0.0
0.0,0.0008269588587967748,0.0004914004914004914,0.0,0.005443234836702955
0.002560819462227913,0.0008269588587967748,0.022857142857142857,0.004296455424274973,0.0007446016381236039
0.0,0.0,0.0,0.006829268292682927,0.02258064516129032
0.0,0.0,0.00102880658436214,0.0,0.0010498687664041995
0.0004783926008611067,0.0009532888465204957,0.0,0.004296455424274973,0.0017667844522968198
0.0004783926008611067,0.0,0.0012448132780082987,0.0010878433505575197,0.02258064516129032
0.015655577299412915,0.0008269588587967748,0.007407407407407408,0.006829268292682927,0.0
0.0004783926008611067,0.0008269588587967748,0.0,0.0018726591760299626,0.0
0.0,0.0069767441860465115,0.0012448132780082987,0.006829268292682927,0.0017667844522968198
0.006369426751592357,0.0008269588587967748,0.007407407407407408,0.0018726591760299626,0.0010498687664041995
0.0004783926008611067,0.0,0.0,0.006829268292682927,0.0
0.0004783926008611067,0.0,0.0004914004914004914,0.002,0.015337423312883436
0.002515090543259557,0.0069767441860465115,0.0004914004914004914,0.0,0.0
0.0004783926008611067,0.00815494393476045,0.0004914004914004914,0.0018726591760299626,0.0007446016381236039
0.0,0.00815494393476045,0.0004914004914004914,0.004296455424274973,0.007099391480730223
0.0,0.0,0.012727272727272728,0.010514018691588784,0.0010498687664041995
0.015655577299412915,0.0008269588587967748,0.0012448132780082987,0.0,0.005443234836702955
0.0004783926008611067,0.0,0.0004914004914004914,0.0,0.0007446016381236039
0.0004783926008611067,0.00646551724137931,0.0006265664160401002,0.0010878433505575197,0.0017667844522968198
0.0004783926008611067,0.0,0.007407407407407408,0.0,0.0017667844522968198
0.0004783926008611067,0.00646551724137931,0.012727272727272728,0.004296455424274973,0.0010498687664041995
0.0,0.0,0.0012448132780082987,0.004296455424274973,0.0017667844522968198
0.0004783926008611067,0.0,0.0004914004914004914,0.0,0.0
0.0,0.0008269588587967748,0.0012448132780082987,0.006829268292682927,0.0
0.0004783926008611067,0.0008269588587967748,0.00102880658436214,0.006829268292682927,0.0027397260273972603
0.0004783926008611067,0.0,0.007407407407407408,0.0010878433505575197,0.0010498687664041995
0.0004783926008611067,0.0,0.0,0.0,0.0010498687664041995
0.0004783926008611067,0.0,0.0004914004914004914,0.0,0.0007446016381236039
0.0,0.0,0.0,0.0,0.0
0.002515090543259557,0.00646551724137931,0.0006265664160401002,0.004296455424274973,0.0007446016381236039
0.0004783926008611067,0.0,0.0004914004914004914,0.004296455424274973,0.0
0.0,0.0009532888465204957,0.0004914004914004914,0.0010878433505575197,0.0027397260273972603
0.0004783926008611067,0.0009532888465204957,0.010050251256281407,0.006829268292682927,0.0
0.002515090543259557,0.00646551724137931,0.0012448132780082987,0.038461538461538464,0.0017667844522968198
0.006369426751592357,0.0069767441860465115,0.0012448132780082987,0.004296455424274973,0.0027397260273972603
0.002515090543259557,0.00646551724137931,0.0006265664160401002,0.0010878433505575197,0.005443234836702955
0.0,0.0069767441860465115,0.0012448132780082987,0.0010878433505575197,0.0007446016381236039
0.0004783926008611067,0.0008269588587967748,0.0012448132780082987,0.004296455424274973,0.0012755102040816326
0.0004783926008611067,0.00815494393476045,0.0006265664160401002,0.0010878433505575197,0.0007446016381236039
0.015655577299412915,0.0,0.0004914004914004914,0.004296455424274973,0.0027397260273972603
0.0004783926008611067,0.0008269588587967748,0.007407407407407408,0.0018726591760299626,0.0
0.0004783926008611067,0.00646551724137931,0.0,0.0010878433505575197,0.0
0.0004783926008611067,0.0,0.0012448132780082987,0.0010878433505575197,0.0
0.0004783926008611067,0.0008269588587967748,0.012727272727272728,0.0018726591760299626,0.0
0.002560819462227913,0.0069767441860465115,0.007407407407407408,0.0,0.0
0.0004783926008611067,0.0009532888465204957,0.0004914004914004914,0.0,0.0
0.0004783926008611067,0.01702127659574468,0.007407407407407408,0.0,0.0010498687664041995
0.0004783926008611067,0.00815494393476045,0.007407407407407408,0.0,0.0027397260273972603
0.0004783926008611067,0.0,0.0,0.0,0.02258064516129032
0.0,0.0,0.00102880658436214,0.004296455424274973,0.015337423312883436
0.0033613445378151263,0.0,0.0,0.0,0.03571428571428571
0.0004783926008611067,0.0,0.0012448132780082987,0.004296455424274973,0.0010498687664041995
0.0004783926008611067,0.0009532888465204957,0.0004914004914004914,0.0,0.0
0.015655577299412915,0.0008269588587967748,0.0004914004914004914,0.0010878433505575197,0.007099391480730223
0.0004783926008611067,0.0008269588587967748,0.0012448132780082987,0.010514018691588784,0.0010498687664041995
0.0004783926008611067,0.0009532888465204957,0.0012448132780082987,0.006829268292682927,0.007099391480730223
0.0033613445378151263,0.0,0.00102880658436214,0.0010878433505575197,0.0
0.0004783926008611067,0.0,0.0012448132780082987,0.0,0.0
0.0004783926008611067,0.01702127659574468,0.0,0.0010878433505575197,0.005443234836702955
0.0,0.0069767441860465115,0.00102880658436214,0.0,0.0007446016381236039
0.0033613445378151263,0.00646551724137931,0.007407407407407408,0.0,0.0010498687664041995
0.002515090543259557,0.0008269588587967748,0.007407407407407408,0.0,0.007099391480730223
0.002560819462227913,0.0,0.0004914004914004914,0.0,0.0017667844522968198
0.002515090543259557,0.0008269588587967748,0.0,0.0,0.0010498687664041995
0.0004783926008611067,0.0008269588587967748,0.0,0.0,0.0010498687664041995
0.002515090543259557,0.0009532888465204957,0.0,0.0010878433505575197,0.0010498687664041995
0.0,0.00646551724137931,0.0,0.0,0.0
0.0004783926008611067,0.0008269588587967748,0.0,0.004296455424274973,0.0007446016381236039
0.0004783926008611067,0.0,0.007407407407407408,0.0,0.0010498687664041995
0.0004783926008611067,0.01702127659574468,0.0004914004914004914,0.006829268292682927,0.005443234836702955
0.0004783926008611067,0.0008269588587967748,0.0012448132780082987,0.0010878433505575197,0.0
0.0004783926008611067,0.0,0.0012448132780082987,0.0010878433505575197,0.0010498687664041995
0.0004783926008611067,0.0008269588587967748,0.0004914004914004914,0.004296455424274973,0.0
0.002515090543259557,0.025906735751295335,0.0,0.0,0.0
0.0004783926008611067,0.0,0.0006265664160401002,0.0010878433505575197,0.015337423312883436
0.015655577299412915,0.0008269588587967748,0.0,0.0,0.0
0.0,0.0,0.00102880658436214,0.004296455424274973,0.005443234836702955
0.015655577299412915,0.0,0.0004914004914004914,0.0,0.0
0.0,0.0008269588587967748,0.0006265664160401002,0.0,0.0
0.0004783926008611067,0.0,0.0006265664160401002,0.006829268292682927,0.0010498687664041995
0.002515090543259557,0.0,0.0,0.0,0.0010498687664041995
0.002515090543259557,0.00815494393476045,0.0,0.0,0.0
0.0004783926008611067,0.0008269588587967748,0.007407407407407408,0.002,0.0
0.015655577299412915,0.0069767441860465115,0.0006265664160401002,0.0,0.0007446016381236039
0.0004783926008611067,0.0,0.0012448132780082987,0.0010878433505575197,0.0
0.0004783926008611067,0.0008269588587967748,0.00102880658436214,0.0,0.0
0.0004783926008611067,0.0,0.007407407407407408,0.0,0.0010498687664041995
0.0004783926008611067,0.00815494393476045,0.0,0.004296455424274973,0.0
0.0,0.0,0.007407407407407408,0.0,0.0
0.002515090543259557,0.00815494393476045,0.0006265664160401002,0.0010878433505575197,0.005443234836702955
0.0004783926008611067,0.0008269588587967748,0.0,0.0010878433505575197,0.0010498687664041995
0.0004783926008611067,0.0009532888465204957,0.012727272727272728,0.0,0.0010498687664041995
0.0,0.0008269588587967748,0.0004914004914004914,0.006829268292682927,0.0
0.015655577299412915,0.01702127659574468,0.0,0.0010878433505575197,0.0010498687664041995
0.0004783926008611067,0.00815494393476045,0.010050251256281407,0.004296455424274973,0.0
0.0004783926008611067,0.0009532888465204957,0.0,0.0,0.005443234836702955
0.0004783926008611067,0.0,0.0006265664160401002,0.010514018691588784,0.0
0.0004783926008611067,0.0009532888465204957,0.0004914004914004914,0.0010878433505575197,0.0027397260273972603
0.0,0.0008269588587967748,0.0006265664160401002,0.0010878433505575197,0.007099391480730223
0.002560819462227913,0.0,0.0012448132780082987,0.0,0.0
0.002560819462227913,0.0,0.004705882352941176,0.0010878433505575197,0.0010498687664041995
0.0004783926008611067,0.0008269588587967748,0.0004914004914004914,0.0,0.0010498687664041995
0.002515090543259557,0.0009532888465204957,0.00102880658436214,0.006829268292682927,0.0010498687664041995
0.0004783926008611067,0.0008269588587967748,0.0,0.006829268292682927,0.0007446016381236039
0.0004783926008611067,0.0,0.0,0.0,0.0010498687664041995
0.002560819462227913,0.00815494393476045,0.022857142857142857,0.0010878433505575197,0.0010498687664041995
0.0,0.0008269588587967748,0.0012448132780082987,0.0010878433505575197,0.007099391480730223
0.002515090543259557,0.025906735751295335,0.0012448132780082987,0.006829268292682927,0.0
0.0004783926008611067,0.0,0.007407407407407408,0.0,0.0
0.002515090543259557,0.0008269588587967748,0.0012448132780082987,0.004296455424274973,0.005443234836702955
0.0004783926008611067,0.0,0.004705882352941176,0.0010878433505575197,0.0012755102040816326
0.0004783926008611067,0.00815494393476045,0.0006265664160401002,0.0010878433505575197,0.007099391480730223
0.0,0.0,0.0,0.0,0.015337423312883436
0.002560819462227913,0.0008269588587967748,0.012727272727272728,0.003134796238244514,0.005443234836702955
0.0004783926008611067,0.0008269588587967748,0.0,0.006829268292682927,0.005443234836702955
0.002560819462227913,0.0009532888465204957,0.0004914004914004914,0.0010878433505575197,0.0017667844522968198
0.002515090543259557,0.0008269588587967748,0.007407407407407408,0.0010878433505575197,0.0
0.0,0.0009532888465204957,0.0,0.0010878433505575197,0.0010498687664041995
0.0004783926008611067,0.0008269588587967748,0.007407407407407408,0.0,0.0017667844522968198
0.015655577299412915,0.0,0.0012448132780082987,0.0010878433505575197,0.0
0.02857142857142857,0.0069767441860465115,0.0,0.0,0.0007446016381236039
0.0,0.0008269588587967748,0.0004914004914004914,0.0010878433505575197,0.0017667844522968198
0.0,0.0,0.0012448132780082987,0.0010878433505575197,0.0010498687664041995
0.0004783926008611067,0.0069767441860465115,0.012727272727272728,0.0010878433505575197,0.0010498687664041995
0.002515090543259557,0.0069767441860465115,0.0004914004914004914,0.004296455424274973,0.015337423312883436
0.0004783926008611067,0.0,0.0004914004914004914,0.0018726591760299626,0.0
0.0004783926008611067,0.00646551724137931,0.022857142857142857,0.010514018691588784,0.005443234836702955
0.0004783926008611067,0.0008269588587967748,0.0,0.010514018691588784,0.0010498687664041995
0.002515090543259557,0.0009532888465204957,0.007407407407407408,0.0010878433505575197,0.0027397260273972603
0.0004783926008611067,0.0008269588587967748,0.012727272727272728,0.0010878433505575197,0.0010498687664041995
0.0004783926008611067,0.0008269588587967748,0.0,0.004296455424274973,0.0007446016381236039
0.0004783926008611067,0.0,0.022857142857142857,0.0,0.0
0.006369426751592357,0.0009532888465204957,0.0012448132780082987,0.010514018691588784,0.005443234836702955
0.0004783926008611067,0.00815494393476045,0.0,0.0,0.005443234836702955
0.0004783926008611067,0.00815494393476045,0.0,0.0,0.007099391480730223
0.03225806451612903,0.0,0.0012448132780082987,0.0,0.0007446016381236039
0.05,0.0009532888465204957,0.0,0.0010878433505575197,0.0
0.0033613445378151263,0.0,0.0,0.006829268292682927,0.0010498687664041995
0.002560819462227913,0.0009532888465204957,0.0,0.0010878433505575197,0.0010498687664041995
0.002515090543259557,0.0,0.0004914004914004914,0.0010878433505575197,0.015337423312883436
0.0004783926008611067,0.0008269588587967748,0.0012448132780082987,0.004296455424274973,0.0017667844522968198
0.002560819462227913,0.0008269588587967748,0.022857142857142857,0.0,0.0
0.015655577299412915,0.0,0.0006265664160401002,0.010514018691588784,0.0
0.0033613445378151263,0.0008269588587967748,0.0,0.0010878433505575197,0.0
0.0,0.0,0.007407407407407408,0.0,0.0
0.03225806451612903,0.0008269588587967748,0.0004914004914004914,0.0,0.0017667844522968198
0.0,0.0008269588587967748,0.0,0.0,0.0010498687664041995
0.0,0.00815494393476045,0.0,0.0,0.005443234836702955
0.0,0.0009532888465204957,0.0006265664160401002,0.0018726591760299626,0.0010498687664041995
0.0,0.0,0.007407407407407408,0.0,0.0
0.0,0.0008269588587967748,0.007407407407407408,0.002,0.0007446016381236039
0.0004783926008611067,0.0009532888465204957,0.022857142857142857,0.0010878433505575197,0.0007446016381236039
0.0004783926008611067,0.0069767441860465115,0.0,0.0,0.0
0.0004783926008611067,0.00815494393476045,0.0012448132780082987,0.0,0.0
0.0,0.0009532888465204957,0.007407407407407408,0.004296455424274973,0.0007446016381236039
0.0004783926008611067,0.0009532888465204957,0.0004914004914004914,0.003134796238244514,0.0010498687664041995
0.0004783926008611067,0.0009532888465204957,0.0,0.0010878433505575197,0.02258064516129032
0.002515090543259557,0.0,0.0,0.0010878433505575197,0.007099391480730223
0.0004783926008611067,0.0,0.00102880658436214,0.0010878433505575197,0.0
0.006369426751592357,0.0069767441860465115,0.0,0.0,0.0010498687664041995
0.0004783926008611067,0.0,0.046511627906976744,0.003134796238244514,0.0
0.006369426751592357,0.0,0.00102880658436214,0.0,0.0027397260273972603
0.0004783926008611067,0.0009532888465204957,0.0004914004914004914,0.0018726591760299626,0.005443234836702955
0.0004783926008611067,0.0008269588587967748,0.00102880658436214,0.004296455424274973,0.0
0.0,0.0069767441860465115,0.0,0.010514018691588784,0.0017667844522968198
0.0004783926008611067,0.00815494393476045,0.0012448132780082987,0.0,0.015337423312883436
0.0004783926008611067,0.0008269588587967748,0.0012448132780082987,0.0010878433505575197,0.0007446016381236039
0.0,0.00646551724137931,0.004705882352941176,0.0,0.0010498687664041995
0.0004783926008611067,0.0008269588587967748,0.0,0.010514018691588784,0.0010498687664041995
0.0004783926008611067,0.0,0.0,0.006829268292682927,0.0
0.002515090543259557,0.0009532888465204957,0.0,0.0018726591760299626,0.0
0.002515090543259557,0.0,0.007407407407407408,0.006829268292682927,0.0012755102040816326
0.0004783926008611067,0.0009532888465204957,0.0012448132780082987,0.0010878433505575197,0.005443234836702955
0.0,0.00646551724137931,0.0012448132780082987,0.010514018691588784,0.007099391480730223
0.002515090543259557,0.0,0.00102880658436214,0.0,0.005443234836702955
0.0004783926008611067,0.0009532888465204957,0.0,0.0,0.0010498687664041995
0.0004783926008611067,0.0,0.0,0.0010878433505575197,0.0
0.0,0.0,0.0004914004914004914,0.0010878433505575197,0.0
0.0004783926008611067,0.0009532888465204957,0.0,0.0,0.0
0.0004783926008611067,0.0008269588587967748,0.0004914004914004914,0.0010878433505575197,0.0007446016381236039
0.0,0.0069767441860465115,0.0004914004914004914,0.0,0.0
0.0004783926008611067,0.0008269588587967748,0.0004914004914004914,0.0010878433505575197,0.0
0.0004783926008611067,0.0008269588587967748,0.004705882352941176,0.006829268292682927,0.007099391480730223
0.0004783926008611067,0.0008269588587967748,0.0,0.0010878433505575197,0.0
0.0,0.00815494393476045,0.0004914004914004914,0.0,0.0010498687664041995
0.0004783926008611067,0.0008269588587967748,0.0012448132780082987,0.0,0.0017667844522968198
0.0004783926008611067,0.00815494393476045,0.0006265664160401002,0.002,0.0010498687664041995
0.015655577299412915,0.0008269588587967748,0.007407407407407408,0.0018726591760299626,0.005443234836702955
0.002515090543259557,0.01702127659574468,0.0004914004914004914,0.0,0.0
0.0004783926008611067,0.0008269588587967748,0.0012448132780082987,0.0,0.0010498687664041995
0.002515090543259557,0.0008269588587967748,0.0,0.0,0.0027397260273972603
0.0004783926008611067,0.0,0.0006265664160401002,0.0010878433505575197,0.0
0.0033613445378151263,0.0008269588587967748,0.00102880658436214,0.002,0.0007446016381236039
0.002515090543259557,0.00646551724137931,0.007407407407407408,0.006829268292682927,0.005443234836702955
0.0,0.0009532888465204957,0.0012448132780082987,0.0,0.005443234836702955
0.0,0.0008269588587967748,0.0004914004914004914,0.0018726591760299626,0.0
0.015655577299412915,0.00815494393476045,0.012727272727272728,0.0,0.0010498687664041995
0.002515090543259557,0.0008269588587967748,0.0012448132780082987,0.0010878433505575197,0.0
0.0004783926008611067,0.0,0.0,0.0,0.0
0.0,0.0008269588587967748,0.0,0.0010878433505575197,0.0010498687664041995
0.015655577299412915,0.00646551724137931,0.0,0.0,0.0
0.002560819462227913,0.0,0.007407407407407408,0.0018726591760299626,0.0
0.0,0.00815494393476045,0.0,0.004296455424274973,0.0010498687664041995
0.0004783926008611067,0.0,0.0004914004914004914,0.0,0.0007446016381236039
0.0,0.0008269588587967748,0.0,0.0,0.0
0.002515090543259557,0.0008269588587967748,0.007407407407407408,0.0018726591760299626,0.0
0.002515090543259557,0.0,0.0012448132780082987,0.0010878433505575197,0.02258064516129032
0.0,0.0008269588587967748,0.007407407407407408,0.0010878433505575197,0.007099391480730223
0.0004783926008611067,0.0008269588587967748,0.0012448132780082987,0.0010878433505575197,0.0010498687664041995
0.0004783926008611067,0.0008269588587967748,0.0,0.0,0.0
0.0004783926008611067,0.0,0.0004914004914004914,0.0010878433505575197,0.0
0.05,0.0,0.0004914004914004914,0.006829268292682927,0.0010498687664041995
0.0004783926008611067,0.0009532888465204957,0.007407407407407408,0.004296455424274973,0.0
0.0004783926008611067,0.0,0.0004914004914004914,0.0010878433505575197,0.0
0.0,0.0008269588587967748,0.0004914004914004914,0.0018726591760299626,0.0
0.0004783926008611067,0.00815494393476045,0.0006265664160401002,0.010514018691588784,0.0007446016381236039
0.0004783926008611067,0.00815494393476045,0.0,0.0,0.0007446016381236039
0.0004783926008611067,0.0,0.00102880658436214,0.0,0.0012755102040816326
0.0033613445378151263,0.0,0.0012448132780082987,0.0,0.005443234836702955
0.002515090543259557,0.0,0.0,0.006829268292682927,0.03571428571428571
0.0,0.0,0.0012448132780082987,0.0,0.007099391480730223
0.0,0.00815494393476045,0.007407407407407408,0.0010878433505575197,0.005443234836702955
0.0004783926008611067,0.0008269588587967748,0.0004914004914004914,0.006829268292682927,0.0010498687664041995
0.002515090543259557,0.0,0.0,0.0010878433505575197,0.0010498687664041995
0.015655577299412915,0.0008269588587967748,0.0004914004914004914,0.0010878433505575197,0.0017667844522968198
0.015655577299412915,0.0009532888465204957,0.0,0.0010878433505575197,0.0
0.002560819462227913,0.0009532888465204957,0.0004914004914004914,0.0010878433505575197,0.005443234836702955
0.0004783926008611067,0.0069767441860465115,0.004705882352941176,0.0,0.0007446016381236039
0.0,0.0008269588587967748,0.0004914004914004914,0.004296455424274973,0.02258064516129032
0.0,0.0009532888465204957,0.0004914004914004914,0.0,0.0007446016381236039
0.0004783926008611067,0.0,0.0004914004914004914,0.0010878433505575197,0.03571428571428571
0.0,0.0009532888465204957,0.0012448132780082987,0.038461538461538464,0.005443234836702955
0.0,0.0069767441860465115,0.0004914004914004914,0.004296455424274973,0.007099391480730223
0.0004783926008611067,0.00815494393476045,0.0012448132780082987,0.006829268292682927,0.0010498687664041995
0.002560819462227913,0.00815494393476045,0.0006265664160401002,0.0,0.0
0.0004783926008611067,0.0009532888465204957,0.0006265664160401002,0.004296455424274973,0.015337423312883436
0.0,0.0,0.0004914004914004914,0.003134796238244514,0.005443234836702955
0.0,0.025906735751295335,0.0004914004914004914,0.0010878433505575197,0.0010498687664041995
0.0004783926008611067,0.025906735751295335,0.0,0.0,0.007099391480730223
0.0004783926008611067,0.0009532888465204957,0.0004914004914004914,0.0018726591760299626,0.0010498687664041995
0.015655577299412915,0.0,0.0012448132780082987,0.006829268292682927,0.0010498687664041995
0.006369426751592357,0.0069767441860465115,0.0,0.0,0.0
0.0004783926008611067,0.0008269588587967748,0.0006265664160401002,0.0,0.0
0.0,0.0,0.00102880658436214,0.003134796238244514,0.007099391480730223
0.0,0.00815494393476045,0.0,0.0,0.0007446016381236039
0.0033613445378151263,0.0,0.0,0.0010878433505575197,0.0
0.0004783926008611067,0.0069767441860465115,0.0004914004914004914,0.0,0.0010498687664041995
0.0,0.0008269588587967748,0.0012448132780082987,0.0,0.0007446016381236039
0.002515090543259557,0.0008269588587967748,0.0,0.038461538461538464,0.007099391480730223
0.015655577299412915,0.0009532888465204957,0.0,0.010514018691588784,0.0
0.0004783926008611067,0.0009532888465204957,0.0005491134846094438,0.010514018691588784,0.0010498687664041995
0.0004783926008611067,0.0,0.0004914004914004914,0.0,0.0010498687664041995
0.0004783926008611067,0.0009532888465204957,0.0012448132780082987,0.004296455424274973,0.0012755102040816326
0.0004783926008611067,0.0008269588587967748,0.0,0.004296455424274973,0.0012755102040816326
0.0004783926008611067,0.0009532888465204957,0.0,0.003134796238244514,0.007099391480730223
0.0,0.0008269588587967748,0.0012448132780082987,0.004296455424274973,0.0010498687664041995
0.002560819462227913,0.01702127659574468,0.0006265664160401002,0.0018726591760299626,0.0012755102040816326
0.0004783926008611067,0.0,0.0,0.0,0.0
0.002560819462227913,0.0008269588587967748,0.004705882352941176,0.002,0.0
0.0,0.0009532888465204957,0.0006265664160401002,0.006829268292682927,0.0
0.0004783926008611067,0.0009532888465204957,0.0,0.010514018691588784,0.007099391480730223
0.0004783926008611067,0.0008269588587967748,0.007407407407407408,0.0010878433505575197,0.0
0.015655577299412915,0.0008269588587967748,0.007407407407407408,0.004296455424274973,0.0010498687664041995
0.015655577299412915,0.0,0.0006265664160401002,0.0010878433505575197,0.0012755102040816326
0.0,0.00815494393476045,0.0012448132780082987,0.0018726591760299626,0.0
0.0004783926008611067,0.00815494393476045,0.0004914004914004914,0.010514018691588784,0.0010498687664041995
0.015655577299412915,0.0008269588587967748,0.0004914004914004914,0.0,0.005443234836702955
0.0,0.0009532888465204957,0.0,0.006829268292682927,0.0010498687664041995
0.0004783926008611067,0.0009532888465204957,0.007407407407407408,0.0,0.0017667844522968198
0.0,0.0069767441860465115,0.0,0.0,0.0010498687664041995
0.0004783926008611067,0.0008269588587967748,0.0,0.0,0.0
0.0,0.00646551724137931,0.0,0.0,0.0
0.002515090543259557,0.0,0.0,0.0,0.0
0.0004783926008611067,0.0009532888465204957,0.0,0.0,0.0
0.0004783926008611067,0.0,0.0004914004914004914,0.004296455424274973,0.0012755102040816326
0.015655577299412915,0.0009532888465204957,0.0006265664160401002,0.0010878433505575197,0.02258064516129032
0.0004783926008611067,0.0008269588587967748,0.0,0.0,0.0010498687664041995
0.002560819462227913,0.00646551724137931,0.0004914004914004914,0.0018726591760299626,0.0
0.0004783926008611067,0.0,0.00102880658436214,0.010514018691588784,0.0010498687664041995
0.0004783926008611067,0.0069767441860465115,0.0012448132780082987,0.0,0.0
0.002515090543259557,0.00815494393476045,0.007407407407407408,0.0,0.0010498687664041995
0.015655577299412915,0.0008269588587967748,0.0006265664160401002,0.0,0.0007446016381236039
0.0004783926008611067,0.0,0.0,0.0,0.015337423312883436
0.002560819462227913,0.0008269588587967748,0.012727272727272728,0.0010878433505575197,0.0010498687664041995
0.0004783926008611067,0.0008269588587967748,0.007407407407407408,0.006829268292682927,0.0007446016381236039
0.002515090543259557,0.0008269588587967748,0.0006265664160401002,0.0018726591760299626,0.0010498687664041995
0.0004783926008611067,0.0,0.0,0.0,0.0
0.006369426751592357,0.0008269588587967748,0.0,0.0,0.0
0.002515090543259557,0.0,0.0006265664160401002,0.0018726591760299626,0.0007446016381236039
0.0,0.00815494393476045,0.0006265664160401002,0.0,0.007099391480730223
0.015655577299412915,0.0,0.0012448132780082987,0.0010878433505575197,0.0010498687664041995
0.0004783926008611067,0.0,0.0,0.004296455424274973,0.015337423312883436
0.015655577299412915,0.0008269588587967748,0.0012448132780082987,0.010514018691588784,0.0017667844522968198
0.015655577299412915,0.0009532888465204957,0.0,0.010514018691588784,0.0
0.0,0.0008269588587967748,0.010050251256281407,0.0,0.0012755102040816326
0.015655577299412915,0.0009532888465204957,0.00102880658436214,0.0010878433505575197,0.0
0.015655577299412915,0.0,0.0004914004914004914,0.0018726591760299626,0.0
0.0004783926008611067,0.0,0.00102880658436214,0.003134796238244514,0.0
0.0,0.00646551724137931,0.007407407407407408,0.0,0.0
0.0004783926008611067,0.0069767441860465115,0.0,0.0,0.0012755102040816326
0.0,0.00815494393476045,0.0004914004914004914,0.010514018691588784,0.02258064516129032
0.015655577299412915,0.0008269588587967748,0.007407407407407408,0.0010878433505575197,0.0007446016381236039
0.0004783926008611067,0.0,0.007407407407407408,0.0010878433505575197,0.005443234836702955
0.0004783926008611067,0.0,0.0,0.0018726591760299626,0.0007446016381236039
0.0033613445378151263,0.0008269588587967748,0.0,0.0,0.0007446016381236039
0.002515090543259557,0.0,0.007407407407407408,0.004296455424274973,0.0027397260273972603
0.0004783926008611067,0.0008269588587967748,0.022857142857142857,0.006829268292682927,0.0
0.002560819462227913,0.0,0.0012448132780082987,0.004296455424274973,0.007099391480730223
0.015655577299412915,0.0,0.0,0.0,0.0007446016381236039
0.006369426751592357,0.0009532888465204957,0.012727272727272728,0.0010878433505575197,0.0010498687664041995
0.0,0.0,0.00102880658436214,0.0018726591760299626,0.0010498687664041995
0.015655577299412915,0.0009532888465204957,0.0006265664160401002,0.0010878433505575197,0.0010498687664041995
0.0004783926008611067,0.0008269588587967748,0.012727272727272728,0.0010878433505575197,0.005443234836702955
0.002515090543259557,0.00646551724137931,0.0004914004914004914,0.002,0.0
0.002560819462227913,0.0,0.004705882352941176,0.0010878433505575197,0.0
0.015655577299412915,0.0008269588587967748,0.0,0.006829268292682927,0.0
0.0004783926008611067,0.0,0.0012448132780082987,0.0,0.0
0.0033613445378151263,0.01702127659574468,0.0,0.0,0.005443234836702955
0.0,0.00815494393476045,0.0006265664160401002,0.002,0.0010498687664041995
0.0004783926008611067,0.0,0.0004914004914004914,0.010514018691588784,0.0012755102040816326
0.0004783926008611067,0.01702127659574468,0.0,0.002,0.0007446016381236039
0.015655577299412915,0.0009532888465204957,0.0004914004914004914,0.0010878433505575197,0.0010498687664041995
0.0004783926008611067,0.0069767441860465115,0.012727272727272728,0.0,0.007099391480730223
0.002515090543259557,0.0,0.0,0.0010878433505575197,0.015337423312883436
0.0,0.0008269588587967748,0.0006265664160401002,0.0,0.007099391480730223
0.0004783926008611067,0.0009532888465204957,0.0012448132780082987,0.004296455424274973,0.0
0.0004783926008611067,0.00815494393476045,0.0012448132780082987,0.0010878433505575197,0.0007446016381236039
0.0,0.0069767441860465115,0.0004914004914004914,0.006829268292682927,0.007099391480730223
0.0,0.0008269588587967748,0.007407407407407408,0.002,0.0
0.0004783926008611067,0.00646551724137931,0.0012448132780082987,0.004296455424274973,0.0010498687664041995
0.0004783926008611067,0.0008269588587967748,0.0004914004914004914,0.0,0.0
0.0004783926008611067,0.0,0.00102880658436214,0.004296455424274973,0.015337423312883436
0.0033613445378151263,0.025906735751295335,0.0,0.004296455424274973,0.0010498687664041995
0.0033613445378151263,0.0008269588587967748,0.0006265664160401002,0.0,0.0
0.006369426751592357,0.0,0.0,0.010514018691588784,0.0
0.015655577299412915,0.0008269588587967748,0.00102880658436214,0.0010878433505575197,0.0010498687664041995
0.0004783926008611067,0.0069767441860465115,0.0,0.0,0.0007446016381236039
0.0004783926008611067,0.0,0.0,0.0010878433505575197,0.02258064516129032
0.015655577299412915,0.00815494393476045,0.0,0.006829268292682927,0.007099391480730223
0.002515090543259557,0.0008269588587967748,0.0012448132780082987,0.0,0.0
0.0,0.0008269588587967748,0.0006265664160401002,0.003134796238244514,0.0010498687664041995
0.0,0.0009532888465204957,0.0006265664160401002,0.0,0.0010498687664041995
0.0004783926008611067,0.0,0.0,0.0,0.0010498687664041995
0.0004783926008611067,0.0069767441860465115,0.0006265664160401002,0.0,0.02258064516129032
0.0,0.00646551724137931,0.0,0.0010878433505575197,0.0
0.015655577299412915,0.0,0.012727272727272728,0.010514018691588784,0.0
0.0004783926008611067,0.00646551724137931,0.010050251256281407,0.002,0.0012755102040816326
0.0,0.0008269588587967748,0.0012448132780082987,0.0010878433505575197,0.0012755102040816326
0.002515090543259557,0.0,0.012727272727272728,0.0,0.0010498687664041995
0.002515090543259557,0.0,0.007407407407407408,0.0,0.0010498687664041995
0.002515090543259557,0.0008269588587967748,0.0,0.0010878433505575197,0.02258064516129032
0.0033613445378151263,0.0008269588587967748,0.0006265664160401002,0.0,0.0012755102040816326
0.0004783926008611067,0.00646551724137931,0.0012448132780082987,0.0,0.0
0.0004783926008611067,0.0069767441860465115,0.007407407407407408,0.0010878433505575197,0.0010498687664041995
0.0004783926008611067,0.0008269588587967748,0.0,0.004296455424274973,0.0010498687664041995
0.0004783926008611067,0.0,0.012727272727272728,0.004296455424274973,0.02258064516129032
0.0033613445378151263,0.0008269588587967748,0.0,0.006829268292682927,0.0010498687664041995
0.0004783926008611067,0.00815494393476045,0.0012448132780082987,0.0,0.0
0.0004783926008611067,0.0009532888465204957,0.0,0.004296455424274973,0.005443234836702955
0.0033613445378151263,0.00815494393476045,0.0,0.0,0.0
0.0,0.0008269588587967748,0.0004914004914004914,0.0,0.0027397260273972603
0.015655577299412915,0.0,0.0006265664160401002,0.0010878433505575197,0.02258064516129032
0.0004783926008611067,0.0009532888465204957,0.0,0.0,0.0
0.0018897224605590043,0.0008269588587967748,0.0004914004914004914,0.004296455424274973,0.0
0.002515090543259557,0.00646551724137931,0.007407407407407408,0.0010878433505575197,0.0010498687664041995
0.0,0.0008269588587967748,0.0012448132780082987,0.004296455424274973,0.0010498687664041995
0.0033613445378151263,0.0008269588587967748,0.0012448132780082987,0.0,0.0
0.0004783926008611067,0.00815494393476045,0.0006265664160401002,0.0,0.005443234836702955
0.0004783926008611067,0.0,0.0006265664160401002,0.002,0.0007446016381236039
0.0,0.0,0.0,0.0010878433505575197,0.02258064516129032
0.0004783926008611067,0.0,0.00102880658436214,0.0,0.0
0.002515090543259557,0.0,0.0,0.0010878433505575197,0.007099391480730223
0.0004783926008611067,0.0008269588587967748,0.0012448132780082987,0.003134796238244514,0.0
0.006369426751592357,0.0,0.0004914004914004914,0.0010878433505575197,0.02258064516129032
0.0033613445378151263,0.00815494393476045,0.0,0.004296455424274973,0.0012755102040816326
0.0004783926008611067,0.0,0.0004914004914004914,0.0010878433505575197,0.015337423312883436
0.0,0.0008269588587967748,0.004705882352941176,0.0010878433505575197,0.0010498687664041995
0.002515090543259557,0.0008269588587967748,0.0012448132780082987,0.006829268292682927,0.0010498687664041995
0.0004783926008611067,0.0008269588587967748,0.0,0.0,0.0012755102040816326
0.0004783926008611067,0.0008269588587967748,0.0012448132780082987,0.002,0.0027397260273972603
0.002560819462227913,0.0008269588587967748,0.0,0.0,0.0
0.0,0.0008269588587967748,0.010050251256281407,0.004296455424274973,0.0017667844522968198
0.0004783926008611067,0.0,0.0004914004914004914,0.0010878433505575197,0.0007446016381236039
0.002560819462227913,0.0069767441860465115,0.004705882352941176,0.0010878433505575197,0.0
0.0004783926008611067,0.0,0.004705882352941176,0.0,0.0012755102040816326
0.0,0.01702127659574468,0.004705882352941176,0.0,0.0
0.0,0.00646551724137931,0.0012448132780082987,0.006829268292682927,0.0010498687664041995
0.0004783926008611067,0.0009532888465204957,0.0,0.004296455424274973,0.005443234836702955
0.0004783926008611067,0.00646551724137931,0.0004914004914004914,0.004296455424274973,0.015337423312883436
0.0004783926008611067,0.0008269588587967748,0.0004914004914004914,0.0018726591760299626,0.0
0.0004783926008611067,0.0009532888465204957,0.0,0.0010878433505575197,0.0
0.015655577299412915,0.0,0.0006265664160401002,0.0,0.0
0.0,0.0008269588587967748,0.0012448132780082987,0.0,0.015337423312883436
0.0,0.0008269588587967748,0.0,0.0,0.0027397260273972603
0.015655577299412915,0.0009532888465204957,0.0006265664160401002,0.0,0.007099391480730223
0.0004783926008611067,0.01702127659574468,0.00102880658436214,0.0,0.02258064516129032
0.002515090543259557,0.0008269588587967748,0.0,0.0010878433505575197,0.0
0.0,0.0,0.0012448132780082987,0.006829268292682927,0.0
0.002515090543259557,0.0,0.046511627906976744,0.004296455424274973,0.0
0.015655577299412915,0.0009532888465204957,0.0012448132780082987,0.0,0.02258064516129032
0.0004783926008611067,0.0008269588587967748,0.0,0.0,0.0017667844522968198
0.0004783926008611067,0.0009532888465204957,0.007407407407407408,0.0,0.0
0.0004783926008611067,0.0008269588587967748,0.0,0.0,0.0010498687664041995
0.0004783926008611067,0.0,0.012727272727272728,0.004296455424274973,0.0010498687664041995
0.0004783926008611067,0.0,0.012727272727272728,0.0,0.0010498687664041995
0.002515090543259557,0.0009532888465204957,0.0,0.0,0.0
0.002515090543259557,0.0008269588587967748,0.046511627906976744,0.004296455424274973,0.005443234836702955
0.0004783926008611067,0.0008269588587967748,0.0,0.0,0.015337423312883436
0.0,0.025906735751295335,0.0006265664160401002,0.010514018691588784,0.0010498687664041995
0.0,0.00815494393476045,0.0012448132780082987,0.0,0.0
0.006369426751592357,0.0,0.0,0.0010878433505575197,0.0012755102040816326
0.0004783926008611067,0.00646551724137931,0.0012448132780082987,0.0,0.0010498687664041995
0.0,0.025906735751295335,0.0004914004914004914,0.0,0.0010498687664041995
0.015655577299412915,0.0,0.0,0.0010878433505575197,0.0017667844522968198
0.006369426751592357,0.0,0.0,0.0010878433505575197,0.0
0.0004783926008611067,0.0008269588587967748,0.0012448132780082987,0.0,0.0
0.0033613445378151263,0.0,0.007407407407407408,0.004296455424274973,0.0012755102040816326
0.0,0.0008269588587967748,0.0,0.010514018691588784,0.0007446016381236039
0.015655577299412915,0.0008269588587967748,0.0006265664160401002,0.0,0.0017667844522968198
0.0004783926008611067,0.0,0.012727272727272728,0.0,0.0
0.0,0.0008269588587967748,0.010050251256281407,0.0,0.0012755102040816326
0.006369426751592357,0.0,0.0,0.0018726591760299626,0.0
0.0004783926008611067,0.00815494393476045,0.0,0.0,0.0
0.0004783926008611067,0.0,0.0006265664160401002,0.0010878433505575197,0.007099391480730223
0.0004783926008611067,0.0,0.00102880658436214,0.0,0.005443234836702955
0.0,0.0008269588587967748,0.0012448132780082987,0.0,0.0010498687664041995
0.0004783926008611067,0.00815494393476045,0.0004914004914004914,0.004296455424274973,0.0007446016381236039
0.0004783926008611067,0.0069767441860465115,0.0,0.002,0.015337423312883436
0.0004783926008611067,0.0009532888465204957,0.0,0.0018726591760299626,0.0
0.0004783926008611067,0.00646551724137931,0.0004914004914004914,0.0018726591760299626,0.0010498687664041995
0.0,0.0008269588587967748,0.007407407407407408,0.0,0.0010498687664041995
0.002515090543259557,0.0,0.0,0.0,0.015337423312883436
0.002515090543259557,0.0008269588587967748,0.0012448132780082987,0.0,0.0
0.0004783926008611067,0.0,0.007407407407407408,0.0010878433505575197,0.005443234836702955
0.006369426751592357,0.0,0.0006265664160401002,0.0010878433505575197,0.0
0.0,0.0,0.0004914004914004914,0.0,0.0007446016381236039
0.0004783926008611067,0.00646551724137931,0.0,0.0010878433505575197,0.005443234836702955
0.0004783926008611067,0.0069767441860465115,0.0,0.0,0.0010498687664041995
0.0004783926008611067,0.0008269588587967748,0.0012448132780082987,0.0010878433505575197,0.007099391480730223
0.0,0.0,0.0012448132780082987,0.0,0.0027397260273972603
0.0,0.0008269588587967748,0.0004914004914004914,0.0,0.0007446016381236039
0.0004783926008611067,0.0,0.0,0.006829268292682927,0.0
0.0,0.00646551724137931,0.0012448132780082987,0.0,0.0010498687664041995
0.0,0.025906735751295335,0.0,0.002,0.0010498687664041995
0.0,0.0008269588587967748,0.0006265664160401002,0.0,0.0
0.0004783926008611067,0.0069767441860465115,0.0012448132780082987,0.002,0.0
0.015655577299412915,0.0008269588587967748,0.012727272727272728,0.0,0.0010498687664041995
0.0,0.00815494393476045,0.022857142857142857,0.006829268292682927,0.0010498687664041995
0.0004783926008611067,0.00646551724137931,0.0012448132780082987,0.0010878433505575197,0.0012755102040816326
0.0004783926008611067,0.0009532888465204957,0.0012448132780082987,0.004296455424274973,0.0
0.002515090543259557,0.0,0.0006265664160401002,0.0,0.0
0.002560819462227913,0.0008269588587967748,0.012727272727272728,0.0018726591760299626,0.005443234836702955
0.015655577299412915,0.0008269588587967748,0.0,0.0,0.0
0.0004783926008611067,0.01702127659574468,0.012727272727272728,0.0010878433505575197,0.0010498687664041995
0.0,0.0,0.0006265664160401002,0.0,0.0010498687664041995
0.0004783926008611067,0.00646551724137931,0.012727272727272728,0.0,0.0
0.015655577299412915,0.00815494393476045,0.022857142857142857,0.0,0.0
0.002515090543259557,0.0,0.0004914004914004914,0.006829268292682927,0.0007446016381236039
0.0004783926008611067,0.00815494393476045,0.0004914004914004914,0.0,0.005443234836702955
0.0004783926008611067,0.0009532888465204957,0.0012448132780082987,0.003134796238244514,0.11538461538461539
0.0004783926008611067,0.0,0.007407407407407408,0.002,0.0
0.0004783926008611067,0.0,0.0,0.004296455424274973,0.0
0.006369426751592357,0.00815494393476045,0.0004914004914004914,0.0010878433505575197,0.007099391480730223
0.006369426751592357,0.0,0.004705882352941176,0.006829268292682927,0.0017667844522968198
0.0004783926008611067,0.00815494393476045,0.0004914004914004914,0.006829268292682927,0.0012755102040816326
0.0004783926008611067,0.0008269588587967748,0.0,0.0,0.0017667844522968198
0.0004783926008611067,0.0008269588587967748,0.0,0.002,0.0010498687664041995
0.0033613445378151263,0.00815494393476045,0.00102880658436214,0.0,0.0
0.0004783926008611067,0.0,0.0004914004914004914,0.0,0.0007446016381236039
0.0,0.00815494393476045,0.0012448132780082987,0.0,0.0017667844522968198
0.002515090543259557,0.0009532888465204957,0.00102880658436214,0.006829268292682927,0.0
0.015655577299412915,0.0069767441860465115,0.012727272727272728,0.006829268292682927,0.005443234836702955
0.0,0.0008269588587967748,0.0,0.003134796238244514,0.0007446016381236039
0.002515090543259557,0.0008269588587967748,0.0004914004914004914,0.0,0.0010498687664041995
0.002560819462227913,0.0008269588587967748,0.0,0.006829268292682927,0.0010498687664041995
0.002515090543259557,0.0008269588587967748,0.007407407407407408,0.004296455424274973,0.0012755102040816326
0.0,0.0,0.0,0.0010878433505575197,0.0010498687664041995
0.002515090543259557,0.00646551724137931,0.012727272727272728,0.002,0.0
0.002515090543259557,0.0009532888465204957,0.0,0.0010878433505575197,0.005443234836702955
0.002515090543259557,0.0008269588587967748,0.0006265664160401002,0.0010878433505575197,0.005443234836702955
0.002515090543259557,0.0008269588587967748,0.0012448132780082987,0.0,0.0017667844522968198
0.0004783926008611067,0.0,0.00102880658436214,0.0,0.0010498687664041995
0.0004783926008611067,0.0008269588587967748,0.007407407407407408,0.0010878433505575197,0.007099391480730223
0.002515090543259557,0.00646551724137931,0.0,0.0,0.0
0.002560819462227913,0.0008269588587967748,0.0,0.010514018691588784,0.0017667844522968198
0.0004783926008611067,0.0008269588587967748,0.007407407407407408,0.010514018691588784,0.005443234836702955
0.0,0.0008269588587967748,0.007407407407407408,0.0,0.0
0.0004783926008611067,0.0008269588587967748,0.0,0.0,0.0
0.0004783926008611067,0.0009532888465204957,0.0,0.0,0.005443234836702955
0.0004783926008611067,0.0008269588587967748,0.00102880658436214,0.0010878433505575197,0.0012755102040816326
0.0033613445378151263,0.0,0.0,0.0,0.0
0.0,0.0009532888465204957,0.0,0.0,0.005443234836702955
0.0004783926008611067,0.0,0.0012448132780082987,0.0,0.007099391480730223
0.0004783926008611067,0.0009532888465204957,0.0012448132780082987,0.0,0.0007446016381236039
0.006369426751592357,0.0069767441860465115,0.004705882352941176,0.07692307692307693,0.0
0.0004783926008611067,0.0,0.0004914004914004914,0.0,0.0007446016381236039
0.0004783926008611067,0.00815494393476045,0.00102880658436214,0.0,0.0012755102040816326
0.0004783926008611067,0.0008269588587967748,0.0006265664160401002,0.0,0.0017667844522968198
0.0,0.0,0.007407407407407408,0.0,0.0
0.015655577299412915,0.01702127659574468,0.0012448132780082987,0.0,0.0027397260273972603
0.0,0.0009532888465204957,0.00102880658436214,0.0,0.0017667844522968198
0.0033613445378151263,0.0009532888465204957,0.010050251256281407,0.0,0.0
0.0004783926008611067,0.0008269588587967748,0.0,0.0010878433505575197,0.0
0.006369426751592357,0.0008269588587967748,0.0,0.0010878433505575197,0.0010498687664041995
0.002515090543259557,0.0008269588587967748,0.004705882352941176,0.006829268292682927,0.0
0.0,0.0009532888465204957,0.004705882352941176,0.0,0.0007446016381236039
0.0004783926008611067,0.00815494393476045,0.0,0.002,0.0010498687664041995
0.0033613445378151263,0.0,0.0,0.004296455424274973,0.0010498687664041995
0.0004783926008611067,0.0008269588587967748,0.004705882352941176,0.004296455424274973,0.0007446016381236039
0.015655577299412915,0.0008269588587967748,0.00102880658436214,0.004296455424274973,0.0010498687664041995
0.002560819462227913,0.0008269588587967748,0.0012448132780082987,0.004296455424274973,0.0010498687664041995
0.0,0.00646551724137931,0.0,0.0,0.0
0.0004783926008611067,0.0069767441860465115,0.007407407407407408,0.004296455424274973,0.0012755102040816326
0.0004783926008611067,0.0,0.0012448132780082987,0.0010878433505575197,0.0007446016381236039
0.002560819462227913,0.0,0.0012448132780082987,0.004296455424274973,0.007099391480730223
0.015655577299412915,0.0008269588587967748,0.012727272727272728,0.004296455424274973,0.0010498687664041995
0.0,0.00646551724137931,0.0,0.0010878433505575197,0.11538461538461539
0.0004783926008611067,0.0,0.0006265664160401002,0.0,0.0017667844522968198
0.0,0.00646551724137931,0.0,0.0010878433505575197,0.0010498687664041995
0.0004783926008611067,0.0,0.0012448132780082987,0.0010878433505575197,0.0010498687664041995
0.0,0.0009532888465204957,0.0,0.0010878433505575197,0.0
0.006369426751592357,0.00646551724137931,0.0012448132780082987,0.004296455424274973,0.0010498687664041995
0.0004783926008611067,0.0,0.0012448132780082987,0.006829268292682927,0.0010498687664041995
0.002560819462227913,0.0008269588587967748,0.0,0.006829268292682927,0.0027397260273972603
0.0004783926008611067,0.0069767441860465115,0.022857142857142857,0.0,0.0
0.015655577299412915,0.0,0.0,0.0,0.0010498687664041995
0.0004783926008611067,0.0069767441860465115,0.0,0.0,0.0
0.015655577299412915,0.0008269588587967748,0.012727272727272728,0.004296455424274973,0.0
0.002560819462227913,0.0,0.0012448132780082987,0.0018726591760299626,0.0
0.0004783926008611067,0.0,0.012727272727272728,0.0010878433505575197,0.0010498687664041995
0.0,0.0,0.0004914004914004914,0.0010878433505575197,0.0012755102040816326
0.0,0.0,0.0,0.010514018691588784,0.0010498687664041995
0.002560819462227913,0.0,0.0,0.006829268292682927,0.0017667844522968198
0.0004783926008611067,0.00815494393476045,0.00102880658436214,0.0010878433505575197,0.015337423312883436
0.0033613445378151263,0.0008269588587967748,0.0,0.004296455424274973,0.007099391480730223
0.0004783926008611067,0.0,0.0012448132780082987,0.0,0.0007446016381236039
0.0004783926008611067,0.0008269588587967748,0.0,0.0010878433505575197,0.0010498687664041995
0.0,0.0,0.004705882352941176,0.0010878433505575197,0.0
0.002515090543259557,0.00646551724137931,0.004705882352941176,0.0,0.0010498687664041995
0.0004783926008611067,0.00815494393476045,0.0004914004914004914,0.010514018691588784,0.0007446016381236039
0.0004783926008611067,0.0008269588587967748,0.0012448132780082987,0.0,0.0
0.002560819462227913,0.0008269588587967748,0.0006265664160401002,0.0018726591760299626,0.0
0.0,0.0008269588587967748,0.00102880658436214,0.0,0.0010498687664041995
0.002560819462227913,0.0009532888465204957,0.0,0.004296455424274973,0.02258064516129032
0.0004783926008611067,0.0069767441860465115,0.022857142857142857,0.006829268292682927,0.0
0.002515090543259557,0.0,0.0006265664160401002,0.010514018691588784,0.0010498687664041995
0.0004783926008611067,0.0,0.0,0.004296455424274973,0.0
0.002515090543259557,0.0,0.0012448132780082987,0.0010878433505575197,0.0
0.0004783926008611067,0.0069767441860465115,0.0,0.0,0.0007446016381236039
0.0004783926008611067,0.0,0.0,0.0018726591760299626,0.0
0.015655577299412915,0.0,0.0006265664160401002,0.0,0.0
0.0004783926008611067,0.00815494393476045,0.0,0.0,0.0010498687664041995
0.0,0.0008269588587967748,0.0012448132780082987,0.006829268292682927,0.0007446016381236039
0.0033613445378151263,0.00646551724137931,0.0,0.0273972602739726,0.0007446016381236039
0.002515090543259557,0.0008269588587967748,0.0,0.004296455424274973,0.0
0.0033613445378151263,0.0009532888465204957,0.0006265664160401002,0.0010878433505575197,0.0
0.002515090543259557,0.0,0.0,0.0,0.0
0.002560819462227913,0.0,0.0,0.0,0.005443234836702955
0.0004783926008611067,0.0,0.0,0.004296455424274973,0.0007446016381236039
0.0004783926008611067,0.00815494393476045,0.0,0.006829268292682927,0.0
0.015655577299412915,0.0,0.0012448132780082987,0.0010878433505575197,0.0007446016381236039
0.0033613445378151263,0.0008269588587967748,0.0012448132780082987,0.07692307692307693,0.0
0.0,0.0008269588587967748,0.010050251256281407,0.006829268292682927,0.0
0.002515090543259557,0.0,0.0004914004914004914,0.0,0.0027397260273972603
0.0004783926008611067,0.01702127659574468,0.0,0.0018726591760299626,0.0
0.0,0.0008269588587967748,0.00102880658436214,0.010514018691588784,0.0010498687664041995
0.0004783926008611067,0.0,0.022857142857142857,0.0,0.0010498687664041995
0.0004783926008611067,0.0008269588587967748,0.00102880658436214,0.0,0.0017667844522968198
0.0004783926008611067,0.0008269588587967748,0.0004914004914004914,0.0010878433505575197,0.007099391480730223
0.0,0.0,0.0004914004914004914,0.006829268292682927,0.005443234836702955
0.002515090543259557,0.0008269588587967748,0.0,0.004296455424274973,0.0007446016381236039
0.015655577299412915,0.0008269588587967748,0.0004914004914004914,0.0010878433505575197,0.0012755102040816326
0.0004783926008611067,0.0,0.0012448132780082987,0.002,0.0
0.002515090543259557,0.0069767441860465115,0.007407407407407408,0.0,0.015337423312883436
0.0004783926008611067,0.0008269588587967748,0.0,0.004296455424274973,0.007099391480730223
0.0,0.0069767441860465115,0.007407407407407408,0.0010878433505575197,0.0007446016381236039
0.0,0.0,0.0012448132780082987,0.003134796238244514,0.0
0.0,0.0069767441860465115,0.0,0.010514018691588784,0.0010498687664041995
0.0004783926008611067,0.0,0.0,0.002,0.0007446016381236039
0.015655577299412915,0.0008269588587967748,0.0012448132780082987,0.004296455424274973,0.0010498687664041995
0.0004783926008611067,0.0,0.0,0.003134796238244514,0.0
0.002515090543259557,0.0009532888465204957,0.0012448132780082987,0.010514018691588784,0.0
0.0033613445378151263,0.0,0.0012448132780082987,0.0,0.0010498687664041995
0.0004783926008611067,0.00815494393476045,0.0006265664160401002,0.0010878433505575197,0.0010498687664041995
0.0,0.0009532888465204957,0.0004914004914004914,0.0,0.005443234836702955
0.015655577299412915,0.0069767441860465115,0.0,0.0018726591760299626,0.0
0.0004783926008611067,0.00646551724137931,0.010050251256281407,0.0,0.0
0.002515090543259557,0.0,0.0,0.004296455424274973,0.007099391480730223
0.002515090543259557,0.0,0.0,0.006829268292682927,0.0010498687664041995
0.0004783926008611067,0.0009532888465204957,0.0006265664160401002,0.0010878433505575197,0.0
0.0004783926008611067,0.0069767441860465115,0.0004914004914004914,0.0010878433505575197,0.0
0.0004783926008611067,0.0008269588587967748,0.0012448132780082987,0.0010878433505575197,0.0007446016381236039
0.0004783926008611067,0.0,0.0,0.0010878433505575197,0.0007446016381236039
0.0004783926008611067,0.0,0.0006265664160401002,0.0,0.0007446016381236039
0.0033613445378151263,0.0,0.0,0.004296455424274973,0.0017667844522968198
0.0004783926008611067,0.0009532888465204957,0.0,0.004296455424274973,0.0
0.0004783926008611067,0.0,0.0,0.0,0.0010498687664041995
0.0004783926008611067,0.0008269588587967748,0.0,0.0,0.0
0.0004783926008611067,0.0,0.007407407407407408,0.0,0.005443234836702955
0.03225806451612903,0.00815494393476045,0.0,0.0,0.005443234836702955
0.002515090543259557,0.0009532888465204957,0.0,0.0,0.0010498687664041995
0.002560819462227913,0.0009532888465204957,0.022857142857142857,0.0,0.005443234836702955
0.0,0.0008269588587967748,0.012727272727272728,0.0018726591760299626,0.0007446016381236039
0.0004783926008611067,0.0008269588587967748,0.0012448132780082987,0.003134796238244514,0.0
0.006369426751592357,0.0008269588587967748,0.00102880658436214,0.0,0.0010498687664041995
0.015655577299412915,0.0,0.007407407407407408,0.0,0.007099391480730223
0.0004783926008611067,0.0009532888465204957,0.0006265664160401002,0.006829268292682927,0.0010498687664041995
0.0,0.0069767441860465115,0.022857142857142857,0.0,0.02258064516129032
0.0004783926008611067,0.00815494393476045,0.0,0.0018726591760299626,0.0010498687664041995
0.0004783926008611067,0.0009532888465204957,0.0004914004914004914,0.006829268292682927,0.0010498687664041995
0.015655577299412915,0.0,0.0012448132780082987,0.0018726591760299626,0.0010498687664041995
0.002515090543259557,0.0008269588587967748,0.0,0.0010878433505575197,0.0
0.0,0.0069767441860465115,0.0,0.0010878433505575197,0.0
0.0004783926008611067,0.00815494393476045,0.0,0.0010878433505575197,0.0007446016381236039
0.015655577299412915,0.00646551724137931,0.0012448132780082987,0.0010878433505575197,0.0
0.0,0.0008269588587967748,0.022857142857142857,0.010514018691588784,0.0
0.002560819462227913,0.0,0.0004914004914004914,0.0010878433505575197,0.0010498687664041995
0.006369426751592357,0.0069767441860465115,0.0,0.006829268292682927,0.005443234836702955
0.002515090543259557,0.0008269588587967748,0.00102880658436214,0.0,0.0010498687664041995
0.0004783926008611067,0.01702127659574468,0.0004914004914004914,0.0,0.0
0.0004783926008611067,0.00646551724137931,0.0012448132780082987,0.0,0.0010498687664041995
0.002515090543259557,0.0009532888465204957,0.0006265664160401002,0.0010878433505575197,0.0
0.0004783926008611067,0.0,0.0,0.0010878433505575197,0.0
0.0004783926008611067,0.0,0.007407407407407408,0.0,0.005443234836702955
0.0004783926008611067,0.00646551724137931,0.0006265664160401002,0.004296455424274973,0.007099391480730223
0.002560819462227913,0.0,0.0,0.0018726591760299626,0.0
0.0004783926008611067,0.0,0.0012448132780082987,0.0010878433505575197,0.0010498687664041995
0.0004783926008611067,0.0009532888465204957,0.0,0.0,0.0010498687664041995
0.002515090543259557,0.0009532888465204957,0.0004914004914004914,0.0,0.0
0.0004783926008611067,0.0,0.0,0.006829268292682927,0.015337423312883436
0.0,0.0008269588587967748,0.007407407407407408,0.0010878433505575197,0.0
0.002515090543259557,0.0008269588587967748,0.0012448132780082987,0.0010878433505575197,0.0
0.0004783926008611067,0.0008269588587967748,0.0,0.0018726591760299626,0.0010498687664041995
0.002515090543259557,0.0,0.007407407407407408,0.006829268292682927,0.0007446016381236039
0.0004783926008611067,0.0008269588587967748,0.0006265664160401002,0.006829268292682927,0.0012755102040816326
0.0,0.0008269588587967748,0.007407407407407408,0.006829268292682927,0.0007446016381236039
0.002515090543259557,0.0009532888465204957,0.0004914004914004914,0.0010878433505575197,0.0027397260273972603
0.03225806451612903,0.0008269588587967748,0.004705882352941176,0.0010878433505575197,0.0
0.002515090543259557,0.0008269588587967748,0.022857142857142857,0.0,0.0
0.015655577299412915,0.0,0.0012448132780082987,0.006829268292682927,0.0007446016381236039
0.002515090543259557,0.0008269588587967748,0.0004914004914004914,0.0,0.0
0.0004783926008611067,0.0069767441860465115,0.0,0.0,0.005443234836702955
0.0004783926008611067,0.0008269588587967748,0.007407407407407408,0.004296455424274973,0.0
0.03225806451612903,0.0009532888465204957,0.022857142857142857,0.0273972602739726,0.007099391480730223
0.0033613445378151263,0.0008269588587967748,0.0,0.0,0.0010498687664041995
0.0004783926008611067,0.0,0.0,0.0,0.0
0.002560819462227913,0.0008269588587967748,0.0,0.0018726591760299626,0.0
0.0004783926008611067,0.0,0.0,0.0,0.0
0.0004783926008611067,0.0008269588587967748,0.007407407407407408,0.0010878433505575197,0.0
0.0033613445378151263,0.0009532888465204957,0.012727272727272728,0.0,0.007099391480730223
0.0004783926008611067,0.0,0.0,0.0010878433505575197,0.005443234836702955
0.0004783926008611067,0.0008269588587967748,0.0006265664160401002,0.0010878433505575197,0.0007446016381236039
0.002515090543259557,0.0069767441860465115,0.0,0.0010878433505575197,0.02258064516129032
0.0004783926008611067,0.0,0.0004914004914004914,0.0010878433505575197,0.0
0.0,0.0,0.0006265664160401002,0.0,0.0010498687664041995
0.0,0.0,0.007407407407407408,0.0,0.0007446016381236039
0.006369426751592357,0.00646551724137931,0.0012448132780082987,0.010514018691588784,0.0007446016381236039
0.0004783926008611067,0.00646551724137931,0.007407407407407408,0.0010878433505575197,0.0
0.0,0.0069767441860465115,0.012727272727272728,0.0,0.0017667844522968198
0.0004783926008611067,0.0008269588587967748,0.0,0.0010878433505575197,0.0
0.0004783926008611067,0.0009532888465204957,0.0,0.0,0.0010498687664041995
0.002560819462227913,0.0,0.0012448132780082987,0.0,0.0
0.0033613445378151263,0.0069767441860465115,0.0006265664160401002,0.0018726591760299626,0.0
0.0,0.00646551724137931,0.0012448132780082987,0.0,0.0
0.0004783926008611067,0.00646551724137931,0.0012448132780082987,0.004296455424274973,0.007099391480730223
0.0,0.0008269588587967748,0.0006265664160401002,0.0010878433505575197,0.007099391480730223
0.0004783926008611067,0.0,0.0,0.0,0.0010498687664041995
0.0,0.0008269588587967748,0.0006265664160401002,0.0,0.005443234836702955
0.0004783926008611067,0.0,0.007407407407407408,0.0018726591760299626,0.0
0.0,0.0069767441860465115,0.0012448132780082987,0.0,0.0010498687664041995
0.002515090543259557,0.0008269588587967748,0.0,0.0,0.0010498687664041995
0.002515090543259557,0.0,0.0006265664160401002,0.002,0.0010498687664041995
0.0004783926008611067,0.00815494393476045,0.0,0.006829268292682927,0.0
0.002515090543259557,0.0,0.0,0.0,0.0017667844522968198
0.0,0.0009532888465204957,0.0,0.0,0.0
0.0004783926008611067,0.01702127659574468,0.012727272727272728,0.0010878433505575197,0.0
0.0004783926008611067,0.0009532888465204957,0.00102880658436214,0.004296455424274973,0.0010498687664041995
0.002515090543259557,0.01702127659574468,0.0006265664160401002,0.0,0.0007446016381236039
0.002515090543259557,0.0008269588587967748,0.0004914004914004914,0.0010878433505575197,0.0010498687664041995
0.0,0.00815494393476045,0.0006265664160401002,0.0,0.0
0.0004783926008611067,0.0009532888465204957,0.007407407407407408,0.0010878433505575197,0.0010498687664041995
0.0,0.0009532888465204957,0.0012448132780082987,0.0010878433505575197,0.0007446016381236039
0.002515090543259557,0.0,0.0012448132780082987,0.0010878433505575197,0.0
0.015655577299412915,0.0,0.0,0.010514018691588784,0.0
0.0004783926008611067,0.0009532888465204957,0.0,0.0,0.0007446016381236039
0.0004783926008611067,0.0008269588587967748,0.012727272727272728,0.0018726591760299626,0.0
0.0004783926008611067,0.0008269588587967748,0.004705882352941176,0.002,0.0007446016381236039
0.0004783926008611067,0.0008269588587967748,0.0006265664160401002,0.0010878433505575197,0.015337423312883436
0.0033613445378151263,0.0009532888465204957,0.00102880658436214,0.0,0.0
0.0,0.0,0.00102880658436214,0.002,0.0
0.0004783926008611067,0.0008269588587967748,0.0,0.004296455424274973,0.007099391480730223
0.002515090543259557,0.00815494393476045,0.022857142857142857,0.010514018691588784,0.0007446016381236039
0.0004783926008611067,0.0008269588587967748,0.0012448132780082987,0.0,0.0
0.0004783926008611067,0.01702127659574468,0.0,0.0010878433505575197,0.015337423312883436
0.0004783926008611067,0.0,0.0,0.0018726591760299626,0.005443234836702955
0.006369426751592357,0.0008269588587967748,0.00102880658436214,0.0010878433505575197,0.0007446016381236039
0.0004783926008611067,0.0,0.0,0.0,0.0007446016381236039
0.0,0.0,0.00102880658436214,0.0010878433505575197,0.0010498687664041995
0.0004783926008611067,0.0,0.0,0.0010878433505575197,0.02258064516129032
0.0004783926008611067,0.0008269588587967748,0.0,0.004296455424274973,0.0007446016381236039
0.002515090543259557,0.0009532888465204957,0.0012448132780082987,0.0010878433505575197,0.02258064516129032
0.0033613445378151263,0.0008269588587967748,0.0,0.0010878433505575197,0.03571428571428571
0.0004783926008611067,0.0,0.004705882352941176,0.0010878433505575197,0.0010498687664041995
0.002515090543259557,0.0,0.007407407407407408,0.0,0.0
0.0004783926008611067,0.0008269588587967748,0.0,0.010514018691588784,0.0
0.0,0.0,0.004705882352941176,0.0010878433505575197,0.0007446016381236039
0.0004783926008611067,0.025906735751295335,0.0004914004914004914,0.0010878433505575197,0.0
0.0004783926008611067,0.0008269588587967748,0.0012448132780082987,0.004296455424274973,0.0010498687664041995
0.0,0.0069767441860465115,0.007407407407407408,0.0,0.0
0.0004783926008611067,0.0008269588587967748,0.0012448132780082987,0.010514018691588784,0.0010498687664041995
0.0,0.0,0.0006265664160401002,0.010514018691588784,0.0
0.0004783926008611067,0.00815494393476045,0.007407407407407408,0.0010878433505575197,0.0
0.0004783926008611067,0.0009532888465204957,0.0,0.0010878433505575197,0.0010498687664041995
0.0004783926008611067,0.0008269588587967748,0.012727272727272728,0.0,0.0010498687664041995
0.0004783926008611067,0.0,0.0,0.010514018691588784,0.0
0.006369426751592357,0.0008269588587967748,0.012727272727272728,0.0,0.0
0.0004783926008611067,0.0009532888465204957,0.007407407407407408,0.004296455424274973,0.0007446016381236039
0.0,0.0,0.012727272727272728,0.0018726591760299626,0.0
0.0004783926008611067,0.0,0.012727272727272728,0.0,0.0
0.0004783926008611067,0.00815494393476045,0.0,0.0,0.005443234836702955
0.002515090543259557,0.025906735751295335,0.0,0.0,0.005443234836702955
0.0,0.0008269588587967748,0.0004914004914004914,0.0010878433505575197,0.0012755102040816326
0.0004783926008611067,0.0009532888465204957,0.0012448132780082987,0.004296455424274973,0.0
0.0033613445378151263,0.0008269588587967748,0.0012448132780082987,0.0010878433505575197,0.0
0.002515090543259557,0.0008269588587967748,0.0006265664160401002,0.0018726591760299626,0.0010498687664041995
0.0004783926008611067,0.0,0.0004914004914004914,0.0010878433505575197,0.0010498687664041995
0.015655577299412915,0.0069767441860465115,0.004705882352941176,0.006829268292682927,0.0
0.0004783926008611067,0.0008269588587967748,0.0,0.0,0.0
0.0033613445378151263,0.01702127659574468,0.0012448132780082987,0.0,0.0
0.0004783926008611067,0.0,0.00102880658436214,0.004296455424274973,0.0
0.002515090543259557,0.0,0.007407407407407408,0.006829268292682927,0.005443234836702955
0.0004783926008611067,0.0069767441860465115,0.0004914004914004914,0.004296455424274973,0.0010498687664041995
0.0004783926008611067,0.0008269588587967748,0.0004914004914004914,0.002,0.0007446016381236039
0.015655577299412915,0.0069767441860465115,0.0012448132780082987,0.003134796238244514,0.0010498687664041995
0.0004783926008611067,0.00815494393476045,0.0,0.0018726591760299626,0.0010498687664041995
0.0,0.0,0.0,0.0,0.0007446016381236039
0.0004783926008611067,0.00815494393476045,0.0,0.0018726591760299626,0.0010498687664041995
0.0004783926008611067,0.0,0.007407407407407408,0.0010878433505575197,0.015337423312883436
0.0004783926008611067,0.0009532888465204957,0.0004914004914004914,0.0,0.015337423312883436
0.0,0.0009532888465204957,0.0012448132780082987,0.0010878433505575197,0.005443234836702955
0.0004783926008611067,0.0,0.00102880658436214,0.004296455424274973,0.0027397260273972603
0.0004783926008611067,0.0069767441860465115,0.0,0.004296455424274973,0.0
0.0,0.0069767441860465115,0.0,0.006829268292682927,0.0010498687664041995
0.0004783926008611067,0.0,0.0,0.0,0.0
0.0,0.0,0.012727272727272728,0.0,0.0027397260273972603
0.002515090543259557,0.0009532888465204957,0.0,0.0,0.0
0.0033613445378151263,0.0,0.022857142857142857,0.0,0.0010498687664041995
0.0004783926008611067,0.0008269588587967748,0.00102880658436214,0.010514018691588784,0.0010498687664041995
0.002515090543259557,0.00646551724137931,0.0,0.0010878433505575197,0.005443234836702955
0.002515090543259557,0.0069767441860465115,0.0004914004914004914,0.0010878433505575197,0.005443234836702955
0.0,0.0009532888465204957,0.0004914004914004914,0.004296455424274973,0.0010498687664041995
0.0,0.0008269588587967748,0.0004914004914004914,0.003134796238244514,0.0
0.015655577299412915,0.0008269588587967748,0.012727272727272728,0.0010878433505575197,0.0
0.002560819462227913,0.00646551724137931,0.0004914004914004914,0.0010878433505575197,0.005443234836702955
0.02857142857142857,0.0069767441860465115,0.0,0.0,0.015337423312883436
0.002515090543259557,0.0,0.0,0.0018726591760299626,0.0
0.002515090543259557,0.0008269588587967748,0.0004914004914004914,0.0,0.005443234836702955
0.002515090543259557,0.0009532888465204957,0.007407407407407408,0.006829268292682927,0.0012755102040816326
0.0,0.0008269588587967748,0.0012448132780082987,0.0,0.0
0.0004783926008611067,0.014864823154026029,0.0004914004914004914,0.004296455424274973,0.0017667844522968198
0.006369426751592357,0.00815494393476045,0.0,0.0,0.015337423312883436
0.002515090543259557,0.00646551724137931,0.00102880658436214,0.0,0.0010498687664041995
0.0,0.0,0.0012448132780082987,0.0,0.0
0.002560819462227913,0.0008269588587967748,0.0004914004914004914,0.0,0.11538461538461539
0.0004783926008611067,0.0009532888465204957,0.0004914004914004914,0.006829268292682927,0.0012755102040816326
0.0,0.0008269588587967748,0.0012448132780082987,0.004296455424274973,0.0010498687664041995
0.002560819462227913,0.0,0.007407407407407408,0.0010878433505575197,0.02258064516129032
0.0,0.0009532888465204957,0.0,0.0,0.0012755102040816326
0.0004783926008611067,0.0008269588587967748,0.0006265664160401002,0.0,0.0007446016381236039
0.0,0.0069767441860465115,0.0012448132780082987,0.010514018691588784,0.015337423312883436
0.0004783926008611067,0.0,0.007407407407407408,0.0,0.007099391480730223
0.0004783926008611067,0.0008269588587967748,0.004705882352941176,0.0,0.015337423312883436
0.002515090543259557,0.0008269588587967748,0.0006265664160401002,0.0,0.007099391480730223
0.002515090543259557,0.01702127659574468,0.0004914004914004914,0.006829268292682927,0.0010498687664041995
0.0004783926008611067,0.0,0.0,0.0,0.0027397260273972603
0.002515090543259557,0.0,0.0012448132780082987,0.004296455424274973,0.0007446016381236039
0.0004783926008611067,0.0,0.0006265664160401002,0.0010878433505575197,0.007099391480730223
0.002515090543259557,0.00815494393476045,0.0004914004914004914,0.0018726591760299626,0.0010498687664041995
0.03225806451612903,0.0008269588587967748,0.0012448132780082987,0.0,0.005443234836702955
0.0004783926008611067,0.0009532888465204957,0.0,0.0,0.0017667844522968198
0.0004783926008611067,0.0,0.004705882352941176,0.0010878433505575197,0.005443234836702955
0.0,0.00646551724137931,0.0006265664160401002,0.0,0.0007446016381236039
0.0033613445378151263,0.0009532888465204957,0.0,0.0,0.0007446016381236039
0.0004783926008611067,0.00815494393476045,0.0,0.0,0.015337423312883436
0.006369426751592357,0.0,0.0012448132780082987,0.004296455424274973,0.005443234836702955
0.0004783926008611067,0.0009532888465204957,0.0004914004914004914,0.006829268292682927,0.0007446016381236039
0.015655577299412915,0.0008269588587967748,0.00102880658436214,0.004296455424274973,0.0
0.0004783926008611067,0.0,0.0012448132780082987,0.0010878433505575197,0.0
0.0,0.0009532888465204957,0.0,0.0010878433505575197,0.0
0.015655577299412915,0.0,0.012727272727272728,0.004296455424274973,0.0
0.002515090543259557,0.0009532888465204957,0.004705882352941176,0.0,0.005443234836702955
0.0004783926008611067,0.0008269588587967748,0.00102880658436214,0.006829268292682927,0.02258064516129032
0.0,0.0008269588587967748,0.00102880658436214,0.002,0.005443234836702955
0.002515090543259557,0.0,0.0004914004914004914,0.006829268292682927,0.007099391480730223
0.0004783926008611067,0.01702127659574468,0.012727272727272728,0.0,0.005443234836702955
0.0033613445378151263,0.00815494393476045,0.007407407407407408,0.0010878433505575197,0.015337423312883436
0.0004783926008611067,0.0,0.0006265664160401002,0.0,0.0010498687664041995
0.03225806451612903,0.0008269588587967748,0.0012448132780082987,0.0,0.007099391480730223
0.002515090543259557,0.0009532888465204957,0.007407407407407408,0.0,0.0012755102040816326
0.0004783926008611067,0.0008269588587967748,0.007407407407407408,0.002,0.0010498687664041995
0.0,0.0,0.012727272727272728,0.0,0.0
0.0004783926008611067,0.0008269588587967748,0.022857142857142857,0.004296455424274973,0.0010498687664041995
0.0004783926008611067,0.0,0.0,0.0,0.007099391480730223
0.0,0.0,0.004705882352941176,0.010514018691588784,0.0
0.015655577299412915,0.0008269588587967748,0.007407407407407408,0.0,0.0012755102040816326
0.0004783926008611067,0.0008269588587967748,0.0004914004914004914,0.0010878433505575197,0.0
0.0,0.0,0.0006265664160401002,0.006829268292682927,0.0
0.015655577299412915,0.00646551724137931,0.007407407407407408,0.0010878433505575197,0.0010498687664041995
0.05,0.0008269588587967748,0.0004914004914004914,0.006829268292682927,0.0010498687664041995
0.0,0.0,0.0,0.0,0.0
0.006369426751592357,0.0008269588587967748,0.0,0.006829268292682927,0.0010498687664041995
0.0,0.0,0.022857142857142857,0.0010878433505575197,0.0010498687664041995
0.002515090543259557,0.0,0.0012448132780082987,0.002,0.0007446016381236039
0.002515090543259557,0.0008269588587967748,0.0012448132780082987,0.0010878433505575197,0.0
0.0004783926008611067,0.0,0.0,0.0,0.0
0.015655577299412915,0.0069767441860465115,0.0,0.010514018691588784,0.007099391480730223
0.0004783926008611067,0.0,0.0012448132780082987,0.010514018691588784,0.0
0.015655577299412915,0.0,0.0,0.003134796238244514,0.0017667844522968198
0.015655577299412915,0.0069767441860465115,0.0012448132780082987,0.0010878433505575197,0.0
0.0,0.0008269588587967748,0.0,0.0,0.0010498687664041995
0.0004783926008611067,0.00815494393476045,0.00102880658436214,0.010514018691588784,0.0027397260273972603
0.002560819462227913,0.0009532888465204957,0.0,0.0010878433505575197,0.0
0.05,0.0,0.0006265664160401002,0.0,0.005443234836702955
0.0004783926008611067,0.0008269588587967748,0.0,0.0010878433505575197,0.015337423312883436
0.0,0.0,0.0,0.006829268292682927,0.005443234836702955
0.002560819462227913,0.0008269588587967748,0.007407407407407408,0.0,0.0027397260273972603
0.0004783926008611067,0.0009532888465204957,0.0,0.002,0.0007446016381236039
0.015655577299412915,0.0,0.007407407407407408,0.0010878433505575197,0.0012755102040816326
0.0004783926008611067,0.00815494393476045,0.0,0.0010878433505575197,0.0010498687664041995
0.0004783926008611067,0.0008269588587967748,0.022857142857142857,0.0,0.0010498687664041995
0.002560819462227913,0.0,0.004705882352941176,0.0010878433505575197,0.005443234836702955
0.002560819462227913,0.0069767441860465115,0.007407407407407408,0.003134796238244514,0.0
0.0004783926008611067,0.0,0.0,0.004296455424274973,0.0
0.006369426751592357,0.0008269588587967748,0.0006265664160401002,0.0273972602739726,0.0
0.015655577299412915,0.00646551724137931,0.0004914004914004914,0.0010878433505575197,0.0
0.0004783926008611067,0.0,0.0,0.0010878433505575197,0.0
0.0,0.0009532888465204957,0.0,0.0,0.0007446016381236039
0.006369426751592357,0.00815494393476045,0.0,0.010514018691588784,0.0027397260273972603
0.0,0.0009532888465204957,0.0,0.006829268292682927,0.0007446016381236039
0.002515090543259557,0.0,0.0012448132780082987,0.0,0.0
0.0004783926008611067,0.01702127659574468,0.0012448132780082987,0.004296455424274973,0.0
0.002515090543259557,0.00815494393476045,0.0,0.0,0.0007446016381236039
0.0004783926008611067,0.0,0.0,0.0018726591760299626,0.007099391480730223
0.0033613445378151263,0.0009532888465204957,0.012727272727272728,0.002,0.015337423312883436
0.0004783926008611067,0.0069767441860465115,0.007407407407407408,0.0,0.0010498687664041995
0.0,0.0008269588587967748,0.00102880658436214,0.002,0.0007446016381236039
0.0,0.01702127659574468,0.0004914004914004914,0.0018726591760299626,0.005443234836702955
0.002560819462227913,0.0,0.0012448132780082987,0.0,0.0010498687664041995
0.0004783926008611067,0.0,0.00102880658436214,0.004296455424274973,0.005443234836702955
0.0004783926008611067,0.0009532888465204957,0.0004914004914004914,0.0010878433505575197,0.0010498687664041995
0.0033613445378151263,0.0008269588587967748,0.0012448132780082987,0.0,0.0
0.0004783926008611067,0.0008269588587967748,0.012727272727272728,0.0018726591760299626,0.0017667844522968198
0.0004783926008611067,0.00646551724137931,0.007407407407407408,0.0,0.0
0.0,0.0009532888465204957,0.0012448132780082987,0.0,0.0010498687664041995
0.0004783926008611067,0.0,0.007407407407407408,0.0,0.0010498687664041995
0.006369426751592357,0.0008269588587967748,0.007407407407407408,0.0,0.0
0.0004783926008611067,0.0009532888465204957,0.0012448132780082987,0.0,0.005443234836702955
0.002560819462227913,0.0,0.0006265664160401002,0.0010878433505575197,0.0
0.0,0.046511627906976744,0.0,0.004296455424274973,0.007099391480730223
0.002515090543259557,0.0008269588587967748,0.0,0.0010878433505575197,0.005443234836702955
0.0,0.0008269588587967748,0.0004914004914004914,0.0273972602739726,0.0
0.015655577299412915,0.0069767441860465115,0.0012448132780082987,0.0,0.0012755102040816326
0.002515090543259557,0.0008269588587967748,0.0,0.0010878433505575197,0.0
0.0004783926008611067,0.0009532888465204957,0.0,0.0010878433505575197,0.0
0.0004783926008611067,0.0,0.0006265664160401002,0.0,0.0
0.0004783926008611067,0.0008269588587967748,0.0004914004914004914,0.0018726591760299626,0.005443234836702955
0.0004783926008611067,0.0069767441860465115,0.00102880658436214,0.0010878433505575197,0.005443234836702955
0.0004783926008611067,0.0,0.0004914004914004914,0.0,0.007099391480730223
0.0004783926008611067,0.0008269588587967748,0.0006265664160401002,0.0010878433505575197,0.0010498687664041995
0.002560819462227913,0.0008269588587967748,0.007407407407407408,0.0,0.005443234836702955
0.002515090543259557,0.0,0.007407407407407408,0.0010878433505575197,0.0010498687664041995
0.002515090543259557,0.0008269588587967748,0.0012448132780082987,0.004296455424274973,0.005443234836702955
0.0,0.0008269588587967748,0.0004914004914004914,0.0,0.0010498687664041995
0.0004783926008611067,0.0009532888465204957,0.0,0.0,0.0010498687664041995
0.0004783926008611067,0.0008269588587967748,0.0,0.0010878433505575197,0.02258064516129032
0.0004783926008611067,0.0,0.0,0.003134796238244514,0.0
0.0033613445378151263,0.0069767441860465115,0.0,0.0010878433505575197,0.015337423312883436
0.0004783926008611067,0.0,0.0004914004914004914,0.0,0.0
0.0,0.00815494393476045,0.0012448132780082987,0.004296455424274973,0.0
0.0004783926008611067,0.0009532888465204957,0.0,0.0018726591760299626,0.015337423312883436
0.0004783926008611067,0.00815494393476045,0.0006265664160401002,0.0,0.0027397260273972603
0.0,0.01702127659574468,0.0,0.006829268292682927,0.0007446016381236039
0.0,0.0008269588587967748,0.0,0.0010878433505575197,0.0027397260273972603
0.0004783926008611067,0.0008269588587967748,0.00102880658436214,0.0010878433505575197,0.0010498687664041995
0.002515090543259557,0.0008269588587967748,0.0,0.002,0.0
0.0,0.0008269588587967748,0.0,0.0010878433505575197,0.0
0.0033613445378151263,0.0009532888465204957,0.004705882352941176,0.004296455424274973,0.0010498687664041995
0.0,0.0,0.00102880658436214,0.004296455424274973,0.0027397260273972603
0.002515090543259557,0.0008269588587967748,0.0004914004914004914,0.0010878433505575197,0.0010498687664041995
0.0004783926008611067,0.0,0.00102880658436214,0.004296455424274973,0.0
0.0004783926008611067,0.0008269588587967748,0.0,0.0010878433505575197,0.0027397260273972603
0.002515090543259557,0.0009532888465204957,0.0004914004914004914,0.0,0.005443234836702955
0.015655577299412915,0.0,0.012727272727272728,0.0010878433505575197,0.0
0.0,0.0008269588587967748,0.0,0.0010878433505575197,0.0
0.0004783926008611067,0.025906735751295335,0.0006265664160401002,0.002,0.0007446016381236039
0.0004783926008611067,0.0009532888465204957,0.007407407407407408,0.0018726591760299626,0.0010498687664041995
0.0004783926008611067,0.0009532888465204957,0.0,0.0010878433505575197,0.0017667844522968198
0.0,0.0008269588587967748,0.0004914004914004914,0.0010878433505575197,0.005443234836702955
0.002515090543259557,0.0,0.0,0.0,0.0
0.0004783926008611067,0.0008269588587967748,0.0012448132780082987,0.002,0.02258064516129032
0.0004783926008611067,0.0,0.0004914004914004914,0.006829268292682927,0.015337423312883436
0.002515090543259557,0.0008269588587967748,0.0,0.0010878433505575197,0.0
0.0,0.0069767441860465115,0.00102880658436214,0.0,0.0
0.0,0.0,0.0,0.0010878433505575197,0.02258064516129032
0.0004783926008611067,0.0,0.0,0.0,0.0
0.0,0.0008269588587967748,0.022857142857142857,0.0,0.0007446016381236039
0.0,0.0008269588587967748,0.0012448132780082987,0.0,0.0007446016381236039
0.002515090543259557,0.0,0.0,0.0,0.0012755102040816326
0.0004783926008611067,0.00646551724137931,0.0,0.0,0.0010498687664041995
0.0004783926008611067,0.0008269588587967748,0.0012448132780082987,0.002,0.0
0.002560819462227913,0.0008269588587967748,0.0004914004914004914,0.0010878433505575197,0.0017667844522968198
0.0004783926008611067,0.00815494393476045,0.0,0.004296455424274973,0.0
0.0004783926008611067,0.0,0.0004914004914004914,0.0010878433505575197,0.0
0.0,0.0008269588587967748,0.007407407407407408,0.0010878433505575197,0.005443234836702955
0.002515090543259557,0.0008269588587967748,0.0,0.004296455424274973,0.0010498687664041995
0.002515090543259557,0.0008269588587967748,0.0012448132780082987,0.0,0.007099391480730223
0.0004783926008611067,0.025906735751295335,0.0012448132780082987,0.010514018691588784,0.0007446016381236039
0.0,0.0008269588587967748,0.0006265664160401002,0.0,0.0
0.0,0.0,0.0,0.0010878433505575197,0.0010498687664041995
0.0004783926008611067,0.00646551724137931,0.004705882352941176,0.0,0.0
0.0,0.0,0.0,0.0,0.0007446016381236039
0.002515090543259557,0.0069767441860465115,0.0006265664160401002,0.0010878433505575197,0.0
0.002515090543259557,0.0009532888465204957,0.0,0.0,0.0
0.0,0.0009532888465204957,0.007407407407407408,0.0,0.0
0.0004783926008611067,0.0,0.0004914004914004914,0.006829268292682927,0.015337423312883436
0.006369426751592357,0.0008269588587967748,0.0,0.004296455424274973,0.0010498687664041995
0.002560819462227913,0.0008269588587967748,0.0012448132780082987,0.0010878433505575197,0.0010498687664041995
0.0033613445378151263,0.0008269588587967748,0.00102880658436214,0.0,0.0
0.0004783926008611067,0.0009532888465204957,0.00102880658436214,0.0,0.0010498687664041995
0.0004783926008611067,0.0009532888465204957,0.0,0.0,0.0
0.0004783926008611067,0.0008269588587967748,0.0012448132780082987,0.0,0.0010498687664041995
0.0,0.0069767441860465115,0.0006265664160401002,0.0,0.007099391480730223
0.002560819462227913,0.0008269588587967748,0.0012448132780082987,0.0,0.0010498687664041995
0.002515090543259557,0.0008269588587967748,0.0,0.0010878433505575197,0.007099391480730223
0.02857142857142857,0.0,0.0,0.010514018691588784,0.0010498687664041995
0.0004783926008611067,0.0008269588587967748,0.0012448132780082987,0.0,0.0017667844522968198
0.0004783926008611067,0.0008269588587967748,0.0004914004914004914,0.0,0.0010498687664041995
0.0004783926008611067,0.0069767441860465115,0.0006265664160401002,0.0,0.0010498687664041995
0.0,0.0009532888465204957,0.00102880658436214,0.0010878433505575197,0.007099391480730223
0.0,0.0008269588587967748,0.00102880658436214,0.0018726591760299626,0.0010498687664041995
0.002515090543259557,0.0008269588587967748,0.0,0.0,0.0007446016381236039
0.0,0.0008269588587967748,0.007407407407407408,0.0018726591760299626,0.0
0.0004783926008611067,0.0009532888465204957,0.0,0.0010878433505575197,0.0
0.0004783926008611067,0.00815494393476045,0.0,0.010514018691588784,0.0027397260273972603
0.0,0.025906735751295335,0.0006265664160401002,0.0,0.015337423312883436
0.002515090543259557,0.0069767441860465115,0.0012448132780082987,0.004296455424274973,0.007099391480730223
0.0004783926008611067,0.0008269588587967748,0.0012448132780082987,0.002,0.007099391480730223
0.002515090543259557,0.0008269588587967748,0.0,0.0,0.0010498687664041995
0.015655577299412915,0.0,0.0012448132780082987,0.0,0.0
0.0,0.0069767441860465115,0.0,0.0,0.007099391480730223
0.0033613445378151263,0.00815494393476045,0.0006265664160401002,0.003134796238244514,0.0010498687664041995
0.0,0.00815494393476045,0.004705882352941176,0.0,0.0
0.015655577299412915,0.0008269588587967748,0.0012448132780082987,0.0010878433505575197,0.007099391480730223
0.0,0.0,0.0,0.0,0.0010498687664041995
0.0004783926008611067,0.00646551724137931,0.00102880658436214,0.004296455424274973,0.0007446016381236039
0.015655577299412915,0.0069767441860465115,0.0012448132780082987,0.006829268292682927,0.0010498687664041995
0.002560819462227913,0.0008269588587967748,0.0006265664160401002,0.004296455424274973,0.0017667844522968198
0.0004783926008611067,0.0008269588587967748,0.0,0.0,0.007099391480730223
0.0004783926008611067,0.0,0.0,0.0010878433505575197,0.0010498687664041995
0.006369426751592357,0.0008269588587967748,0.0,0.0010878433505575197,0.0
0.002560819462227913,0.0008269588587967748,0.0,0.0,0.0
0.0004783926008611067,0.0,0.0,0.0,0.007099391480730223
0.0004783926008611067,0.0009532888465204957,0.0006265664160401002,0.0,0.0010498687664041995
0.05,0.0,0.0004914004914004914,0.006829268292682927,0.0010498687664041995
0.0004783926008611067,0.0,0.0,0.003134796238244514,0.0010498687664041995
0.0,0.01702127659574468,0.0012448132780082987,0.006829268292682927,0.0
0.015655577299412915,0.0008269588587967748,0.007407407407407408,0.0,0.0017667844522968198
0.0004783926008611067,0.0009532888465204957,0.0,0.004296455424274973,0.0
0.0,0.0008269588587967748,0.0004914004914004914,0.0,0.0010498687664041995
0.0004783926008611067,0.0,0.0012448132780082987,0.0010878433505575197,0.0007446016381236039
0.0,0.0009532888465204957,0.0,0.010514018691588784,0.0010498687664041995
0.0004783926008611067,0.0008269588587967748,0.0012448132780082987,0.0,0.0017667844522968198
0.0004783926008611067,0.0009532888465204957,0.0012448132780082987,0.0,0.0027397260273972603
0.002560819462227913,0.0008269588587967748,0.0006265664160401002,0.0010878433505575197,0.0010498687664041995
0.0033613445378151263,0.0,0.0006265664160401002,0.0010878433505575197,0.0010498687664041995
0.0004783926008611067,0.0009532888465204957,0.0,0.0010878433505575197,0.0010498687664041995
0.0004783926008611067,0.00646551724137931,0.0004914004914004914,0.0,0.0
0.0004783926008611067,0.0008269588587967748,0.0006265664160401002,0.003134796238244514,0.0012755102040816326
0.0004783926008611067,0.0,0.0,0.0,0.0010498687664041995
0.0004783926008611067,0.0,0.0,0.0010878433505575197,0.0027397260273972603
0.0,0.0008269588587967748,0.00102880658436214,0.010514018691588784,0.0007446016381236039
0.0004783926008611067,0.0,0.00102880658436214,0.0010878433505575197,0.0007446016381236039
0.0004783926008611067,0.0009532888465204957,0.007407407407407408,0.0,0.0
0.0004783926008611067,0.0,0.0,0.0,0.005443234836702955
0.015655577299412915,0.0069767441860465115,0.0012448132780082987,0.0010878433505575197,0.0010498687664041995
0.0,0.025906735751295335,0.0012448132780082987,0.0010878433505575197,0.007099391480730223
0.0004783926008611067,0.00646551724137931,0.0,0.0,0.02258064516129032
0.0,0.00646551724137931,0.0,0.0018726591760299626,0.005443234836702955
0.0,0.0,0.0004914004914004914,0.0,0.0
0.0004783926008611067,0.0,0.0,0.0,0.0010498687664041995
0.0,0.0009532888465204957,0.0,0.0010878433505575197,0.0017667844522968198
0.0,0.0008269588587967748,0.0,0.0010878433505575197,0.015337423312883436
0.0004783926008611067,0.00815494393476045,0.0004914004914004914,0.0010878433505575197,0.0010498687664041995
0.002515090543259557,0.0008269588587967748,0.0012448132780082987,0.0010878433505575197,0.0010498687664041995
0.0004783926008611067,0.0008269588587967748,0.012727272727272728,0.006829268292682927,0.0
0.002515090543259557,0.0008269588587967748,0.0,0.006829268292682927,0.0
0.0,0.0009532888465204957,0.00102880658436214,0.0010878433505575197,0.007099391480730223
0.0004783926008611067,0.0,0.0,0.0010878433505575197,0.0010498687664041995
0.0004783926008611067,0.0069767441860465115,0.0004914004914004914,0.004296455424274973,0.0012755102040816326
0.0004783926008611067,0.00815494393476045,0.007407407407407408,0.0010878433505575197,0.0
0.0004783926008611067,0.0008269588587967748,0.0012448132780082987,0.004296455424274973,0.0
0.0,0.00815494393476045,0.012727272727272728,0.0010878433505575197,0.0010498687664041995
0.0004783926008611067,0.0009532888465204957,0.0004914004914004914,0.0010878433505575197,0.0010498687664041995
0.0,0.0008269588587967748,0.0,0.0,0.0
0.002515090543259557,0.0,0.022857142857142857,0.0273972602739726,0.0
0.002515090543259557,0.0008269588587967748,0.0004914004914004914,0.0010878433505575197,0.015337423312883436
0.0004783926008611067,0.0008269588587967748,0.0,0.002,0.0
0.0,0.0008269588587967748,0.0012448132780082987,0.0,0.02258064516129032
0.0004783926008611067,0.0008269588587967748,0.0,0.0,0.0010498687664041995
0.002560819462227913,0.0009532888465204957,0.0004914004914004914,0.0010878433505575197,0.005443234836702955
0.0004783926008611067,0.025906735751295335,0.0004914004914004914,0.006829268292682927,0.0010498687664041995
0.002515090543259557,0.00646551724137931,0.0,0.0,0.0010498687664041995
0.002560819462227913,0.00646551724137931,0.0012448132780082987,0.0,0.0007446016381236039
0.0004783926008611067,0.0,0.0,0.0,0.005443234836702955
0.0004783926008611067,0.0008269588587967748,0.007407407407407408,0.004296455424274973,0.0
0.015655577299412915,0.0009532888465204957,0.0004914004914004914,0.004296455424274973,0.0
0.0,0.0,0.0,0.004296455424274973,0.005443234836702955
0.0004783926008611067,0.0008269588587967748,0.0,0.006829268292682927,0.0010498687664041995
0.0004783926008611067,0.0,0.007407407407407408,0.0,0.0
0.0033613445378151263,0.00815494393476045,0.0006265664160401002,0.004296455424274973,0.0010498687664041995
0.0004783926008611067,0.0,0.0,0.003134796238244514,0.0017667844522968198
0.0,0.0008269588587967748,0.0012448132780082987,0.0018726591760299626,0.015337423312883436
0.0004783926008611067,0.00815494393476045,0.0,0.0018726591760299626,0.03571428571428571
0.0,0.0,0.0,0.0010878433505575197,0.0
0.015655577299412915,0.0,0.0004914004914004914,0.0,0.0
0.0,0.00815494393476045,0.0012448132780082987,0.0010878433505575197,0.015337423312883436
0.0,0.0008269588587967748,0.0012448132780082987,0.002,0.0017667844522968198
0.015655577299412915,0.0008269588587967748,0.0,0.0,0.0
0.0004783926008611067,0.0008269588587967748,0.0,0.004296455424274973,0.015337423312883436
0.015655577299412915,0.00815494393476045,0.012727272727272728,0.0,0.0
0.0,0.0,0.0012448132780082987,0.0010878433505575197,0.005443234836702955
0.0,0.0009532888465204957,0.0006265664160401002,0.0,0.0
0.002515090543259557,0.0008269588587967748,0.0012448132780082987,0.006829268292682927,0.0007446016381236039
0.0004783926008611067,0.025906735751295335,0.0,0.0010878433505575197,0.0
0.0004783926008611067,0.00646551724137931,0.0010919936619624504,0.0,0.0010498687664041995
0.05,0.0,0.0006265664160401002,0.0010878433505575197,0.0010498687664041995
0.0,0.00815494393476045,0.0,0.0,0.0017667844522968198
0.0,0.0,0.0,0.0018726591760299626,0.0012755102040816326
0.015655577299412915,0.0009532888465204957,0.007407407407407408,0.0,0.005443234836702955
0.0,0.0008269588587967748,0.0004914004914004914,0.010514018691588784,0.0007446016381236039
0.0,0.0,0.0,0.0018726591760299626,0.015337423312883436
0.0,0.00815494393476045,0.022857142857142857,0.0018726591760299626,0.0007446016381236039
0.0004783926008611067,0.0008269588587967748,0.0006265664160401002,0.0010878433505575197,0.0017667844522968198
0.0004783926008611067,0.0008269588587967748,0.010050251256281407,0.002,0.0
0.0004783926008611067,0.0069767441860465115,0.00102880658436214,0.0010878433505575197,0.0
0.0004783926008611067,0.0009532888465204957,0.0012448132780082987,0.0,0.0
0.0004783926008611067,0.0008269588587967748,0.0004914004914004914,0.0,0.005443234836702955
0.0004783926008611067,0.0069767441860465115,0.0,0.010514018691588784,0.015337423312883436
0.0004783926008611067,0.0009532888465204957,0.0006265664160401002,0.010514018691588784,0.0017667844522968198
0.002560819462227913,0.0008269588587967748,0.004705882352941176,0.006829268292682927,0.0010498687664041995
0.0004783926008611067,0.0,0.0006265664160401002,0.0018726591760299626,0.0007446016381236039
0.0004783926008611067,0.00815494393476045,0.0006265664160401002,0.0,0.0
0.0,0.0,0.0,0.0010878433505575197,0.0017667844522968198
0.0033613445378151263,0.0,0.0,0.0,0.0
0.0004783926008611067,0.0009532888465204957,0.0012448132780082987,0.006829268292682927,0.0012755102040816326
0.0004783926008611067,0.0008269588587967748,0.0004914004914004914,0.010514018691588784,0.0010498687664041995
0.002560819462227913,0.0008269588587967748,0.0004914004914004914,0.0010878433505575197,0.0010498687664041995
0.0004783926008611067,0.0,0.0,0.0010878433505575197,0.0
0.0,0.0,0.0,0.0010878433505575197,0.0012755102040816326
0.002515090543259557,0.0008269588587967748,0.0,0.004296455424274973,0.0
0.0,0.0008269588587967748,0.0012448132780082987,0.0010878433505575197,0.0012755102040816326
0.0004783926008611067,0.0008269588587967748,0.0012448132780082987,0.0010878433505575197,0.0010498687664041995
0.0,0.00815494393476045,0.0012448132780082987,0.0,0.0007446016381236039
0.0004783926008611067,0.0008269588587967748,0.0,0.0010878433505575197,0.0
0.0,0.0,0.00102880658436214,0.0,0.0010498687664041995
0.015655577299412915,0.0,0.0012448132780082987,0.002,0.007099391480730223
0.0004783926008611067,0.00646551724137931,0.0,0.002,0.0
0.0,0.0008269588587967748,0.0,0.006829268292682927,0.0010498687664041995
0.0004783926008611067,0.0008269588587967748,0.0006265664160401002,0.004296455424274973,0.007099391480730223
0.002560819462227913,0.025906735751295335,0.0012448132780082987,0.0010878433505575197,0.0
0.0,0.0008269588587967748,0.0,0.0018726591760299626,0.0007446016381236039
0.0004783926008611067,0.0009532888465204957,0.007407407407407408,0.003134796238244514,0.007099391480730223
0.0004783926008611067,0.0,0.0004914004914004914,0.004296455424274973,0.0
0.0004783926008611067,0.0008269588587967748,0.0,0.0,0.005443234836702955
0.0004783926008611067,0.0,0.00102880658436214,0.003134796238244514,0.0
0.0004783926008611067,0.0,0.007407407407407408,0.0010878433505575197,0.0010498687664041995
0.0004783926008611067,0.0008269588587967748,0.0012448132780082987,0.002,0.0
0.0004783926008611067,0.0009532888465204957,0.0,0.0018726591760299626,0.0012755102040816326
0.002515090543259557,0.0008269588587967748,0.0004914004914004914,0.0,0.015337423312883436
0.015655577299412915,0.0008269588587967748,0.0,0.002,0.0007446016381236039
0.015655577299412915,0.00646551724137931,0.0004914004914004914,0.004296455424274973,0.0012755102040816326
0.002515090543259557,0.00815494393476045,0.0004914004914004914,0.0010878433505575197,0.0010498687664041995
0.0004783926008611067,0.0,0.007407407407407408,0.0,0.0012755102040816326
0.0,0.0009532888465204957,0.0004914004914004914,0.006829268292682927,0.0
0.015655577299412915,0.0008269588587967748,0.0004914004914004914,0.0,0.0
0.0004783926008611067,0.0,0.0004914004914004914,0.004296455424274973,0.0007446016381236039
0.0,0.00646551724137931,0.0004914004914004914,0.0,0.0
0.0004783926008611067,0.0008269588587967748,0.0012448132780082987,0.0018726591760299626,0.0
0.0004783926008611067,0.0008269588587967748,0.0006265664160401002,0.0010878433505575197,0.007099391480730223
0.0004783926008611067,0.0008269588587967748,0.0006265664160401002,0.0,0.007099391480730223
0.0,0.0009532888465204957,0.0,0.002,0.0
0.0004783926008611067,0.0,0.0006265664160401002,0.0,0.0010498687664041995
0.0033613445378151263,0.0069767441860465115,0.007407407407407408,0.0,0.0007446016381236039
0.0004783926008611067,0.0008269588587967748,0.0,0.0010878433505575197,0.0
0.0,0.0009532888465204957,0.00102880658436214,0.0010878433505575197,0.0
0.006369426751592357,0.01702127659574468,0.0004914004914004914,0.0,0.0
0.0004783926008611067,0.0,0.007407407407407408,0.0,0.0027397260273972603
0.0004783926008611067,0.0,0.0004914004914004914,0.0,0.0007446016381236039
0.0004783926008611067,0.00815494393476045,0.004705882352941176,0.0,0.0010498687664041995
0.0004783926008611067,0.0,0.0,0.0,0.0
0.0,0.0,0.0,0.0,0.0010498687664041995
0.0004783926008611067,0.0,0.0,0.0,0.0
0.0,0.0008269588587967748,0.007407407407407408,0.0,0.0
0.002515090543259557,0.00815494393476045,0.0006265664160401002,0.0,0.0
0.0,0.0008269588587967748,0.0006265664160401002,0.0,0.007099391480730223
0.0004783926008611067,0.0008269588587967748,0.0012448132780082987,0.0,0.0
0.0,0.0009532888465204957,0.007407407407407408,0.003134796238244514,0.005443234836702955
0.0004783926008611067,0.0009532888465204957,0.022857142857142857,0.0010878433505575197,0.0
0.0004783926008611067,0.0008269588587967748,0.0004914004914004914,0.0,0.015337423312883436
0.015655577299412915,0.0008269588587967748,0.0012448132780082987,0.0,0.015337423312883436
0.0004783926008611067,0.0,0.022857142857142857,0.006829268292682927,0.015337423312883436
0.002515090543259557,0.0,0.0,0.0018726591760299626,0.0
0.0004783926008611067,0.0009532888465204957,0.0004914004914004914,0.0,0.0010498687664041995
0.0004783926008611067,0.0,0.0,0.0,0.0010498687664041995
0.0,0.0,0.0,0.010514018691588784,0.005443234836702955
0.002515090543259557,0.0,0.0004914004914004914,0.0,0.005443234836702955
0.0004783926008611067,0.00815494393476045,0.022857142857142857,0.0018726591760299626,0.0
0.002515090543259557,0.0069767441860465115,0.0,0.010514018691588784,0.0007446016381236039
0.0004783926008611067,0.0008269588587967748,0.0,0.0010878433505575197,0.0007446016381236039
0.0004783926008611067,0.0069767441860465115,0.0,0.0018726591760299626,0.0
0.0,0.00815494393476045,0.0,0.0,0.0010498687664041995
0.0004783926008611067,0.0,0.0,0.0010878433505575197,0.0010498687664041995
0.0004783926008611067,0.0009532888465204957,0.012727272727272728,0.0018726591760299626,0.0
0.0,0.0,0.0006265664160401002,0.0018726591760299626,0.0017667844522968198
0.0004783926008611067,0.0008269588587967748,0.0012448132780082987,0.0010878433505575197,0.007099391480730223
0.002515090543259557,0.0008269588587967748,0.00102880658436214,0.0,0.0010498687664041995
0.0004783926008611067,0.0008269588587967748,0.007407407407407408,0.0,0.0010498687664041995
0.002515090543259557,0.0008269588587967748,0.00102880658436214,0.0010878433505575197,0.0010498687664041995
0.0004783926008611067,0.00646551724137931,0.0,0.0010878433505575197,0.0
0.0,0.0008269588587967748,0.0,0.002,0.005443234836702955
0.0004783926008611067,0.0009532888465204957,0.0004914004914004914,0.004296455424274973,0.0
0.002560819462227913,0.0009532888465204957,0.007407407407407408,0.002,0.0
0.0004783926008611067,0.0,0.0,0.0010878433505575197,0.0017667844522968198
0.002560819462227913,0.0008269588587967748,0.0,0.0018726591760299626,0.007099391480730223
0.015655577299412915,0.00646551724137931,0.007407407407407408,0.0,0.0007446016381236039
0.0004783926008611067,0.0,0.00102880658436214,0.0010878433505575197,0.0
0.0,0.0009532888465204957,0.0004914004914004914,0.0010878433505575197,0.0010498687664041995
0.0,0.0008269588587967748,0.007407407407407408,0.0,0.005443234836702955
0.0,0.0009532888465204957,0.0,0.0010878433505575197,0.005443234836702955
0.0,0.0008269588587967748,0.0006265664160401002,0.0010878433505575197,0.0017667844522968198
0.0004783926008611067,0.0008269588587967748,0.0012448132780082987,0.0,0.0010498687664041995
0.0004783926008611067,0.0009532888465204957,0.0,0.0018726591760299626,0.0
0.0004783926008611067,0.0008269588587967748,0.0006265664160401002,0.0,0.0
0.0,0.0008269588587967748,0.00102880658436214,0.0,0.0027397260273972603
0.0,0.0,0.0,0.002,0.0027397260273972603
0.0004783926008611067,0.0,0.0012448132780082987,0.0,0.0010498687664041995
0.002515090543259557,0.0009532888465204957,0.0012448132780082987,0.004296455424274973,0.0010498687664041995
0.006369426751592357,0.0009532888465204957,0.0004914004914004914,0.0,0.0
0.0004783926008611067,0.0008269588587967748,0.0004914004914004914,0.0,0.0027397260273972603
0.0004783926008611067,0.0,0.0,0.004296455424274973,0.0010498687664041995
0.015655577299412915,0.0008269588587967748,0.022857142857142857,0.0,0.0017667844522968198
0.002515090543259557,0.0,0.0006265664160401002,0.0,0.0010498687664041995
0.015655577299412915,0.0,0.004705882352941176,0.0010878433505575197,0.0007446016381236039
0.0,0.0,0.0,0.006829268292682927,0.0
0.0004783926008611067,0.0008269588587967748,0.0004914004914004914,0.006829268292682927,0.0
0.0004783926008611067,0.0,0.0012448132780082987,0.0010878433505575197,0.0017667844522968198
0.002515090543259557,0.0008269588587967748,0.007407407407407408,0.0010878433505575197,0.0
0.0004783926008611067,0.0008269588587967748,0.0012448132780082987,0.0,0.0007446016381236039
0.0004783926008611067,0.0,0.0004914004914004914,0.006829268292682927,0.0
0.0004783926008611067,0.0008269588587967748,0.0,0.0018726591760299626,0.0007446016381236039
0.03225806451612903,0.0,0.007407407407407408,0.004296455424274973,0.0010498687664041995
0.0,0.0,0.0,0.006829268292682927,0.0010498687664041995
0.0004783926008611067,0.00646551724137931,0.0,0.0010878433505575197,0.0
0.015655577299412915,0.0008269588587967748,0.0004914004914004914,0.0,0.0010498687664041995
0.002515090543259557,0.0009532888465204957,0.0,0.0010878433505575197,0.007099391480730223
0.0004783926008611067,0.0009532888465204957,0.0004914004914004914,0.004296455424274973,0.0010498687664041995
0.0004783926008611067,0.0009532888465204957,0.0012448132780082987,0.003134796238244514,0.0
0.0033613445378151263,0.0008269588587967748,0.00102880658436214,0.0018726591760299626,0.0010498687664041995
0.0004783926008611067,0.0008269588587967748,0.010050251256281407,0.0,0.0007446016381236039
0.002560819462227913,0.0,0.0,0.0010878433505575197,0.0010498687664041995
0.0,0.0069767441860465115,0.0006265664160401002,0.0010878433505575197,0.0010498687664041995
0.0004783926008611067,0.0,0.0,0.004296455424274973,0.0010498687664041995
0.0004783926008611067,0.0,0.0012448132780082987,0.010514018691588784,0.0010498687664041995
0.0004783926008611067,0.00815494393476045,0.0006265664160401002,0.0,0.0010498687664041995
0.002515090543259557,0.0008269588587967748,0.0,0.004296455424274973,0.0010498687664041995
0.0,0.0,0.0,0.0,0.0
0.0004783926008611067,0.0,0.00102880658436214,0.0010878433505575197,0.0
0.0,0.00646551724137931,0.0006265664160401002,0.006829268292682927,0.0007446016381236039
0.0004783926008611067,0.00815494393476045,0.0012448132780082987,0.004296455424274973,0.0
0.0,0.0,0.012727272727272728,0.0,0.0010498687664041995
0.0004783926008611067,0.0,0.0,0.010514018691588784,0.0007446016381236039
0.0,0.0069767441860465115,0.0,0.0010878433505575197,0.0010498687664041995
0.015655577299412915,0.0008269588587967748,0.0004914004914004914,0.0018726591760299626,0.0
0.0004783926008611067,0.00646551724137931,0.0012448132780082987,0.0018726591760299626,0.005443234836702955
0.0004783926008611067,0.0008269588587967748,0.0004914004914004914,0.006829268292682927,0.0010498687664041995
0.015655577299412915,0.0008269588587967748,0.0006265664160401002,0.0018726591760299626,0.0027397260273972603
0.0033613445378151263,0.0008269588587967748,0.00102880658436214,0.006829268292682927,0.0010498687664041995
0.0033613445378151263,0.0008269588587967748,0.0006265664160401002,0.0,0.007099391480730223
0.0004783926008611067,0.0008269588587967748,0.0012448132780082987,0.0,0.0
0.015655577299412915,0.0008269588587967748,0.0006265664160401002,0.004296455424274973,0.0010498687664041995
0.0004783926008611067,0.00815494393476045,0.0,0.006829268292682927,0.0010498687664041995
0.0004783926008611067,0.0009532888465204957,0.0012448132780082987,0.0,0.0010498687664041995
0.0,0.0,0.0006265664160401002,0.006829268292682927,0.0027397260273972603
0.0004783926008611067,0.00646551724137931,0.00102880658436214,0.0,0.0
0.0004783926008611067,0.0,0.0,0.0,0.0007446016381236039
0.0004783926008611067,0.0,0.007407407407407408,0.004296455424274973,0.0010498687664041995
0.0,0.0008269588587967748,0.007407407407407408,0.004296455424274973,0.0010498687664041995
0.0004783926008611067,0.0,0.0,0.0010878433505575197,0.0010498687664041995
0.0,0.0008269588587967748,0.007407407407407408,0.0,0.0010498687664041995
0.0004783926008611067,0.0009532888465204957,0.00102880658436214,0.0018726591760299626,0.0010498687664041995
0.002515090543259557,0.0069767441860465115,0.004705882352941176,0.0,0.007099391480730223
0.002515090543259557,0.0008269588587967748,0.0012448132780082987,0.0,0.0012755102040816326
0.0004783926008611067,0.0008269588587967748,0.0,0.0010878433505575197,0.0010498687664041995
0.0,0.0,0.0,0.004296455424274973,0.0027397260273972603
0.015655577299412915,0.00646551724137931,0.0,0.0010878433505575197,0.0
0.0,0.0008269588587967748,0.00102880658436214,0.0018726591760299626,0.0010498687664041995
0.0,0.0008269588587967748,0.0012448132780082987,0.0,0.0017667844522968198
0.0004783926008611067,0.0008269588587967748,0.0012448132780082987,0.006829268292682927,0.005443234836702955
0.0004783926008611067,0.0008269588587967748,0.0,0.0010878433505575197,0.0007446016381236039
0.006369426751592357,0.0,0.0004914004914004914,0.0010878433505575197,0.005443234836702955
0.0004783926008611067,0.00815494393476045,0.0004914004914004914,0.0,0.0
0.0004783926008611067,0.0008269588587967748,0.012727272727272728,0.0,0.0010498687664041995
0.0004783926008611067,0.0,0.0012448132780082987,0.010514018691588784,0.0
0.0004783926008611067,0.0008269588587967748,0.004705882352941176,0.0010878433505575197,0.0
0.0,0.0,0.0,0.002,0.0
0.0033613445378151263,0.0008269588587967748,0.007407407407407408,0.0,0.0
0.015655577299412915,0.00646551724137931,0.0004914004914004914,0.0010878433505575197,0.007099391480730223
0.002515090543259557,0.0008269588587967748,0.0,0.0,0.02258064516129032
0.002515090543259557,0.0008269588587967748,0.0004914004914004914,0.0,0.0
0.0,0.0008269588587967748,0.0,0.0010878433505575197,0.007099391480730223
0.0,0.0,0.0012448132780082987,0.0010878433505575197,0.0010498687664041995
0.015655577299412915,0.0,0.00102880658436214,0.002,0.0012755102040816326
0.0004783926008611067,0.0009532888465204957,0.022857142857142857,0.0,0.0
0.0004783926008611067,0.0008269588587967748,0.007407407407407408,0.010514018691588784,0.0010498687664041995
0.0,0.00815494393476045,0.0006265664160401002,0.010514018691588784,0.015337423312883436
0.0,0.0008269588587967748,0.0006265664160401002,0.010514018691588784,0.0027397260273972603
0.002515090543259557,0.0009532888465204957,0.0006265664160401002,0.0,0.0012755102040816326
0.0,0.0,0.0004914004914004914,0.010514018691588784,0.0010498687664041995
0.0004783926008611067,0.0008269588587967748,0.0012448132780082987,0.0018726591760299626,0.0010498687664041995
0.015655577299412915,0.0008269588587967748,0.007407407407407408,0.006829268292682927,0.005443234836702955
0.0,0.0008269588587967748,0.004705882352941176,0.0010878433505575197,0.0010498687664041995
0.0,0.0008269588587967748,0.00102880658436214,0.0,0.0
0.0004783926008611067,0.00646551724137931,0.0,0.0,0.0
0.006369426751592357,0.0,0.010050251256281407,0.0010878433505575197,0.0010498687664041995
0.0,0.0,0.0004914004914004914,0.004296455424274973,0.0
0.0,0.0008269588587967748,0.0,0.0010878433505575197,0.0010498687664041995
0.0,0.0,0.0012448132780082987,0.010514018691588784,0.0017667844522968198
0.0033613445378151263,0.0008269588587967748,0.0004914004914004914,0.0,0.0
0.002515090543259557,0.0008269588587967748,0.0006265664160401002,0.0018726591760299626,0.0017667844522968198
0.002515090543259557,0.0008269588587967748,0.007407407407407408,0.0010878433505575197,0.005443234836702955
0.015655577299412915,0.0,0.0,0.0010878433505575197,0.0
0.0004783926008611067,0.0,0.007407407407407408,0.004296455424274973,0.0
0.0004783926008611067,0.0008269588587967748,0.0006265664160401002,0.002,0.005443234836702955
0.0033613445378151263,0.0008269588587967748,0.0,0.0010878433505575197,0.0012755102040816326
0.0004783926008611067,0.0009532888465204957,0.0012448132780082987,0.0010878433505575197,0.0010498687664041995
0.0033613445378151263,0.0,0.007407407407407408,0.0010878433505575197,0.005443234836702955
0.0,0.01702127659574468,0.0006265664160401002,0.010514018691588784,0.015337423312883436
0.0004783926008611067,0.0008269588587967748,0.0012448132780082987,0.0,0.007099391480730223
0.0,0.0008269588587967748,0.00102880658436214,0.002,0.0
0.0004783926008611067,0.0,0.0006265664160401002,0.0,0.0012755102040816326
0.0004783926008611067,0.0,0.0006265664160401002,0.0,0.0
0.0004783926008611067,0.0,0.0,0.010514018691588784,0.007099391480730223
0.002515090543259557,0.0,0.0006265664160401002,0.0010878433505575197,0.0
0.0004783926008611067,0.0,0.0,0.0,0.0
0.0,0.0069767441860465115,0.007407407407407408,0.004296455424274973,0.0012755102040816326
0.0,0.0008269588587967748,0.007407407407407408,0.004296455424274973,0.0010498687664041995
0.0,0.01702127659574468,0.0,0.0,0.0
0.0004783926008611067,0.0008269588587967748,0.0012448132780082987,0.006829268292682927,0.0010498687664041995
0.0004783926008611067,0.0,0.012727272727272728,0.0010878433505575197,0.0
0.0033613445378151263,0.0,0.007407407407407408,0.0,0.0
0.0,0.0009532888465204957,0.0,0.0010878433505575197,0.02258064516129032
0.0004783926008611067,0.00646551724137931,0.0012448132780082987,0.0,0.0
0.0004783926008611067,0.0,0.0,0.0,0.0007446016381236039
0.002560819462227913,0.0009532888465204957,0.0006265664160401002,0.010514018691588784,0.005443234836702955
0.002515090543259557,0.0008269588587967748,0.0,0.004296455424274973,0.0010498687664041995
0.0,0.0008269588587967748,0.0004914004914004914,0.0,0.0027397260273972603
0.0004783926008611067,0.0008269588587967748,0.0012448132780082987,0.0,0.005443234836702955
0.0004783926008611067,0.0008269588587967748,0.0006265664160401002,0.0010878433505575197,0.0007446016381236039
0.015655577299412915,0.0009532888465204957,0.00102880658436214,0.0,0.0012755102040816326
0.0,0.0009532888465204957,0.0004914004914004914,0.0010878433505575197,0.0
0.0004783926008611067,0.00815494393476045,0.0004914004914004914,0.004296455424274973,0.0010498687664041995
0.0004783926008611067,0.00646551724137931,0.0006265664160401002,0.0010878433505575197,0.0
0.002515090543259557,0.0008269588587967748,0.0,0.0,0.0012755102040816326
0.006369426751592357,0.0008269588587967748,0.022857142857142857,0.0010878433505575197,0.0
0.0,0.0009532888465204957,0.0004914004914004914,0.0018726591760299626,0.0
0.002515090543259557,0.0,0.0004914004914004914,0.0,0.015337423312883436
0.0033613445378151263,0.0008269588587967748,0.007407407407407408,0.0273972602739726,0.015337423312883436
0.015655577299412915,0.0,0.00102880658436214,0.0,0.0
0.0004783926008611067,0.0008269588587967748,0.0,0.0010878433505575197,0.0
0.0,0.00646551724137931,0.007407407407407408,0.0010878433505575197,0.0010498687664041995
0.0004783926008611067,0.00815494393476045,0.0,0.004296455424274973,0.0010498687664041995
0.0,0.0,0.012727272727272728,0.0,0.005443234836702955
0.0004783926008611067,0.0009532888465204957,0.0006265664160401002,0.0,0.0012755102040816326
0.0,0.0,0.00102880658436214,0.0,0.0
0.006369426751592357,0.0008269588587967748,0.00102880658436214,0.002,0.0007446016381236039
0.0,0.00646551724137931,0.0012448132780082987,0.0,0.0010498687664041995
0.0,0.0,0.0,0.0,0.0010498687664041995
0.0004783926008611067,0.00646551724137931,0.0,0.006829268292682927,0.015337423312883436
0.002515090543259557,0.0008269588587967748,0.007407407407407408,0.002,0.005443234836702955
0.0033613445378151263,0.0008269588587967748,0.012727272727272728,0.0010878433505575197,0.007099391480730223
0.0004783926008611067,0.0009532888465204957,0.004705882352941176,0.006829268292682927,0.0
0.0004783926008611067,0.0008269588587967748,0.0004914004914004914,0.0018726591760299626,0.0010498687664041995
0.015655577299412915,0.0069767441860465115,0.0012448132780082987,0.0018726591760299626,0.007099391480730223
0.0004783926008611067,0.00646551724137931,0.0,0.010514018691588784,0.0010498687664041995
0.0004783926008611067,0.0,0.0,0.002,0.02258064516129032
0.002515090543259557,0.0008269588587967748,0.012727272727272728,0.0,0.005443234836702955
0.0004783926008611067,0.0,0.010050251256281407,0.0,0.0007446016381236039
0.0004783926008611067,0.0008269588587967748,0.0,0.0,0.005443234836702955
0.0,0.0,0.00102880658436214,0.0010878433505575197,0.0010498687664041995
0.002515090543259557,0.0009532888465204957,0.0,0.0018726591760299626,0.005443234836702955
0.002515090543259557,0.0008269588587967748,0.0012448132780082987,0.004296455424274973,0.0010498687664041995
0.0004783926008611067,0.00646551724137931,0.0,0.0,0.0
0.0004783926008611067,0.00815494393476045,0.010050251256281407,0.0,0.015337423312883436
0.0004783926008611067,0.0,0.022857142857142857,0.003134796238244514,0.0
0.015655577299412915,0.0008269588587967748,0.007407407407407408,0.006829268292682927,0.0
0.0004783926008611067,0.0008269588587967748,0.0,0.002,0.0
0.002560819462227913,0.0008269588587967748,0.0004914004914004914,0.0010878433505575197,0.0007446016381236039
0.0004783926008611067,0.0,0.00102880658436214,0.0010878433505575197,0.0010498687664041995
0.015655577299412915,0.00815494393476045,0.0012448132780082987,0.0,0.0
0.0,0.0008269588587967748,0.0,0.0,0.005443234836702955
0.0,0.0009532888465204957,0.007407407407407408,0.0010878433505575197,0.0017667844522968198
0.0004783926008611067,0.0009532888465204957,0.0,0.004296455424274973,0.0010498687664041995
0.0033613445378151263,0.00646551724137931,0.0012448132780082987,0.0,0.007099391480730223
0.015655577299412915,0.0009532888465204957,0.0,0.002,0.0010498687664041995
0.0004783926008611067,0.0008269588587967748,0.0,0.0010878433505575197,0.0
0.002515090543259557,0.00815494393476045,0.0006265664160401002,0.0010878433505575197,0.005443234836702955
0.0033613445378151263,0.0,0.0006265664160401002,0.0010878433505575197,0.0007446016381236039
0.002515090543259557,0.0009532888465204957,0.0,0.0010878433505575197,0.0
0.002515090543259557,0.0008269588587967748,0.00102880658436214,0.0,0.0
0.0004783926008611067,0.0009532888465204957,0.0,0.006829268292682927,0.0
0.015655577299412915,0.0,0.00102880658436214,0.0,0.0010498687664041995
0.002515090543259557,0.00646551724137931,0.007407407407407408,0.0,0.007099391480730223
0.006369426751592357,0.0,0.0012448132780082987,0.010514018691588784,0.0017667844522968198
0.0004783926008611067,0.00815494393476045,0.012727272727272728,0.0,0.0027397260273972603
0.0,0.00815494393476045,0.0004914004914004914,0.0,0.0010498687664041995
0.002515090543259557,0.0008269588587967748,0.0,0.0,0.0012755102040816326
0.0004783926008611067,0.00815494393476045,0.0,0.0,0.0012755102040816326
0.0033613445378151263,0.0069767441860465115,0.0006265664160401002,0.004296455424274973,0.0010498687664041995
0.0004783926008611067,0.0,0.0006265664160401002,0.0010878433505575197,0.0010498687664041995
0.002560819462227913,0.0008269588587967748,0.0004914004914004914,0.004296455424274973,0.0007446016381236039
0.002515090543259557,0.0009532888465204957,0.0004914004914004914,0.0018726591760299626,0.0
0.0004783926008611067,0.0,0.0,0.010514018691588784,0.0
0.0004783926008611067,0.0,0.0,0.0,0.0010498687664041995
0.0004783926008611067,0.0,0.012727272727272728,0.0,0.015337423312883436
0.0033613445378151263,0.0069767441860465115,0.0012448132780082987,0.0010878433505575197,0.0010498687664041995
0.0004783926008611067,0.0069767441860465115,0.0006265664160401002,0.006829268292682927,0.0017667844522968198
0.002515090543259557,0.0008269588587967748,0.0,0.0,0.007099391480730223
0.0004783926008611067,0.0,0.0,0.006829268292682927,0.0012755102040816326
0.0004783926008611067,0.0009532888465204957,0.0,0.0,0.0
0.0,0.0,0.0,0.0010878433505575197,0.005443234836702955
0.002515090543259557,0.0008269588587967748,0.0012448132780082987,0.0,0.0010498687664041995
0.0004783926008611067,0.0009532888465204957,0.0,0.0010878433505575197,0.0010498687664041995
0.0004783926008611067,0.0,0.004705882352941176,0.010514018691588784,0.0010498687664041995
0.0,0.0,0.00102880658436214,0.0010878433505575197,0.0012755102040816326
0.0004783926008611067,0.0,0.007407407407407408,0.0,0.005443234836702955
0.015655577299412915,0.00815494393476045,0.0,0.0,0.0012755102040816326
0.002515090543259557,0.0,0.0,0.0,0.0010498687664041995
0.0004783926008611067,0.0008269588587967748,0.0,0.010514018691588784,0.0
0.0004783926008611067,0.0,0.0,0.0010878433505575197,0.0
0.0004783926008611067,0.00646551724137931,0.0004914004914004914,0.0010878433505575197,0.0010498687664041995
0.0004783926008611067,0.0,0.0,0.004296455424274973,0.0007446016381236039
0.002515090543259557,0.0008269588587967748,0.0,0.0,0.0
0.0004783926008611067,0.00646551724137931,0.0012448132780082987,0.0,0.015337423312883436
0.0004783926008611067,0.0,0.0004914004914004914,0.0,0.0
0.05,0.00815494393476045,0.0004914004914004914,0.0010878433505575197,0.0010498687664041995
0.0004783926008611067,0.0,0.0,0.010514018691588784,0.0010498687664041995
0.0004783926008611067,0.0008269588587967748,0.0,0.003134796238244514,0.0007446016381236039
0.0,0.0,0.0,0.0010878433505575197,0.0007446016381236039
0.0,0.0008269588587967748,0.0,0.0,0.0
0.0,0.00646551724137931,0.0,0.0,0.0010498687664041995
0.002515090543259557,0.0,0.0,0.0010878433505575197,0.0
0.015655577299412915,0.0,0.0012448132780082987,0.0010878433505575197,0.015337423312883436
0.0004783926008611067,0.0008269588587967748,0.007407407407407408,0.0010878433505575197,0.007099391480730223
0.0004783926008611067,0.0009532888465204957,0.0,0.0,0.0007446016381236039
0.0033613445378151263,0.00815494393476045,0.010050251256281407,0.0,0.0010498687664041995
0.0004783926008611067,0.0008269588587967748,0.0,0.0,0.0007446016381236039
0.006369426751592357,0.0,0.0004914004914004914,0.0,0.0
0.0004783926008611067,0.0008269588587967748,0.0,0.0010878433505575197,0.0017667844522968198
0.0004783926008611067,0.0008269588587967748,0.0012448132780082987,0.0010878433505575197,0.0010498687664041995
0.0004783926008611067,0.0,0.0004914004914004914,0.0,0.005443234836702955
0.0004783926008611067,0.0009532888465204957,0.0012448132780082987,0.0010878433505575197,0.005443234836702955
0.002560819462227913,0.0069767441860465115,0.0,0.0010878433505575197,0.0010498687664041995
0.0,0.0,0.00102880658436214,0.0010878433505575197,0.0027397260273972603
0.0004783926008611067,0.0,0.0,0.0,0.0
0.0,0.0008269588587967748,0.007407407407407408,0.0010878433505575197,0.02258064516129032
0.002515090543259557,0.0,0.0,0.0,0.0
0.0004783926008611067,0.0008269588587967748,0.022857142857142857,0.0,0.0010498687664041995
0.0033613445378151263,0.0,0.0,0.004296455424274973,0.0017667844522968198
0.015655577299412915,0.0009532888465204957,0.0004914004914004914,0.0010878433505575197,0.0010498687664041995
0.002515090543259557,0.0,0.00102880658436214,0.0,0.0
0.002515090543259557,0.0008269588587967748,0.0,0.0010878433505575197,0.0007446016381236039
0.015655577299412915,0.0008269588587967748,0.0006265664160401002,0.0010878433505575197,0.0010498687664041995
0.0,0.0008269588587967748,0.012727272727272728,0.0010878433505575197,0.0
0.0,0.0008269588587967748,0.0,0.0,0.0017667844522968198
0.0,0.0008269588587967748,0.0,0.0010878433505575197,0.0
0.0004783926008611067,0.0008269588587967748,0.0004914004914004914,0.004296455424274973,0.0027397260273972603
0.0033613445378151263,0.0008269588587967748,0.0,0.0010878433505575197,0.005443234836702955
0.002515090543259557,0.00815494393476045,0.0004914004914004914,0.002,0.02258064516129032
0.0,0.0,0.007407407407407408,0.004296455424274973,0.0
0.0,0.0008269588587967748,0.007407407407407408,0.010514018691588784,0.007099391480730223
0.0,0.00646551724137931,0.00102880658436214,0.0,0.0
0.002515090543259557,0.0069767441860465115,0.007407407407407408,0.0010878433505575197,0.0
0.0004783926008611067,0.0,0.0004914004914004914,0.004296455424274973,0.0
0.0004783926008611067,0.0,0.0012448132780082987,0.0,0.005443234836702955
0.0,0.00815494393476045,0.012727272727272728,0.010514018691588784,0.015337423312883436
0.002515090543259557,0.0008269588587967748,0.0,0.004296455424274973,0.0007446016381236039
0.0004783926008611067,0.0009532888465204957,0.0012448132780082987,0.0,0.0
0.0004783926008611067,0.0008269588587967748,0.0,0.0,0.0
0.015655577299412915,0.0,0.0012448132780082987,0.0010878433505575197,0.0
0.0004783926008611067,0.0069767441860465115,0.0012448132780082987,0.0010878433505575197,0.007099391480730223
0.0004783926008611067,0.00646551724137931,0.00102880658436214,0.0,0.0010498687664041995
0.0,0.00815494393476045,0.007407407407407408,0.0,0.0
0.0004783926008611067,0.00646551724137931,0.0004914004914004914,0.004296455424274973,0.0
0.002515090543259557,0.0009532888465204957,0.0012448132780082987,0.002,0.005443234836702955
0.0,0.0008269588587967748,0.012727272727272728,0.0010878433505575197,0.0010498687664041995
0.0,0.0069767441860465115,0.0006265664160401002,0.0,0.0
0.0004783926008611067,0.0008269588587967748,0.012727272727272728,0.0,0.005443234836702955
0.0004783926008611067,0.0,0.007407407407407408,0.0010878433505575197,0.0007446016381236039
0.002560819462227913,0.0,0.0,0.0010878433505575197,0.0012755102040816326
0.0004783926008611067,0.0008269588587967748,0.004705882352941176,0.006829268292682927,0.0010498687664041995
0.015655577299412915,0.0,0.0,0.0,0.0
0.0,0.0,0.0006265664160401002,0.0010878433505575197,0.02258064516129032
0.002560819462227913,0.0,0.007407407407407408,0.010514018691588784,0.005443234836702955
0.0004783926008611067,0.0008269588587967748,0.0006265664160401002,0.0,0.0
0.0,0.0,0.0,0.0,0.0010498687664041995
0.0004783926008611067,0.0008269588587967748,0.0,0.010514018691588784,0.0
0.0004783926008611067,0.0,0.0004914004914004914,0.004296455424274973,0.0007446016381236039
0.0,0.0009532888465204957,0.0012448132780082987,0.0010878433505575197,0.007099391480730223
0.006369426751592357,0.0008269588587967748,0.0004914004914004914,0.006829268292682927,0.015337423312883436
0.0004783926008611067,0.0,0.0012448132780082987,0.0010878433505575197,0.0
0.002560819462227913,0.0008269588587967748,0.0006265664160401002,0.0,0.0010498687664041995
0.0004783926008611067,0.0,0.0,0.0018726591760299626,0.0007446016381236039
0.0004783926008611067,0.0008269588587967748,0.00102880658436214,0.0,0.0027397260273972603
0.002560819462227913,0.0009532888465204957,0.0,0.004296455424274973,0.0010498687664041995
0.0004783926008611067,0.0,0.007407407407407408,0.004296455424274973,0.0012755102040816326
0.015655577299412915,0.0,0.0,0.0010878433505575197,0.0
0.015655577299412915,0.00646551724137931,0.0012448132780082987,0.0,0.0
0.0004783926008611067,0.00815494393476045,0.0006265664160401002,0.0010878433505575197,0.015337423312883436
0.0004783926008611067,0.0,0.0012448132780082987,0.0,0.0017667844522968198
0.002560819462227913,0.0,0.0006265664160401002,0.010514018691588784,0.005443234836702955
0.002515090543259557,0.0009532888465204957,0.0004914004914004914,0.0018726591760299626,0.0027397260273972603
0.0004783926008611067,0.0008269588587967748,0.0,0.002,0.0010498687664041995
0.0004783926008611067,0.0008269588587967748,0.0012448132780082987,0.0,0.0
0.0004783926008611067,0.0,0.012727272727272728,0.0,0.0
0.0004783926008611067,0.0,0.0006265664160401002,0.0010878433505575197,0.0012755102040816326
0.0004783926008611067,0.0008269588587967748,0.0012448132780082987,0.0018726591760299626,0.0
0.0,0.01702127659574468,0.0,0.0,0.0
0.0009505476905199476,0.0008269588587967748,0.007407407407407408,0.0,0.0010498687664041995
0.015655577299412915,0.0009532888465204957,0.0012448132780082987,0.0010878433505575197,0.005443234836702955
0.0,0.0069767441860465115,0.0012448132780082987,0.0010878433505575197,0.007099391480730223
0.006369426751592357,0.0,0.0012448132780082987,0.0,0.0
0.015655577299412915,0.0008269588587967748,0.0,0.0018726591760299626,0.0017667844522968198
0.0004783926008611067,0.0008269588587967748,0.0,0.0018726591760299626,0.007099391480730223
0.0004783926008611067,0.0009532888465204957,0.0012448132780082987,0.0,0.0
0.006369426751592357,0.00815494393476045,0.0,0.004296455424274973,0.0
0.0,0.0,0.0,0.0,0.0
0.0004783926008611067,0.0008269588587967748,0.0012448132780082987,0.0018726591760299626,0.02258064516129032
0.002515090543259557,0.0009532888465204957,0.0,0.0,0.0010498687664041995
0.002515090543259557,0.0069767441860465115,0.0,0.0,0.0010498687664041995
0.0004783926008611067,0.00646551724137931,0.0,0.0018726591760299626,0.0010498687664041995
0.0004783926008611067,0.0008269588587967748,0.0006265664160401002,0.004296455424274973,0.005443234836702955
0.006369426751592357,0.0008269588587967748,0.0004914004914004914,0.0,0.0010498687664041995
0.0033613445378151263,0.0008269588587967748,0.0006265664160401002,0.0,0.0010498687664041995
0.0,0.0008269588587967748,0.0006265664160401002,0.0,0.0010498687664041995
0.0004783926008611067,0.0,0.0,0.0,0.0010498687664041995
0.0,0.0069767441860465115,0.0004914004914004914,0.0,0.0012755102040816326
0.0004783926008611067,0.0,0.0,0.0,0.0
0.002515090543259557,0.0008269588587967748,0.0,0.0,0.0010498687664041995
0.015655577299412915,0.0069767441860465115,0.0,0.0,0.0
0.0004783926008611067,0.00646551724137931,0.0,0.0010878433505575197,0.0010498687664041995
0.002560819462227913,0.0008269588587967748,0.007407407407407408,0.004296455424274973,0.0007446016381236039
0.0,0.0008269588587967748,0.0012448132780082987,0.0010878433505575197,0.0
0.002515090543259557,0.0008269588587967748,0.00102880658436214,0.0010878433505575197,0.0007446016381236039
0.0,0.00815494393476045,0.0004914004914004914,0.006829268292682927,0.007099391480730223
0.0004783926008611067,0.0,0.021298983070989357,0.0010878433505575197,0.0010498687664041995
0.006369426751592357,0.0,0.022857142857142857,0.0,0.0027397260273972603
0.0,0.0009532888465204957,0.00102880658436214,0.0,0.0
0.0033613445378151263,0.0,0.007407407407407408,0.0,0.0
0.002560819462227913,0.0,0.012727272727272728,0.003134796238244514,0.005443234836702955
0.0,0.00646551724137931,0.0,0.0010878433505575197,0.0010498687664041995
0.0004783926008611067,0.00815494393476045,0.007407407407407408,0.0010878433505575197,0.0010498687664041995
0.0033613445378151263,0.0008269588587967748,0.0006265664160401002,0.0010878433505575197,0.0007446016381236039
0.0004783926008611067,0.0069767441860465115,0.0,0.006829268292682927,0.0010498687664041995
0.002515090543259557,0.0,0.0,0.0018726591760299626,0.015337423312883436
0.002560819462227913,0.0008269588587967748,0.0012448132780082987,0.0,0.007099391480730223
0.0004783926008611067,0.0009532888465204957,0.0,0.0010878433505575197,0.0
0.0004783926008611067,0.00815494393476045,0.0012448132780082987,0.038461538461538464,0.0007446016381236039
0.0004783926008611067,0.00646551724137931,0.004705882352941176,0.0,0.015337423312883436
0.0,0.00646551724137931,0.0012448132780082987,0.0010878433505575197,0.0
0.0004783926008611067,0.0009532888465204957,0.0,0.0018726591760299626,0.0010498687664041995
0.0004783926008611067,0.0,0.00102880658436214,0.0,0.007099391480730223
0.0004783926008611067,0.0,0.0006265664160401002,0.0010878433505575197,0.0017667844522968198
0.0004783926008611067,0.0008269588587967748,0.022857142857142857,0.0,0.0027397260273972603
0.002515090543259557,0.0,0.0,0.0,0.0
0.0,0.0008269588587967748,0.0004914004914004914,0.0,0.0
0.03225806451612903,0.0008269588587967748,0.0,0.002,0.0012755102040816326
0.0004783926008611067,0.00646551724137931,0.0,0.006829268292682927,0.0010498687664041995
0.0004783926008611067,0.0,0.0006265664160401002,0.0010878433505575197,0.0007446016381236039
0.0,0.00646551724137931,0.0004914004914004914,0.0,0.0
0.0004783926008611067,0.0008269588587967748,0.012727272727272728,0.0010878433505575197,0.0007446016381236039
0.0004783926008611067,0.0069767441860465115,0.0,0.0,0.0
0.0033613445378151263,0.0,0.0004914004914004914,0.0018726591760299626,0.0007446016381236039
0.0004783926008611067,0.0069767441860465115,0.0,0.004296455424274973,0.005443234836702955
0.015655577299412915,0.0008269588587967748,0.0004914004914004914,0.0010878433505575197,0.0010498687664041995
0.0004783926008611067,0.0,0.00102880658436214,0.006829268292682927,0.0010498687664041995
0.002515090543259557,0.0008269588587967748,0.0004914004914004914,0.0,0.0
0.0,0.00646551724137931,0.0004914004914004914,0.0273972602739726,0.0012755102040816326
0.002515090543259557,0.0008269588587967748,0.007407407407407408,0.004296455424274973,0.005443234836702955
0.0004783926008611067,0.0008269588587967748,0.0,0.004296455424274973,0.0010498687664041995
0.015655577299412915,0.0,0.0006265664160401002,0.0,0.0007446016381236039
0.015655577299412915,0.0008269588587967748,0.012727272727272728,0.0010878433505575197,0.0
0.002515090543259557,0.0069767441860465115,0.0012448132780082987,0.0018726591760299626,0.0012755102040816326
0.0004783926008611067,0.0,0.007407407407407408,0.0,0.0
0.006369426751592357,0.0,0.0,0.0,0.0
0.0,0.01702127659574468,0.0012448132780082987,0.0,0.0
0.002515090543259557,0.0,0.0012448132780082987,0.0,0.005443234836702955
0.015655577299412915,0.0009532888465204957,0.00102880658436214,0.006829268292682927,0.007099391480730223
0.0004783926008611067,0.0,0.0012448132780082987,0.0273972602739726,0.0010498687664041995
0.0,0.0,0.007407407407407408,0.0018726591760299626,0.015337423312883436
0.015655577299412915,0.0008269588587967748,0.0006265664160401002,0.0,0.0017667844522968198
0.0004783926008611067,0.025906735751295335,0.0006265664160401002,0.0,0.015337423312883436
0.015655577299412915,0.0,0.0012448132780082987,0.0,0.0007446016381236039
0.0004783926008611067,0.0009532888465204957,0.0,0.010514018691588784,0.007099391480730223
0.0,0.0,0.0,0.010514018691588784,0.0
0.0004783926008611067,0.0008269588587967748,0.0004914004914004914,0.002,0.0017667844522968198
0.015655577299412915,0.0,0.0,0.0018726591760299626,0.0010498687664041995
0.0,0.0,0.0006265664160401002,0.004296455424274973,0.0
0.0,0.025906735751295335,0.0004914004914004914,0.010514018691588784,0.0010498687664041995
0.0004783926008611067,0.0009532888465204957,0.0006265664160401002,0.0010878433505575197,0.0017667844522968198
0.0004783926008611067,0.00646551724137931,0.0,0.0,0.005443234836702955
0.0,0.0008269588587967748,0.0,0.0018726591760299626,0.0010498687664041995
0.002560819462227913,0.0009532888465204957,0.012727272727272728,0.0010878433505575197,0.0
0.0004783926008611067,0.0008269588587967748,0.0012448132780082987,0.0010878433505575197,0.0010498687664041995
0.0004783926008611067,0.0009532888465204957,0.0,0.0,0.0007446016381236039
0.0,0.0009532888465204957,0.0,0.010514018691588784,0.0
0.0,0.0,0.0,0.0,0.0
0.0,0.0,0.007407407407407408,0.004296455424274973,0.03571428571428571
0.0004783926008611067,0.0,0.0006265664160401002,0.0010878433505575197,0.0
0.002515090543259557,0.0,0.012727272727272728,0.004296455424274973,0.015337423312883436
0.0004783926008611067,0.0009532888465204957,0.012727272727272728,0.0,0.0
0.0,0.0009532888465204957,0.0012448132780082987,0.0018726591760299626,0.0
0.0,0.0,0.0,0.0010878433505575197,0.0010498687664041995
0.002560819462227913,0.0008269588587967748,0.0012448132780082987,0.0010878433505575197,0.0010498687664041995
0.0004783926008611067,0.0,0.0004914004914004914,0.0010878433505575197,0.007099391480730223
0.0033613445378151263,0.0009532888465204957,0.00102880658436214,0.0,0.005443234836702955
0.0,0.00815494393476045,0.0,0.0,0.0007446016381236039
0.002515090543259557,0.0008269588587967748,0.0,0.004296455424274973,0.0010498687664041995
0.0004783926008611067,0.0009532888465204957,0.0004914004914004914,0.006829268292682927,0.005443234836702955
0.002515090543259557,0.0,0.0,0.0010878433505575197,0.0010498687664041995
0.0,0.00646551724137931,0.0004914004914004914,0.003134796238244514,0.0
0.0004783926008611067,0.00646551724137931,0.0012448132780082987,0.0,0.02258064516129032
0.002560819462227913,0.0009532888465204957,0.0004914004914004914,0.010514018691588784,0.005443234836702955
0.0004783926008611067,0.0,0.0004914004914004914,0.006829268292682927,0.0
0.0004783926008611067,0.0,0.0,0.0,0.0012755102040816326
0.002515090543259557,0.0009532888465204957,0.0012448132780082987,0.0010878433505575197,0.0017667844522968198
0.0004783926008611067,0.00815494393476045,0.0006265664160401002,0.0,0.0
0.0033613445378151263,0.0008269588587967748,0.0,0.003134796238244514,0.015337423312883436
0.0004783926008611067,0.0,0.0012448132780082987,0.0018726591760299626,0.0
0.0004783926008611067,0.00815494393476045,0.007407407407407408,0.004296455424274973,0.0007446016381236039
0.0004783926008611067,0.0008269588587967748,0.0006265664160401002,0.0010878433505575197,0.0
0.015655577299412915,0.0009532888465204957,0.0012448132780082987,0.0010878433505575197,0.0
0.0004783926008611067,0.0009532888465204957,0.0012448132780082987,0.0010878433505575197,0.0017667844522968198
0.015655577299412915,0.0008269588587967748,0.00102880658436214,0.0,0.0
0.0004783926008611067,0.00815494393476045,0.0,0.0,0.0027397260273972603
0.0004783926008611067,0.00815494393476045,0.0006265664160401002,0.0,0.005443234836702955
0.0004783926008611067,0.0,0.0012448132780082987,0.010514018691588784,0.0010498687664041995
0.002515090543259557,0.0008269588587967748,0.0,0.0,0.0010498687664041995
0.002515090543259557,0.00815494393476045,0.012727272727272728,0.0010878433505575197,0.015337423312883436
0.0004783926008611067,0.0008269588587967748,0.00102880658436214,0.004296455424274973,0.0012755102040816326
0.0004783926008611067,0.0,0.0006265664160401002,0.010514018691588784,0.0
0.002515090543259557,0.0009532888465204957,0.0004914004914004914,0.0010878433505575197,0.0012755102040816326
0.002560819462227913,0.0,0.0012448132780082987,0.010514018691588784,0.0010498687664041995
0.0004783926008611067,0.0069767441860465115,0.007407407407407408,0.0,0.0
0.0004783926008611067,0.0008269588587967748,0.0,0.0,0.015337423312883436
0.0004783926008611067,0.0008269588587967748,0.0006265664160401002,0.0010878433505575197,0.0007446016381236039
0.0004783926008611067,0.0008269588587967748,0.0004914004914004914,0.0,0.007099391480730223
0.0,0.00646551724137931,0.0004914004914004914,0.010514018691588784,0.007099391480730223
0.0,0.0008269588587967748,0.0,0.0,0.0007446016381236039
0.002515090543259557,0.0008269588587967748,0.0,0.002,0.005443234836702955
0.0004783926008611067,0.0,0.007407407407407408,0.004296455424274973,0.005443234836702955
0.0,0.0069767441860465115,0.0012448132780082987,0.0010878433505575197,0.0
0.0004783926008611067,0.0008269588587967748,0.012727272727272728,0.0018726591760299626,0.0010498687664041995
0.0004783926008611067,0.0,0.022857142857142857,0.0,0.0027397260273972603
0.0004783926008611067,0.0008269588587967748,0.0006265664160401002,0.006829268292682927,0.0
0.0004783926008611067,0.0008269588587967748,0.0,0.0010878433505575197,0.0012755102040816326
0.0,0.0008269588587967748,0.0,0.004296455424274973,0.015337423312883436
0.015655577299412915,0.0,0.0,0.0,0.0017667844522968198
0.0004783926008611067,0.0,0.0,0.0010878433505575197,0.0010498687664041995
0.0004783926008611067,0.00646551724137931,0.00102880658436214,0.0010878433505575197,0.0010498687664041995
0.0033613445378151263,0.0008269588587967748,0.0,0.0010878433505575197,0.0
0.0004783926008611067,0.01702127659574468,0.0,0.0010878433505575197,0.02258064516129032
0.002515090543259557,0.0008269588587967748,0.0006265664160401002,0.010514018691588784,0.0
0.0004783926008611067,0.0008269588587967748,0.00102880658436214,0.010514018691588784,0.0010498687664041995
0.006369426751592357,0.0008269588587967748,0.0,0.0018726591760299626,0.0010498687664041995
0.0004783926008611067,0.0,0.0,0.0,0.0017667844522968198
0.006369426751592357,0.0,0.0006265664160401002,0.003134796238244514,0.0
0.0,0.0008269588587967748,0.0,0.0010878433505575197,0.0010498687664041995
0.002560819462227913,0.0069767441860465115,0.0012448132780082987,0.0010878433505575197,0.0010498687664041995
0.0004783926008611067,0.0,0.0,0.0,0.0007446016381236039
0.0,0.0008269588587967748,0.0012448132780082987,0.0018726591760299626,0.0027397260273972603
0.015655577299412915,0.00815494393476045,0.0,0.0,0.0010498687664041995
0.0,0.0069767441860465115,0.007407407407407408,0.003134796238244514,0.005443234836702955
0.0004783926008611067,0.0009532888465204957,0.0004914004914004914,0.0,0.0010498687664041995
0.002515090543259557,0.0009532888465204957,0.00102880658436214,0.0,0.0010498687664041995
0.0004783926008611067,0.00815494393476045,0.0006265664160401002,0.0,0.0
0.0,0.0,0.007407407407407408,0.0,0.0
0.002515090543259557,0.0009532888465204957,0.0,0.038461538461538464,0.0010498687664041995
0.0,0.0008269588587967748,0.007407407407407408,0.0010878433505575197,0.0012755102040816326
0.0,0.00815494393476045,0.0004914004914004914,0.0010878433505575197,0.0
0.0,0.0,0.022857142857142857,0.0,0.007099391480730223
0.0004783926008611067,0.0,0.007407407407407408,0.0018726591760299626,0.0
0.0004783926008611067,0.0008269588587967748,0.0,0.0010878433505575197,0.02258064516129032
0.002515090543259557,0.0008269588587967748,0.0004914004914004914,0.006829268292682927,0.007099391480730223
0.0004783926008611067,0.0008269588587967748,0.0,0.0010878433505575197,0.0
0.0004783926008611067,0.0,0.0012448132780082987,0.0010878433505575197,0.005443234836702955
0.0004783926008611067,0.0008269588587967748,0.0006265664160401002,0.0,0.005443234836702955
0.02915572194367895,0.0008269588587967748,0.0,0.004296455424274973,0.0010498687664041995
0.002560819462227913,0.0008269588587967748,0.0006265664160401002,0.0010878433505575197,0.0
0.015655577299412915,0.0009532888465204957,0.0,0.0010878433505575197,0.0027397260273972603
0.002560819462227913,0.0008269588587967748,0.0,0.0,0.005443234836702955
0.0004783926008611067,0.0,0.0,0.0010878433505575197,0.0010498687664041995
0.0004783926008611067,0.0,0.0012448132780082987,0.0010878433505575197,0.0
0.0033613445378151263,0.0008269588587967748,0.0,0.0,0.0
0.0,0.0,0.0006265664160401002,0.0,0.0
0.002515090543259557,0.0069767441860465115,0.0,0.0010878433505575197,0.0
0.0,0.0009532888465204957,0.007407407407407408,0.0010878433505575197,0.005443234836702955
0.002515090543259557,0.0,0.0,0.0,0.007099391480730223
0.002515090543259557,0.0,0.0006265664160401002,0.0,0.0010498687664041995
0.0,0.0009532888465204957,0.0,0.0,0.0010498687664041995
0.002560819462227913,0.0069767441860465115,0.0,0.0010878433505575197,0.0
0.006369426751592357,0.00646551724137931,0.0006265664160401002,0.0,0.0
0.015655577299412915,0.0008269588587967748,0.0,0.004296455424274973,0.0
0.0004783926008611067,0.0008269588587967748,0.0004914004914004914,0.002,0.0010498687664041995
0.002515090543259557,0.0008269588587967748,0.00102880658436214,0.0010878433505575197,0.0017667844522968198
0.015655577299412915,0.0,0.0,0.0010878433505575197,0.005443234836702955
0.002515090543259557,0.0069767441860465115,0.0,0.0,0.0007446016381236039
0.03225806451612903,0.0069767441860465115,0.007407407407407408,0.0010878433505575197,0.0
0.0004783926008611067,0.00815494393476045,0.0004914004914004914,0.0010878433505575197,0.007099391480730223
0.0004783926008611067,0.0,0.022857142857142857,0.0018726591760299626,0.0
0.002515090543259557,0.0008269588587967748,0.0,0.0010878433505575197,0.0007446016381236039
0.0004783926008611067,0.0,0.00102880658436214,0.0,0.0
0.006369426751592357,0.0,0.00102880658436214,0.010514018691588784,0.0
0.0004783926008611067,0.0,0.0012448132780082987,0.010514018691588784,0.015337423312883436
0.002515090543259557,0.0,0.007407407407407408,0.0010878433505575197,0.0010498687664041995
0.0004783926008611067,0.0,0.007407407407407408,0.002,0.02258064516129032
0.0004783926008611067,0.0008269588587967748,0.0012448132780082987,0.004296455424274973,0.0
0.0004783926008611067,0.0069767441860465115,0.0006265664160401002,0.010514018691588784,0.0010498687664041995
0.002560819462227913,0.0009532888465204957,0.0004914004914004914,0.0018726591760299626,0.007099391480730223
0.015655577299412915,0.0,0.0012448132780082987,0.004296455424274973,0.0027397260273972603
0.015655577299412915,0.0,0.0012448132780082987,0.0,0.0
0.002515090543259557,0.00646551724137931,0.007407407407407408,0.004296455424274973,0.0012755102040816326
0.0033613445378151263,0.0008269588587967748,0.0004914004914004914,0.0,0.0
0.015655577299412915,0.0008269588587967748,0.0004914004914004914,0.004296455424274973,0.0010498687664041995
0.015655577299412915,0.00646551724137931,0.00102880658436214,0.0,0.005443234836702955
0.0,0.0008269588587967748,0.0,0.0,0.0027397260273972603
0.015655577299412915,0.0009532888465204957,0.0,0.0010878433505575197,0.0017667844522968198
0.0004783926008611067,0.0009532888465204957,0.0,0.0,0.0007446016381236039
0.0,0.0008269588587967748,0.0,0.0,0.005443234836702955
0.0004783926008611067,0.0,0.0,0.0010878433505575197,0.005443234836702955
0.0004783926008611067,0.0008269588587967748,0.0012448132780082987,0.006829268292682927,0.0
0.002560819462227913,0.00815494393476045,0.007407407407407408,0.0,0.0
0.002515090543259557,0.00646551724137931,0.010050251256281407,0.0,0.0
0.0004783926008611067,0.0,0.0,0.0,0.0010498687664041995
0.0,0.0008269588587967748,0.0012448132780082987,0.006829268292682927,0.0
0.0,0.0009532888465204957,0.0004914004914004914,0.010514018691588784,0.007099391480730223
0.006369426751592357,0.0009532888465204957,0.0004914004914004914,0.006829268292682927,0.015337423312883436
0.0004783926008611067,0.0008269588587967748,0.0,0.0,0.0012755102040816326
0.0,0.0008269588587967748,0.007407407407407408,0.0,0.005443234836702955
0.0004783926008611067,0.00815494393476045,0.0,0.0,0.0007446016381236039
0.0,0.0008269588587967748,0.0,0.0010878433505575197,0.0010498687664041995
0.0,0.0009532888465204957,0.0012448132780082987,0.0010878433505575197,0.0010498687664041995
0.0004783926008611067,0.0,0.007407407407407408,0.0,0.0
0.002515090543259557,0.0,0.0,0.0,0.015337423312883436
0.0004783926008611067,0.0,0.0012448132780082987,0.0,0.005443234836702955
0.0004783926008611067,0.0008269588587967748,0.0006265664160401002,0.0010878433505575197,0.0007446016381236039
0.0004783926008611067,0.0009532888465204957,0.0,0.0010878433505575197,0.0
0.002515090543259557,0.0,0.0,0.0010878433505575197,0.0012755102040816326
0.015655577299412915,0.00646551724137931,0.012727272727272728,0.0,0.0017667844522968198
0.0,0.0,0.00102880658436214,0.0018726591760299626,0.0010498687664041995
0.0004783926008611067,0.0009532888465204957,0.0004914004914004914,0.004296455424274973,0.0010498687664041995
0.002515090543259557,0.0009532888465204957,0.0004914004914004914,0.0010878433505575197,0.0010498687664041995
0.0004783926008611067,0.0008269588587967748,0.0012448132780082987,0.004296455424274973,0.0010498687664041995
0.002515090543259557,0.00646551724137931,0.012727272727272728,0.0018726591760299626,0.0012755102040816326
0.002515090543259557,0.0008269588587967748,0.0012448132780082987,0.0,0.0010498687664041995
0.0004783926008611067,0.0008269588587967748,0.00102880658436214,0.0018726591760299626,0.007099391480730223
0.0,0.0009532888465204957,0.007407407407407408,0.0,0.0010498687664041995
0.0033613445378151263,0.0,0.0012448132780082987,0.0010878433505575197,0.0
0.0004783926008611067,0.0008269588587967748,0.0,0.004296455424274973,0.0
0.0004783926008611067,0.0009532888465204957,0.0012448132780082987,0.0018726591760299626,0.0
0.015655577299412915,0.0008269588587967748,0.0,0.0,0.005443234836702955
0.0,0.0008269588587967748,0.0,0.004296455424274973,0.0010498687664041995
0.015655577299412915,0.0009532888465204957,0.007407407407407408,0.0,0.005443234836702955
0.015655577299412915,0.00646551724137931,0.0004914004914004914,0.006829268292682927,0.0
0.015655577299412915,0.0069767441860465115,0.0,0.0,0.007099391480730223
0.0004783926008611067,0.0,0.0006265664160401002,0.0,0.0
0.0,0.0008269588587967748,0.0,0.0,0.007099391480730223
0.0004783926008611067,0.0008269588587967748,0.007407407407407408,0.0010878433505575197,0.0
0.0,0.00815494393476045,0.0012448132780082987,0.004296455424274973,0.0010498687664041995
0.0004783926008611067,0.0,0.0,0.0,0.0027397260273972603
0.0004783926008611067,0.0,0.0,0.0,0.0
0.0004783926008611067,0.0,0.0,0.002,0.0010498687664041995
0.002560819462227913,0.0069767441860465115,0.00102880658436214,0.0,0.0
0.0004783926008611067,0.0008269588587967748,0.0,0.0010878433505575197,0.0007446016381236039
0.0004783926008611067,0.0008269588587967748,0.0,0.0,0.005443234836702955
0.0004783926008611067,0.0009532888465204957,0.0006265664160401002,0.0,0.0
0.0004783926008611067,0.00646551724137931,0.0006265664160401002,0.0,0.007099391480730223
0.006369426751592357,0.0008269588587967748,0.0012448132780082987,0.0010878433505575197,0.0007446016381236039
0.0004783926008611067,0.0008269588587967748,0.0,0.004296455424274973,0.005443234836702955
0.002515090543259557,0.00815494393476045,0.0,0.0,0.0010498687664041995
0.0,0.0,0.0,0.004296455424274973,0.0010498687664041995
0.0,0.0008269588587967748,0.0,0.0,0.0
0.0004783926008611067,0.0008269588587967748,0.0012448132780082987,0.006829268292682927,0.0010498687664041995
0.0,0.0009532888465204957,0.0,0.0010878433505575197,0.0
0.0,0.0008269588587967748,0.0006265664160401002,0.0010878433505575197,0.0
0.0004783926008611067,0.0009532888465204957,0.0,0.0010878433505575197,0.0010498687664041995
0.015655577299412915,0.0,0.0004914004914004914,0.010514018691588784,0.0007446016381236039
0.002515090543259557,0.0069767441860465115,0.0012448132780082987,0.004296455424274973,0.0
0.0004783926008611067,0.0008269588587967748,0.0006265664160401002,0.0010878433505575197,0.0010498687664041995
0.0,0.0009532888465204957,0.0,0.0,0.0027397260273972603
0.002515090543259557,0.0009532888465204957,0.0006265664160401002,0.0,0.0010498687664041995
0.0004783926008611067,0.0,0.0004914004914004914,0.0,0.02258064516129032
0.0004783926008611067,0.0009532888465204957,0.0004914004914004914,0.0010878433505575197,0.0012755102040816326
0.0,0.0008269588587967748,0.0006265664160401002,0.006829268292682927,0.0010498687664041995
0.0,0.0008269588587967748,0.007407407407407408,0.0018726591760299626,0.0012755102040816326
0.006369426751592357,0.0,0.0,0.004296455424274973,0.0010498687664041995
0.0004783926008611067,0.0069767441860465115,0.0012448132780082987,0.0018726591760299626,0.0010498687664041995
0.0004783926008611067,0.00646551724137931,0.0004914004914004914,0.004296455424274973,0.015337423312883436
0.002560819462227913,0.00815494393476045,0.0004914004914004914,0.004296455424274973,0.0012755102040816326
0.0004783926008611067,0.0,0.0,0.0,0.0017667844522968198
0.002515090543259557,0.0009532888465204957,0.0,0.0010878433505575197,0.0010498687664041995
0.0,0.0,0.0012448132780082987,0.0,0.0010498687664041995
0.0033613445378151263,0.025906735751295335,0.022857142857142857,0.0,0.02258064516129032
0.0004783926008611067,0.0,0.0004914004914004914,0.0018726591760299626,0.0
0.0004783926008611067,0.0008269588587967748,0.0,0.0010878433505575197,0.0010498687664041995
0.0,0.0,0.0,0.0010878433505575197,0.0017667844522968198
0.0004783926008611067,0.0069767441860465115,0.0,0.006829268292682927,0.0010498687664041995
0.0033613445378151263,0.0008269588587967748,0.0,0.004296455424274973,0.0010498687664041995
0.015655577299412915,0.0008269588587967748,0.0004914004914004914,0.004296455424274973,0.0
0.0004783926008611067,0.0,0.0012448132780082987,0.0,0.0007446016381236039
0.0004783926008611067,0.0069767441860465115,0.0006265664160401002,0.0010878433505575197,0.005443234836702955
0.0004783926008611067,0.0008269588587967748,0.007407407407407408,0.006829268292682927,0.0
0.0,0.0008269588587967748,0.0004914004914004914,0.0,0.0007446016381236039
0.0,0.0,0.0,0.004296455424274973,0.007099391480730223
0.002560819462227913,0.0008269588587967748,0.0,0.0018726591760299626,0.0007446016381236039
0.0,0.0009532888465204957,0.00102880658436214,0.0010878433505575197,0.0027397260273972603
0.002515090543259557,0.0069767441860465115,0.0,0.004296455424274973,0.007099391480730223
0.002515090543259557,0.0008269588587967748,0.0004914004914004914,0.010514018691588784,0.005443234836702955
0.002515090543259557,0.0069767441860465115,0.0,0.004296455424274973,0.0017667844522968198
0.0,0.00815494393476045,0.0,0.0010878433505575197,0.0007446016381236039
0.0004783926008611067,0.00646551724137931,0.007407407407407408,0.0,0.0
0.0004783926008611067,0.0,0.0,0.006829268292682927,0.0010498687664041995
0.0004783926008611067,0.0008269588587967748,0.022857142857142857,0.0,0.0
0.0004783926008611067,0.0,0.0012448132780082987,0.0010878433505575197,0.0
0.0004783926008611067,0.0008269588587967748,0.007407407407407408,0.0010878433505575197,0.0012755102040816326
0.0004783926008611067,0.0069767441860465115,0.012727272727272728,0.0,0.005443234836702955
0.0004783926008611067,0.0008269588587967748,0.0012448132780082987,0.0,0.0010498687664041995
0.0,0.0,0.00102880658436214,0.004296455424274973,0.0010498687664041995
0.0,0.0008269588587967748,0.0012448132780082987,0.0,0.007099391480730223
0.0,0.0008269588587967748,0.0,0.004296455424274973,0.005443234836702955
0.015655577299412915,0.0008269588587967748,0.0,0.0,0.0010498687664041995
0.0004783926008611067,0.0008269588587967748,0.00102880658436214,0.0018726591760299626,0.005443234836702955
0.0033613445378151263,0.0009532888465204957,0.007407407407407408,0.0,0.0010498687664041995
0.002515090543259557,0.0,0.0012448132780082987,0.0,0.0007446016381236039
0.0,0.0,0.0,0.002,0.0010498687664041995
0.015655577299412915,0.0,0.0,0.0,0.0010498687664041995
0.002560819462227913,0.0008269588587967748,0.004705882352941176,0.0010878433505575197,0.0010498687664041995
0.0004783926008611067,0.0,0.00102880658436214,0.002,0.005443234836702955
0.002515090543259557,0.0009532888465204957,0.0004914004914004914,0.0010878433505575197,0.0010498687664041995
0.0,0.0,0.0012448132780082987,0.0273972602739726,0.0
0.0004783926008611067,0.0008269588587967748,0.0012448132780082987,0.0010878433505575197,0.0
0.0004783926008611067,0.0,0.0006265664160401002,0.0,0.0007446016381236039
0.0,0.0069767441860465115,0.012727272727272728,0.0018726591760299626,0.0
0.0004783926008611067,0.0009532888465204957,0.0004914004914004914,0.0018726591760299626,0.005443234836702955
0.002515090543259557,0.0069767441860465115,0.0012448132780082987,0.0,0.0010498687664041995
0.002560819462227913,0.0008269588587967748,0.0006265664160401002,0.006829268292682927,0.0
0.0004783926008611067,0.0,0.0006265664160401002,0.0010878433505575197,0.015337423312883436
0.0004783926008611067,0.00646551724137931,0.00102880658436214,0.006829268292682927,0.0007446016381236039
0.0004783926008611067,0.025906735751295335,0.0006265664160401002,0.0010878433505575197,0.0
0.0,0.0,0.0004914004914004914,0.0,0.0012755102040816326
0.0004783926008611067,0.0008269588587967748,0.0006265664160401002,0.0010878433505575197,0.0
0.0,0.0,0.007407407407407408,0.0010878433505575197,0.0
0.0,0.0008269588587967748,0.0006265664160401002,0.0273972602739726,0.0012755102040816326
0.0,0.0008269588587967748,0.0,0.004296455424274973,0.0017667844522968198
0.0004783926008611067,0.0008269588587967748,0.0012448132780082987,0.006829268292682927,0.015337423312883436
0.0004783926008611067,0.00646551724137931,0.0,0.0,0.0010498687664041995
0.0004783926008611067,0.0008269588587967748,0.0,0.0,0.0012755102040816326
0.002560819462227913,0.0,0.0006265664160401002,0.0010878433505575197,0.0010498687664041995
0.015655577299412915,0.00815494393476045,0.0012448132780082987,0.0010878433505575197,0.0012755102040816326
0.0,0.0008269588587967748,0.022857142857142857,0.003134796238244514,0.0
0.0,0.0,0.004705882352941176,0.0010878433505575197,0.03571428571428571
0.015655577299412915,0.0008269588587967748,0.0004914004914004914,0.0010878433505575197,0.0
0.0004783926008611067,0.01702127659574468,0.0,0.0,0.0
0.0,0.025906735751295335,0.004705882352941176,0.0,0.0017667844522968198
0.0004783926008611067,0.0008269588587967748,0.0012448132780082987,0.0,0.0
0.0004783926008611067,0.0009532888465204957,0.010050251256281407,0.0,0.0
0.0004783926008611067,0.0,0.0012448132780082987,0.0010878433505575197,0.005443234836702955
0.0,0.0008269588587967748,0.00102880658436214,0.0010878433505575197,0.0010498687664041995
0.006369426751592357,0.0,0.0004914004914004914,0.0,0.0
0.002515090543259557,0.0008269588587967748,0.0,0.0,0.0
0.002515090543259557,0.0009532888465204957,0.0,0.0,0.0007446016381236039
0.0004783926008611067,0.0,0.0,0.038461538461538464,0.0017667844522968198
0.0,0.0,0.0012448132780082987,0.010514018691588784,0.0007446016381236039
0.0004783926008611067,0.0,0.00102880658436214,0.002,0.11538461538461539
0.006369426751592357,0.0009532888465204957,0.012727272727272728,0.0,0.0010498687664041995
0.0004783926008611067,0.00815494393476045,0.0004914004914004914,0.010514018691588784,0.0010498687664041995
0.002515090543259557,0.0009532888465204957,0.0012448132780082987,0.0018726591760299626,0.0010498687664041995
0.0,0.0008269588587967748,0.007407407407407408,0.0,0.0
0.0004783926008611067,0.0008269588587967748,0.007407407407407408,0.0,0.0
0.0,0.0008269588587967748,0.0,0.0,0.0
0.0,0.025906735751295335,0.0,0.002,0.0
0.0,0.0,0.0012448132780082987,0.0,0.0
0.0004783926008611067,0.0,0.007407407407407408,0.0018726591760299626,0.0010498687664041995
0.0,0.0008269588587967748,0.0012448132780082987,0.006829268292682927,0.02258064516129032
0.0004783926008611067,0.0069767441860465115,0.0012448132780082987,0.004296455424274973,0.0
0.0004783926008611067,0.0008269588587967748,0.0,0.0010878433505575197,0.0007446016381236039
0.0004783926008611067,0.0,0.0006265664160401002,0.0010878433505575197,0.005443234836702955
0.0004783926008611067,0.0009532888465204957,0.0,0.0010878433505575197,0.0017667844522968198
0.0004783926008611067,0.00646551724137931,0.010050251256281407,0.004296455424274973,0.0
0.0004783926008611067,0.00646551724137931,0.00102880658436214,0.0,0.0010498687664041995
0.0004783926008611067,0.0,0.0004914004914004914,0.0,0.0010498687664041995
0.0004783926008611067,0.0008269588587967748,0.010050251256281407,0.004296455424274973,0.0
0.0004783926008611067,0.0008269588587967748,0.0,0.0010878433505575197,0.0010498687664041995
0.002515090543259557,0.0009532888465204957,0.012727272727272728,0.0,0.0
0.002515090543259557,0.00646551724137931,0.0012448132780082987,0.0010878433505575197,0.007099391480730223
0.0,0.0008269588587967748,0.0,0.0010878433505575197,0.0027397260273972603
0.0,0.0008269588587967748,0.0012448132780082987,0.0010878433505575197,0.0
0.015655577299412915,0.0,0.0004914004914004914,0.0010878433505575197,0.0
0.002515090543259557,0.0,0.007407407407407408,0.0,0.0
0.002560819462227913,0.0,0.007407407407407408,0.004296455424274973,0.0
0.0004783926008611067,0.0,0.0004914004914004914,0.0,0.0
0.0004783926008611067,0.0008269588587967748,0.0006265664160401002,0.010514018691588784,0.0007446016381236039
0.0004783926008611067,0.0008269588587967748,0.00102880658436214,0.004296455424274973,0.02258064516129032
0.015655577299412915,0.0008269588587967748,0.0012448132780082987,0.006829268292682927,0.007099391480730223
0.0004783926008611067,0.0009532888465204957,0.0,0.0010878433505575197,0.015337423312883436
0.0004783926008611067,0.00815494393476045,0.007407407407407408,0.0,0.0007446016381236039
0.002515090543259557,0.0,0.0,0.0,0.0
0.0,0.0008269588587967748,0.022857142857142857,0.0,0.005443234836702955
0.006369426751592357,0.0008269588587967748,0.00102880658436214,0.004296455424274973,0.0010498687664041995
0.0,0.0008269588587967748,0.00102880658436214,0.0,0.0007446016381236039
0.002560819462227913,0.0009532888465204957,0.0,0.0,0.005443234836702955
0.0,0.0008269588587967748,0.0,0.0,0.0010498687664041995
0.0,0.0,0.004705882352941176,0.0,0.0010498687664041995
0.0,0.0008269588587967748,0.0,0.0010878433505575197,0.0010498687664041995
0.006369426751592357,0.0009532888465204957,0.007407407407407408,0.010514018691588784,0.0
0.0,0.0069767441860465115,0.0,0.010514018691588784,0.0027397260273972603
0.0004783926008611067,0.0,0.0,0.0,0.0
0.0,0.0069767441860465115,0.00102880658436214,0.0,0.0
0.0,0.0,0.0004914004914004914,0.010514018691588784,0.0
0.0,0.0008269588587967748,0.004705882352941176,0.0010878433505575197,0.0
0.006369426751592357,0.0,0.0004914004914004914,0.0,0.0010498687664041995
0.0004783926008611067,0.0008269588587967748,0.0012448132780082987,0.002,0.007099391480730223
0.0004783926008611067,0.00815494393476045,0.0012448132780082987,0.0,0.0007446016381236039
0.002515090543259557,0.0069767441860465115,0.0,0.004296455424274973,0.0
0.0,0.0008269588587967748,0.0,0.006829268292682927,0.005443234836702955
0.0004783926008611067,0.0008269588587967748,0.007407407407407408,0.010514018691588784,0.0
0.0004783926008611067,0.00815494393476045,0.010050251256281407,0.006829268292682927,0.0010498687664041995
0.002515090543259557,0.0008269588587967748,0.00102880658436214,0.0018726591760299626,0.0
0.0004783926008611067,0.0009532888465204957,0.004705882352941176,0.0010878433505575197,0.005443234836702955
0.0004783926008611067,0.0,0.007407407407407408,0.0,0.007099391480730223
0.0004783926008611067,0.0008269588587967748,0.0004914004914004914,0.0010878433505575197,0.005443234836702955
0.0,0.0,0.007407407407407408,0.0010878433505575197,0.0
0.0,0.0009532888465204957,0.0006265664160401002,0.0273972602739726,0.0007446016381236039
0.0004783926008611067,0.0069767441860465115,0.0,0.006829268292682927,0.0010498687664041995
0.0,0.0,0.0,0.006829268292682927,0.0
0.0033613445378151263,0.0008269588587967748,0.0006265664160401002,0.0,0.0
0.0,0.0008269588587967748,0.0012448132780082987,0.0,0.005443234836702955
0.0,0.0009532888465204957,0.0,0.0,0.0010498687664041995
0.0004783926008611067,0.0,0.0006265664160401002,0.0010878433505575197,0.0010498687664041995
0.0,0.0,0.0006265664160401002,0.0010878433505575197,0.0010498687664041995
0.015655577299412915,0.0,0.00102880658436214,0.0010878433505575197,0.0
0.002515090543259557,0.0,0.007407407407407408,0.0010878433505575197,0.0010498687664041995
0.0004783926008611067,0.0069767441860465115,0.0006265664160401002,0.010514018691588784,0.0
0.0004783926008611067,0.0,0.0,0.006829268292682927,0.0017667844522968198
0.0004783926008611067,0.00646551724137931,0.0012448132780082987,0.006829268292682927,0.007099391480730223
0.0,0.0,0.0012448132780082987,0.0010878433505575197,0.0010498687664041995
0.002515090543259557,0.0008269588587967748,0.0012448132780082987,0.0,0.007099391480730223
0.0,0.0,0.0012448132780082987,0.0,0.0010498687664041995
0.0004783926008611067,0.0,0.0012448132780082987,0.002,0.0010498687664041995
0.0004783926008611067,0.0,0.0006265664160401002,0.004296455424274973,0.0010498687664041995
0.015655577299412915,0.0009532888465204957,0.0012448132780082987,0.0,0.0
0.0004783926008611067,0.0008269588587967748,0.0,0.0,0.03571428571428571
0.0,0.0,0.007407407407407408,0.0,0.0012755102040816326
0.0,0.0,0.0006265664160401002,0.0010878433505575197,0.0
0.0,0.0,0.012727272727272728,0.0,0.0
0.0004783926008611067,0.025906735751295335,0.0004914004914004914,0.0,0.0
0.0004783926008611067,0.00646551724137931,0.0,0.0010878433505575197,0.0
0.002515090543259557,0.00646551724137931,0.0012448132780082987,0.002,0.0
0.002515090543259557,0.0009532888465204957,0.007407407407407408,0.0010878433505575197,0.0010498687664041995
0.015655577299412915,0.0008269588587967748,0.007407407407407408,0.006829268292682927,0.0
0.0004783926008611067,0.00646551724137931,0.004705882352941176,0.0018726591760299626,0.015337423312883436
0.0004783926008611067,0.0008269588587967748,0.010050251256281407,0.0010878433505575197,0.0027397260273972603
0.0,0.0,0.0004914004914004914,0.006829268292682927,0.005443234836702955
0.0004783926008611067,0.0,0.0,0.0010878433505575197,0.007099391480730223
0.015655577299412915,0.0009532888465204957,0.0012448132780082987,0.0,0.0012755102040816326
0.0,0.0008269588587967748,0.0006265664160401002,0.002,0.0
0.0,0.0008269588587967748,0.0006265664160401002,0.0,0.007099391480730223
0.0,0.0,0.046511627906976744,0.0,0.0
0.0,0.0,0.0004914004914004914,0.0010878433505575197,0.0012755102040816326
0.015655577299412915,0.0008269588587967748,0.0012448132780082987,0.004296455424274973,0.0
0.0033613445378151263,0.0008269588587967748,0.0,0.0010878433505575197,0.0007446016381236039
0.0004783926008611067,0.00646551724137931,0.0004914004914004914,0.0,0.0
0.002515090543259557,0.00646551724137931,0.0,0.0010878433505575197,0.0010498687664041995
0.0004783926008611067,0.0,0.0012448132780082987,0.0018726591760299626,0.0010498687664041995
0.0004783926008611067,0.0008269588587967748,0.0004914004914004914,0.0010878433505575197,0.0
0.0,0.00815494393476045,0.0,0.0,0.0010498687664041995
0.015655577299412915,0.0009532888465204957,0.022857142857142857,0.0,0.007099391480730223
0.0004783926008611067,0.00646551724137931,0.0006265664160401002,0.0010878433505575197,0.0010498687664041995
0.0004783926008611067,0.0009532888465204957,0.007407407407407408,0.0,0.0010498687664041995
0.0004783926008611067,0.0008269588587967748,0.0,0.0,0.005443234836702955
0.0004783926008611067,0.0008269588587967748,0.0,0.0,0.0007446016381236039
0.0033613445378151263,0.0008269588587967748,0.0,0.0,0.0007446016381236039
0.006369426751592357,0.0008269588587967748,0.0012448132780082987,0.0,0.0
0.0004783926008611067,0.0008269588587967748,0.0012448132780082987,0.0010878433505575197,0.0
0.0004783926008611067,0.0008269588587967748,0.00102880658436214,0.0010878433505575197,0.0007446016381236039
0.002515090543259557,0.0008269588587967748,0.0,0.0,0.0
0.0004783926008611067,0.0,0.0,0.004296455424274973,0.0012755102040816326
0.0033613445378151263,0.0,0.012727272727272728,0.0,0.0
0.002515090543259557,0.0008269588587967748,0.0,0.0010878433505575197,0.015337423312883436
0.002515090543259557,0.00646551724137931,0.0004914004914004914,0.0010878433505575197,0.0007446016381236039
0.0004783926008611067,0.0008269588587967748,0.00102880658436214,0.0010878433505575197,0.0
0.006369426751592357,0.0009532888465204957,0.0012448132780082987,0.0018726591760299626,0.0027397260273972603
0.0004783926008611067,0.0069767441860465115,0.0006265664160401002,0.004296455424274973,0.005443234836702955
0.0004783926008611067,0.0008269588587967748,0.007407407407407408,0.0,0.0
0.0004783926008611067,0.0,0.0012448132780082987,0.004296455424274973,0.0
0.0004783926008611067,0.0,0.0012448132780082987,0.0,0.0
0.0,0.0,0.0006265664160401002,0.0,0.015337423312883436
0.0004783926008611067,0.0009532888465204957,0.0,0.010514018691588784,0.0010498687664041995
0.002515090543259557,0.0008269588587967748,0.0,0.010514018691588784,0.0007446016381236039
0.0,0.008850580272097062,0.007407407407407408,0.0010878433505575197,0.0
0.0004783926008611067,0.0008269588587967748,0.0,0.006829268292682927,0.0010498687664041995
0.0004783926008611067,0.0,0.0006265664160401002,0.0,0.005443234836702955
0.0004783926008611067,0.0008269588587967748,0.0,0.004296455424274973,0.0010498687664041995
0.002515090543259557,0.0009532888465204957,0.0004914004914004914,0.04023425369138248,0.0
0.0,0.0009532888465204957,0.0006265664160401002,0.0010878433505575197,0.0007446016381236039
0.0004783926008611067,0.0008269588587967748,0.007407407407407408,0.0,0.0017667844522968198
0.002560819462227913,0.0008269588587967748,0.00102880658436214,0.004296455424274973,0.0
0.0,0.0008269588587967748,0.0012448132780082987,0.0,0.0010498687664041995
0.0004783926008611067,0.0,0.0006265664160401002,0.0,0.0
0.015655577299412915,0.0008269588587967748,0.007407407407407408,0.004296455424274973,0.0
0.0,0.0,0.0012448132780082987,0.0,0.0010498687664041995
0.0,0.0008269588587967748,0.0,0.0,0.0007446016381236039
0.0033613445378151263,0.0008269588587967748,0.0006265664160401002,0.002,0.0010498687664041995
0.002515090543259557,0.0008269588587967748,0.0006265664160401002,0.0,0.0010498687664041995
0.0004783926008611067,0.0,0.0,0.004296455424274973,0.02258064516129032
0.0004783926008611067,0.0008269588587967748,0.012727272727272728,0.0,0.02258064516129032
0.0,0.0008269588587967748,0.0,0.0,0.0010498687664041995
0.0004783926008611067,0.0008269588587967748,0.0,0.0,0.0010498687664041995
0.015655577299412915,0.0,0.0012448132780082987,0.0,0.0010498687664041995
0.0004783926008611067,0.0008269588587967748,0.0006265664160401002,0.0,0.0
0.0004783926008611067,0.0,0.0012448132780082987,0.0,0.0010498687664041995
0.0,0.0009532888465204957,0.0,0.0010878433505575197,0.0
0.002515090543259557,0.00646551724137931,0.012727272727272728,0.0010878433505575197,0.007099391480730223
0.015655577299412915,0.0,0.00102880658436214,0.0010878433505575197,0.015337423312883436
0.0004783926008611067,0.0009532888465204957,0.0006265664160401002,0.0010878433505575197,0.0010498687664041995
0.0,0.0009532888465204957,0.0,0.006829268292682927,0.007099391480730223
0.0,0.0008269588587967748,0.007407407407407408,0.0,0.0
0.0004783926008611067,0.0008269588587967748,0.0,0.010514018691588784,0.0017667844522968198
0.0004783926008611067,0.0008269588587967748,0.0,0.0,0.0017667844522968198
0.002560819462227913,0.0,0.012727272727272728,0.0,0.0
0.015655577299412915,0.0008269588587967748,0.00102880658436214,0.004296455424274973,0.015337423312883436
0.006369426751592357,0.0,0.0004914004914004914,0.0010878433505575197,0.0007446016381236039
0.0004783926008611067,0.0008269588587967748,0.0004914004914004914,0.0010878433505575197,0.015337423312883436
0.002560819462227913,0.0009532888465204957,0.00102880658436214,0.010514018691588784,0.0027397260273972603
0.0,0.0069767441860465115,0.007407407407407408,0.006829268292682927,0.015337423312883436
0.002515090543259557,0.0,0.0012448132780082987,0.004296455424274973,0.0010498687664041995
0.0004783926008611067,0.0008269588587967748,0.0,0.0,0.0010498687664041995
0.015655577299412915,0.00815494393476045,0.022857142857142857,0.0018726591760299626,0.02258064516129032
0.015655577299412915,0.0,0.0012448132780082987,0.002,0.007099391480730223
0.0033613445378151263,0.0,0.00102880658436214,0.0010878433505575197,0.007099391480730223
0.0004783926008611067,0.0008269588587967748,0.0,0.0010878433505575197,0.0
0.0,0.0008269588587967748,0.0012448132780082987,0.0,0.0
0.0004783926008611067,0.0,0.012727272727272728,0.006829268292682927,0.0
0.002515090543259557,0.025906735751295335,0.0,0.0,0.007099391480730223
0.0,0.0008269588587967748,0.00102880658436214,0.0,0.005443234836702955
0.0004783926008611067,0.0008269588587967748,0.00102880658436214,0.0,0.0017667844522968198
0.0,0.0009532888465204957,0.0,0.0018726591760299626,0.02258064516129032
0.0004783926008611067,0.0,0.00102880658436214,0.0,0.0
0.05,0.0008269588587967748,0.0,0.0,0.005443234836702955
0.006369426751592357,0.00815494393476045,0.0,0.003134796238244514,0.0017667844522968198
0.0,0.025906735751295335,0.0,0.0010878433505575197,0.007099391480730223
0.0,0.0008269588587967748,0.0,0.0273972602739726,0.0
0.002560819462227913,0.0008269588587967748,0.0004914004914004914,0.0,0.0010498687664041995
0.015655577299412915,0.0,0.0004914004914004914,0.0,0.0
0.015655577299412915,0.0009532888465204957,0.0,0.0,0.0010498687664041995
0.002515090543259557,0.00815494393476045,0.007407407407407408,0.0,0.0
0.0,0.00646551724137931,0.0,0.006829268292682927,0.0
0.0,0.0009532888465204957,0.0,0.0,0.0
0.0004783926008611067,0.0,0.007407407407407408,0.0,0.0
0.002515090543259557,0.0,0.022857142857142857,0.0010878433505575197,0.0
0.0004783926008611067,0.0009532888465204957,0.0,0.0,0.0010498687664041995
0.0004783926008611067,0.0008269588587967748,0.0006265664160401002,0.0,0.005443234836702955
0.015655577299412915,0.0008269588587967748,0.0,0.006829268292682927,0.005443234836702955
0.0,0.0,0.00102880658436214,0.004296455424274973,0.005443234836702955
0.0004783926008611067,0.0008269588587967748,0.0006265664160401002,0.0010878433505575197,0.0010498687664041995
0.0004783926008611067,0.0009532888465204957,0.0012448132780082987,0.004296455424274973,0.0
0.0004783926008611067,0.0008269588587967748,0.0,0.0010878433505575197,0.015337423312883436
0.0004783926008611067,0.00646551724137931,0.0,0.0,0.0007446016381236039
0.0004783926008611067,0.0,0.0,0.004296455424274973,0.0007446016381236039
0.0033613445378151263,0.0,0.004705882352941176,0.0010878433505575197,0.0010498687664041995
0.0,0.0,0.0,0.0,0.0
0.0004783926008611067,0.00815494393476045,0.022857142857142857,0.038461538461538464,0.0012755102040816326
0.015655577299412915,0.0,0.0012448132780082987,0.003134796238244514,0.0
0.0004783926008611067,0.00815494393476045,0.0,0.0,0.015337423312883436
0.0033613445378151263,0.0008269588587967748,0.0004914004914004914,0.010514018691588784,0.0010498687664041995
0.0004783926008611067,0.0009532888465204957,0.0012448132780082987,0.0010878433505575197,0.0
0.002515090543259557,0.0,0.0,0.0,0.0007446016381236039
0.0,0.0008269588587967748,0.0,0.0,0.005443234836702955
0.006369426751592357,0.0,0.0,0.0,0.0007446016381236039
0.002560819462227913,0.00815494393476045,0.007407407407407408,0.0010878433505575197,0.015337423312883436
0.0004783926008611067,0.0,0.022857142857142857,0.002,0.005443234836702955
0.0004783926008611067,0.0008269588587967748,0.0,0.004296455424274973,0.0
0.0004783926008611067,0.0069767441860465115,0.00102880658436214,0.0,0.0
0.002515090543259557,0.0,0.0,0.0,0.005443234836702955
0.0004783926008611067,0.0,0.007407407407407408,0.004296455424274973,0.0010498687664041995
0.0,0.0,0.0,0.0,0.0010498687664041995
0.002515090543259557,0.0008269588587967748,0.0006265664160401002,0.0010878433505575197,0.0007446016381236039
0.0004783926008611067,0.0009532888465204957,0.0,0.0,0.015337423312883436
0.0004783926008611067,0.0008269588587967748,0.004705882352941176,0.0010878433505575197,0.0007446016381236039
0.002515090543259557,0.0,0.0004914004914004914,0.003134796238244514,0.015337423312883436
0.002515090543259557,0.00646551724137931,0.0004914004914004914,0.0,0.0010498687664041995
0.0004783926008611067,0.0,0.0,0.0,0.0010498687664041995
0.0004783926008611067,0.0009532888465204957,0.0,0.038461538461538464,0.0010498687664041995
0.015655577299412915,0.0,0.0,0.004296455424274973,0.0010498687664041995
0.0004783926008611067,0.0,0.0,0.0010878433505575197,0.02258064516129032
0.0,0.0009532888465204957,0.0012448132780082987,0.0010878433505575197,0.0
0.0033613445378151263,0.0008269588587967748,0.0,0.004296455424274973,0.0012755102040816326
0.015655577299412915,0.0,0.0004914004914004914,0.0,0.0010498687664041995
0.0004783926008611067,0.00815494393476045,0.007407407407407408,0.0010878433505575197,0.0007446016381236039
0.0004783926008611067,0.0,0.0,0.0010878433505575197,0.0007446016381236039
0.0,0.0008269588587967748,0.0012448132780082987,0.006829268292682927,0.007099391480730223
0.0004783926008611067,0.0,0.0,0.0,0.0010498687664041995
0.0,0.0008269588587967748,0.0,0.006829268292682927,0.007099391480730223
0.015655577299412915,0.025906735751295335,0.0,0.0,0.007099391480730223
0.0033613445378151263,0.0069767441860465115,0.0,0.004296455424274973,0.0017667844522968198
0.0,0.0008269588587967748,0.0004914004914004914,0.0010878433505575197,0.0010498687664041995
0.002515090543259557,0.0,0.0006265664160401002,0.006829268292682927,0.0010498687664041995
0.0004783926008611067,0.0,0.0012448132780082987,0.0010878433505575197,0.0017667844522968198
0.002560819462227913,0.0069767441860465115,0.0,0.0010878433505575197,0.0010498687664041995
0.0004783926008611067,0.0008269588587967748,0.0006265664160401002,0.002,0.0010498687664041995
0.015655577299412915,0.0008269588587967748,0.0,0.006829268292682927,0.0
0.0,0.0,0.007407407407407408,0.004296455424274973,0.0012755102040816326
0.0004783926008611067,0.0008269588587967748,0.00102880658436214,0.004296455424274973,0.02258064516129032
0.0004783926008611067,0.0,0.0004914004914004914,0.0018726591760299626,0.007099391480730223
0.0033613445378151263,0.0008269588587967748,0.0,0.0010878433505575197,0.0007446016381236039
0.006369426751592357,0.0009532888465204957,0.0,0.0010878433505575197,0.0
0.0004783926008611067,0.0009532888465204957,0.0012448132780082987,0.0010878433505575197,0.015337423312883436
0.0004783926008611067,0.00646551724137931,0.0012448132780082987,0.006829268292682927,0.0010498687664041995
0.006369426751592357,0.0069767441860465115,0.0,0.0,0.0
0.0004783926008611067,0.0008269588587967748,0.0012448132780082987,0.0,0.02258064516129032
0.0,0.0008269588587967748,0.0012448132780082987,0.003134796238244514,0.0010498687664041995
0.0004783926008611067,0.0009532888465204957,0.010050251256281407,0.003134796238244514,0.0
0.002560819462227913,0.0069767441860465115,0.0,0.0010878433505575197,0.0007446016381236039
0.002515090543259557,0.0,0.007407407407407408,0.0010878433505575197,0.0
0.0004783926008611067,0.00815494393476045,0.0004914004914004914,0.0,0.0010498687664041995
0.0004783926008611067,0.0,0.0012448132780082987,0.006829268292682927,0.0
0.0,0.0008269588587967748,0.0,0.0010878433505575197,0.0
0.002515090543259557,0.0,0.0006265664160401002,0.010514018691588784,0.0027397260273972603
0.0033613445378151263,0.0,0.0,0.0,0.0
0.002515090543259557,0.0008269588587967748,0.0,0.004296455424274973,0.0
0.0,0.0009532888465204957,0.007407407407407408,0.0,0.0027397260273972603
0.002515090543259557,0.0,0.0,0.0010878433505575197,0.0
0.0004783926008611067,0.0008269588587967748,0.0,0.0,0.0012755102040816326
0.002515090543259557,0.0,0.0,0.0018726591760299626,0.0010498687664041995
0.0,0.0,0.0004914004914004914,0.0010878433505575197,0.0
0.006369426751592357,0.00815494393476045,0.0004914004914004914,0.0,0.0017667844522968198
0.002515090543259557,0.0,0.0012448132780082987,0.0010878433505575197,0.0
0.0,0.0009532888465204957,0.0,0.004296455424274973,0.0
0.0004783926008611067,0.0008269588587967748,0.0012448132780082987,0.0010878433505575197,0.015337423312883436
0.0004783926008611067,0.00815494393476045,0.0,0.006829268292682927,0.0007446016381236039
0.0,0.0,0.0,0.0,0.0
0.0033613445378151263,0.0008269588587967748,0.0004914004914004914,0.010514018691588784,0.0
0.0004783926008611067,0.0008269588587967748,0.0004914004914004914,0.004296455424274973,0.0012755102040816326
0.002515090543259557,0.0008269588587967748,0.0012448132780082987,0.0010878433505575197,0.0
0.0004783926008611067,0.0009532888465204957,0.0,0.0273972602739726,0.0010498687664041995
0.002515090543259557,0.0008269588587967748,0.0004914004914004914,0.0,0.02258064516129032
0.002515090543259557,0.00646551724137931,0.007407407407407408,0.0010878433505575197,0.015337423312883436
0.0,0.00646551724137931,0.0006265664160401002,0.0,0.015337423312883436
0.0004783926008611067,0.0008269588587967748,0.0,0.006829268292682927,0.0007446016381236039
0.0,0.0008269588587967748,0.00102880658436214,0.0010878433505575197,0.0010498687664041995
0.0033613445378151263,0.0,0.012727272727272728,0.0010878433505575197,0.0007446016381236039
0.0004783926008611067,0.0,0.0,0.0010878433505575197,0.0012755102040816326
0.0,0.0008269588587967748,0.0,0.0010878433505575197,0.0017667844522968198
0.0,0.0,0.0,0.010514018691588784,0.0
0.0004783926008611067,0.0,0.0,0.006829268292682927,0.0
0.015655577299412915,0.0008269588587967748,0.0012448132780082987,0.0,0.0007446016381236039
0.002515090543259557,0.01702127659574468,0.004705882352941176,0.0010878433505575197,0.0
0.0033613445378151263,0.0008269588587967748,0.0,0.0,0.0010498687664041995
0.0,0.0008269588587967748,0.0,0.0010878433505575197,0.0007446016381236039
0.0,0.0,0.0,0.006829268292682927,0.0017667844522968198
0.002515090543259557,0.0009532888465204957,0.007407407407407408,0.004296455424274973,0.0010498687664041995
0.0,0.0,0.0,0.006829268292682927,0.0
0.0,0.00815494393476045,0.0,0.0,0.005443234836702955
0.0004783926008611067,0.0008269588587967748,0.0,0.004296455424274973,0.015337423312883436
0.0004783926008611067,0.0009532888465204957,0.0,0.010514018691588784,0.015337423312883436
0.0,0.0008269588587967748,0.004705882352941176,0.0,0.0010498687664041995
0.0004783926008611067,0.0,0.007407407407407408,0.0,0.0010498687664041995
0.0004783926008611067,0.0,0.0,0.0,0.0
0.0,0.0,0.007407407407407408,0.0,0.0010498687664041995
0.0004783926008611067,0.0009532888465204957,0.007407407407407408,0.010514018691588784,0.0
0.0,0.0008269588587967748,0.0004914004914004914,0.0,0.0007446016381236039
0.0004783926008611067,0.00815494393476045,0.0012448132780082987,0.010514018691588784,0.0010498687664041995
0.0,0.0008269588587967748,0.0004914004914004914,0.004296455424274973,0.0
0.002515090543259557,0.0009532888465204957,0.0012448132780082987,0.0,0.0012755102040816326
0.0,0.0,0.0,0.0010878433505575197,0.0
0.0,0.0008269588587967748,0.0012448132780082987,0.010514018691588784,0.015337423312883436
0.0,0.0008269588587967748,0.00102880658436214,0.0,0.0010498687664041995
0.0,0.00646551724137931,0.010050251256281407,0.0,0.007099391480730223
0.0004783926008611067,0.00815494393476045,0.007407407407407408,0.0,0.015337423312883436
0.0004783926008611067,0.0008269588587967748,0.0,0.003134796238244514,0.0
0.002560819462227913,0.025906735751295335,0.0006265664160401002,0.004296455424274973,0.0
0.0033613445378151263,0.0,0.0006265664160401002,0.006829268292682927,0.005443234836702955
0.015655577299412915,0.0008269588587967748,0.0012448132780082987,0.010514018691588784,0.0010498687664041995
0.0,0.00815494393476045,0.0012448132780082987,0.0010878433505575197,0.005443234836702955
0.0004783926008611067,0.0,0.010050251256281407,0.003134796238244514,0.0010498687664041995
0.015655577299412915,0.0,0.0006265664160401002,0.0,0.0
0.002560819462227913,0.0,0.007407407407407408,0.0,0.0010498687664041995
0.0004783926008611067,0.00646551724137931,0.0,0.0,0.015337423312883436
0.0004783926008611067,0.00646551724137931,0.0,0.002,0.0027397260273972603
0.0,0.0,0.007407407407407408,0.0,0.0
0.0,0.0,0.004705882352941176,0.0,0.0
0.0004783926008611067,0.0,0.007407407407407408,0.0,0.0007446016381236039
0.0,0.0009532888465204957,0.0,0.0,0.0010498687664041995
0.006369426751592357,0.0069767441860465115,0.0,0.0018726591760299626,0.0012755102040816326
0.002515090543259557,0.0008269588587967748,0.0004914004914004914,0.0010878433505575197,0.0
0.002560819462227913,0.0009532888465204957,0.0,0.0,0.0
0.0,0.025906735751295335,0.0012448132780082987,0.004296455424274973,0.0
0.002515090543259557,0.0,0.0,0.006829268292682927,0.007099391480730223
0.0004783926008611067,0.0008269588587967748,0.0,0.0018726591760299626,0.0
0.0004783926008611067,0.0,0.007407407407407408,0.003134796238244514,0.005443234836702955
0.002515090543259557,0.0009532888465204957,0.007407407407407408,0.0018726591760299626,0.0010498687664041995
0.0004783926008611067,0.0,0.0012448132780082987,0.006829268292682927,0.0007446016381236039
0.002515090543259557,0.0008269588587967748,0.0,0.0,0.0027397260273972603
0.015655577299412915,0.0008269588587967748,0.0,0.0010878433505575197,0.0010498687664041995
0.0004783926008611067,0.0008269588587967748,0.007407407407407408,0.0,0.0
0.0004783926008611067,0.0008269588587967748,0.0006265664160401002,0.004296455424274973,0.0007446016381236039
0.002560819462227913,0.0009532888465204957,0.007407407407407408,0.0010878433505575197,0.0010498687664041995
0.0,0.0,0.012727272727272728,0.0010878433505575197,0.0010498687664041995
0.0004783926008611067,0.0069767441860465115,0.022857142857142857,0.0010878433505575197,0.0
0.0004783926008611067,0.0008269588587967748,0.007407407407407408,0.004296455424274973,0.0
0.0033613445378151263,0.0,0.0012448132780082987,0.0,0.02258064516129032
0.0004783926008611067,0.0,0.0,0.006829268292682927,0.0010498687664041995
0.0004783926008611067,0.0009532888465204957,0.0,0.0010878433505575197,0.0007446016381236039
0.0004783926008611067,0.0069767441860465115,0.0004914004914004914,0.0,0.0010498687664041995
0.0,0.0009532888465204957,0.0006265664160401002,0.010514018691588784,0.0010498687664041995
0.002515090543259557,0.0008269588587967748,0.00102880658436214,0.0,0.0
0.0004783926008611067,0.0008269588587967748,0.0012448132780082987,0.0,0.0012755102040816326
0.0004783926008611067,0.0,0.0006265664160401002,0.0,0.0010498687664041995
0.002560819462227913,0.0008269588587967748,0.0,0.0018726591760299626,0.015337423312883436
0.0004783926008611067,0.00815494393476045,0.0004914004914004914,0.010514018691588784,0.0010498687664041995
0.0004783926008611067,0.0009532888465204957,0.0004914004914004914,0.0,0.0010498687664041995
0.002515090543259557,0.0,0.0006265664160401002,0.0,0.0
0.0004783926008611067,0.0008269588587967748,0.0,0.0,0.0010498687664041995
0.002515090543259557,0.0,0.0,0.0010878433505575197,0.0010498687664041995
0.0,0.0,0.0006265664160401002,0.0010878433505575197,0.0
0.002515090543259557,0.0,0.0,0.010514018691588784,0.005443234836702955
0.0004783926008611067,0.0,0.007407407407407408,0.0,0.0
0.002515090543259557,0.0009532888465204957,0.00102880658436214,0.0,0.007099391480730223
0.0004783926008611067,0.0069767441860465115,0.007407407407407408,0.0,0.005443234836702955
0.0004783926008611067,0.0008269588587967748,0.007407407407407408,0.0010878433505575197,0.0
0.0004783926008611067,0.0,0.0,0.0010878433505575197,0.0
0.0004783926008611067,0.0008269588587967748,0.007407407407407408,0.0,0.0010498687664041995
0.0004783926008611067,0.0008269588587967748,0.012727272727272728,0.004296455424274973,0.0
0.0004783926008611067,0.0,0.0,0.0010878433505575197,0.0010498687664041995
0.0004783926008611067,0.0008269588587967748,0.0004914004914004914,0.0010878433505575197,0.0010498687664041995
0.0004783926008611067,0.0008269588587967748,0.00102880658436214,0.004296455424274973,0.0
0.0,0.0009532888465204957,0.0,0.0,0.005443234836702955
0.0004783926008611067,0.0008269588587967748,0.0006265664160401002,0.0,0.0
0.0004783926008611067,0.0069767441860465115,0.0004914004914004914,0.0,0.0007446016381236039
0.0,0.0009532888465204957,0.0012448132780082987,0.010514018691588784,0.0010498687664041995
0.0004783926008611067,0.0,0.0004914004914004914,0.0,0.0
0.0004783926008611067,0.0009532888465204957,0.0004914004914004914,0.0010878433505575197,0.0017667844522968198
0.002560819462227913,0.0009532888465204957,0.012727272727272728,0.0018726591760299626,0.015337423312883436
0.002515090543259557,0.0,0.0012448132780082987,0.006829268292682927,0.0
0.0004783926008611067,0.0008269588587967748,0.0,0.0,0.0007446016381236039
0.002515090543259557,0.0008269588587967748,0.0006265664160401002,0.0,0.0010498687664041995
0.0033613445378151263,0.0069767441860465115,0.0,0.003134796238244514,0.0010498687664041995
0.0,0.0008269588587967748,0.0006265664160401002,0.0,0.0
0.0,0.0008269588587967748,0.004705882352941176,0.0010878433505575197,0.0010498687664041995
0.0004783926008611067,0.0069767441860465115,0.046511627906976744,0.0010878433505575197,0.0012755102040816326
0.0004783926008611067,0.025906735751295335,0.0012448132780082987,0.004296455424274973,0.02258064516129032
0.015655577299412915,0.0,0.0006265664160401002,0.0,0.0027397260273972603
0.0033613445378151263,0.0008269588587967748,0.0006265664160401002,0.0010878433505575197,0.005443234836702955
0.0,0.0008269588587967748,0.0012448132780082987,0.0,0.0012755102040816326
0.0004783926008611067,0.00815494393476045,0.0012448132780082987,0.010514018691588784,0.007099391480730223
0.015655577299412915,0.00646551724137931,0.0,0.0018726591760299626,0.0
0.002515090543259557,0.0008269588587967748,0.00102880658436214,0.0,0.005443234836702955
0.002515090543259557,0.0,0.007407407407407408,0.0,0.015337423312883436
0.0004783926008611067,0.0,0.0,0.0,0.0010498687664041995
0.0,0.00646551724137931,0.010050251256281407,0.004296455424274973,0.0010498687664041995
0.0004783926008611067,0.0008269588587967748,0.0006265664160401002,0.004296455424274973,0.0
0.0,0.01702127659574468,0.0012448132780082987,0.0,0.0017667844522968198
0.0004783926008611067,0.0,0.00102880658436214,0.0,0.0010498687664041995
0.0004783926008611067,0.0009532888465204957,0.007407407407407408,0.0,0.0
0.0,0.0,0.0,0.010514018691588784,0.0010498687664041995
0.0004783926008611067,0.00646551724137931,0.0,0.0,0.0
0.0004783926008611067,0.0,0.007407407407407408,0.002,0.0
0.002515090543259557,0.0008269588587967748,0.0012448132780082987,0.0,0.005443234836702955
0.0004783926008611067,0.0009532888465204957,0.0,0.0,0.0
0.0,0.0069767441860465115,0.0004914004914004914,0.002,0.0010498687664041995
0.0004783926008611067,0.0,0.012727272727272728,0.002,0.0027397260273972603
0.015655577299412915,0.0009532888465204957,0.0004914004914004914,0.0,0.0
0.0033613445378151263,0.0,0.0012448132780082987,0.010514018691588784,0.0010498687664041995
0.006369426751592357,0.0008269588587967748,0.0,0.0,0.0010498687664041995
0.0033613445378151263,0.0,0.0012448132780082987,0.0,0.0007446016381236039
0.0,0.0009532888465204957,0.046511627906976744,0.0010878433505575197,0.0010498687664041995
0.0004783926008611067,0.0008269588587967748,0.0,0.0,0.007099391480730223
0.0,0.0069767441860465115,0.007407407407407408,0.0,0.0010498687664041995
0.0,0.0009532888465204957,0.0,0.0010878433505575197,0.0027397260273972603
0.002515090543259557,0.0008269588587967748,0.007407407407407408,0.0,0.005443234836702955
0.002560819462227913,0.00815494393476045,0.004870176195441387,0.0018726591760299626,0.0012755102040816326
0.0004783926008611067,0.00815494393476045,0.0012448132780082987,0.0,0.0
0.0004783926008611067,0.0008269588587967748,0.0004914004914004914,0.004296455424274973,0.0010498687664041995
0.0004783926008611067,0.0008269588587967748,0.0004914004914004914,0.0,0.0
0.0004783926008611067,0.00646551724137931,0.0012448132780082987,0.0010878433505575197,0.0
0.0,0.0008269588587967748,0.0006265664160401002,0.0010878433505575197,0.0010498687664041995
0.0004783926008611067,0.0,0.0,0.006829268292682927,0.0
0.0004783926008611067,0.0,0.007407407407407408,0.0,0.0010498687664041995
0.0,0.0,0.0012448132780082987,0.0018726591760299626,0.0
0.0004783926008611067,0.0008269588587967748,0.0012448132780082987,0.0010878433505575197,0.0
0.0004783926008611067,0.0,0.0,0.002,0.0
0.0,0.0009532888465204957,0.00102880658436214,0.0010878433505575197,0.0
0.0004783926008611067,0.0,0.007407407407407408,0.0010878433505575197,0.0
0.0033613445378151263,0.0009532888465204957,0.0012448132780082987,0.0,0.0
0.0004783926008611067,0.0008269588587967748,0.0,0.0010878433505575197,0.0007446016381236039
0.002515090543259557,0.0009532888465204957,0.0012448132780082987,0.0010878433505575197,0.0010498687664041995
0.002515090543259557,0.0,0.00102880658436214,0.003134796238244514,0.0007446016381236039
0.0004783926008611067,0.0009532888465204957,0.0006265664160401002,0.0,0.0010498687664041995
0.006369426751592357,0.0,0.0,0.0,0.0012755102040816326
0.02857142857142857,0.0,0.0006265664160401002,0.010514018691588784,0.0010498687664041995
0.0,0.00646551724137931,0.0,0.004296455424274973,0.0010498687664041995
0.0004783926008611067,0.0008269588587967748,0.010050251256281407,0.0,0.005443234836702955
0.006369426751592357,0.0,0.00102880658436214,0.0010878433505575197,0.0007446016381236039
0.0,0.0009532888465204957,0.012727272727272728,0.0010878433505575197,0.0010498687664041995
0.0004783926008611067,0.00646551724137931,0.0,0.004296455424274973,0.0010498687664041995
0.0,0.00646551724137931,0.0004914004914004914,0.002,0.0
0.0004783926008611067,0.0008269588587967748,0.0,0.006829268292682927,0.0017667844522968198
0.0,0.0009532888465204957,0.004705882352941176,0.003134796238244514,0.005443234836702955
0.002515090543259557,0.0009532888465204957,0.0,0.0,0.0
0.0,0.01702127659574468,0.0,0.0010878433505575197,0.0
0.0033613445378151263,0.0008269588587967748,0.0012448132780082987,0.004296455424274973,0.0010498687664041995
0.0004783926008611067,0.0,0.0,0.006829268292682927,0.0007446016381236039
0.0,0.0,0.007407407407407408,0.0,0.0010498687664041995
0.0004783926008611067,0.0,0.0,0.0018726591760299626,0.0010498687664041995
0.0004783926008611067,0.0008269588587967748,0.0012448132780082987,0.010514018691588784,0.015337423312883436
0.0004783926008611067,0.0,0.00102880658436214,0.0,0.0010498687664041995
0.0004783926008611067,0.0009532888465204957,0.0,0.0010878433505575197,0.007099391480730223
0.002515090543259557,0.0069767441860465115,0.0,0.004296455424274973,0.007099391480730223
0.0004783926008611067,0.0009532888465204957,0.0,0.0,0.0
0.0004783926008611067,0.0008269588587967748,0.007407407407407408,0.010514018691588784,0.02258064516129032
0.0,0.0008269588587967748,0.0,0.004296455424274973,0.007099391480730223
0.0004783926008611067,0.0,0.0,0.0,0.005443234836702955
0.0004783926008611067,0.0009532888465204957,0.0012448132780082987,0.0010878433505575197,0.0017667844522968198
0.0004783926008611067,0.0,0.007407407407407408,0.010514018691588784,0.005443234836702955
0.0004783926008611067,0.0008269588587967748,0.0,0.010514018691588784,0.0010498687664041995
0.0004783926008611067,0.0008269588587967748,0.004705882352941176,0.006829268292682927,0.0
0.0,0.00815494393476045,0.0,0.003134796238244514,0.0
0.0004783926008611067,0.0,0.00102880658436214,0.002,0.0010498687664041995
0.002515090543259557,0.0008269588587967748,0.0,0.0018726591760299626,0.0
0.0004783926008611067,0.0069767441860465115,0.00102880658436214,0.0010878433505575197,0.0
0.0004783926008611067,0.00815494393476045,0.0012448132780082987,0.003134796238244514,0.007099391480730223
0.0004783926008611067,0.0,0.0012448132780082987,0.0,0.0010498687664041995
0.002515090543259557,0.0,0.0,0.002,0.0
0.0004783926008611067,0.0069767441860465115,0.007407407407407408,0.0018726591760299626,0.0
0.0004783926008611067,0.0,0.0004914004914004914,0.0018726591760299626,0.0
0.0004783926008611067,0.0,0.0004914004914004914,0.0,0.005443234836702955
0.0,0.0008269588587967748,0.0012448132780082987,0.0018726591760299626,0.0007446016381236039
0.0004783926008611067,0.00646551724137931,0.012727272727272728,0.0,0.0
0.0004783926008611067,0.0008269588587967748,0.00102880658436214,0.002,0.0017667844522968198
0.0,0.0009532888465204957,0.0,0.0018726591760299626,0.0
0.002515090543259557,0.0,0.0,0.0,0.0010498687664041995
0.002515090543259557,0.0008269588587967748,0.022857142857142857,0.010514018691588784,0.0010498687664041995
0.0004783926008611067,0.0,0.0012448132780082987,0.0,0.0010498687664041995
0.0,0.0,0.0,0.0,0.0010498687664041995
0.015655577299412915,0.0069767441860465115,0.007407407407407408,0.0018726591760299626,0.03571428571428571
0.002515090543259557,0.0009532888465204957,0.0012448132780082987,0.0010878433505575197,0.0010498687664041995
0.0004783926008611067,0.0,0.0,0.0,0.0
0.0004783926008611067,0.0069767441860465115,0.007407407407407408,0.0010878433505575197,0.015337423312883436
0.002560819462227913,0.0009532888465204957,0.0,0.0010878433505575197,0.0012755102040816326
0.0,0.0008269588587967748,0.0006265664160401002,0.0,0.0
0.0004783926008611067,0.0009532888465204957,0.012727272727272728,0.0,0.0
0.0004783926008611067,0.0008269588587967748,0.0,0.0010878433505575197,0.0
0.002515090543259557,0.00815494393476045,0.0,0.0,0.02258064516129032
0.0004783926008611067,0.0,0.0004914004914004914,0.003134796238244514,0.0010498687664041995
0.002560819462227913,0.0,0.0012448132780082987,0.0010878433505575197,0.0027397260273972603
0.0004783926008611067,0.0008269588587967748,0.0,0.0,0.0010498687664041995
0.006369426751592357,0.0,0.0004914004914004914,0.0,0.0010498687664041995
0.0,0.0,0.0,0.0,0.0010498687664041995
0.0004783926008611067,0.0009532888465204957,0.0012448132780082987,0.0,0.0017667844522968198
0.006369426751592357,0.00815494393476045,0.007407407407407408,0.0,0.0
0.0004783926008611067,0.0009532888465204957,0.0,0.0010878433505575197,0.0010498687664041995
0.002515090543259557,0.0008269588587967748,0.0,0.006829268292682927,0.0010498687664041995
0.0004783926008611067,0.00646551724137931,0.0,0.0010878433505575197,0.0
0.002515090543259557,0.0,0.0,0.0010878433505575197,0.0010498687664041995
0.0004783926008611067,0.0008269588587967748,0.00102880658436214,0.0010878433505575197,0.005443234836702955
0.0004783926008611067,0.0008269588587967748,0.007407407407407408,0.0010878433505575197,0.03571428571428571
0.006369426751592357,0.0008269588587967748,0.012727272727272728,0.0010878433505575197,0.0
0.0004783926008611067,0.0,0.012727272727272728,0.010514018691588784,0.0
0.0004783926008611067,0.0009532888465204957,0.022857142857142857,0.0010878433505575197,0.0027397260273972603
0.002515090543259557,0.0008269588587967748,0.0006265664160401002,0.0,0.0
0.0004783926008611067,0.0,0.00102880658436214,0.0,0.0017667844522968198
0.002560819462227913,0.01702127659574468,0.00102880658436214,0.010514018691588784,0.007099391480730223
0.002515090543259557,0.00815494393476045,0.0,0.0010878433505575197,0.0
0.002515090543259557,0.0,0.0004914004914004914,0.0,0.0
0.0004783926008611067,0.0,0.0012448132780082987,0.0,0.0
0.0033613445378151263,0.0,0.022857142857142857,0.002,0.0
0.0004783926008611067,0.0008269588587967748,0.0004914004914004914,0.010514018691588784,0.007099391480730223
0.0004783926008611067,0.0008269588587967748,0.0004914004914004914,0.0,0.0
0.0004783926008611067,0.00815494393476045,0.0012448132780082987,0.0010878433505575197,0.0
0.0004783926008611067,0.0008269588587967748,0.0012448132780082987,0.004296455424274973,0.0010498687664041995
0.0004783926008611067,0.0069767441860465115,0.004705882352941176,0.0010878433505575197,0.0010498687664041995
0.015655577299412915,0.00815494393476045,0.007407407407407408,0.0018726591760299626,0.0
0.0004783926008611067,0.0008269588587967748,0.0012448132780082987,0.0010878433505575197,0.0012755102040816326
0.015655577299412915,0.00815494393476045,0.010050251256281407,0.0,0.015337423312883436
0.002515090543259557,0.0,0.0006265664160401002,0.0,0.0007446016381236039
0.002515090543259557,0.0,0.0006265664160401002,0.0,0.0
0.0004783926008611067,0.0008269588587967748,0.0004914004914004914,0.0018726591760299626,0.0
0.0004783926008611067,0.0,0.0,0.0010878433505575197,0.0027397260273972603
0.002560819462227913,0.0008269588587967748,0.00102880658436214,0.0010878433505575197,0.0007446016381236039
0.0033613445378151263,0.0008269588587967748,0.0004914004914004914,0.0010878433505575197,0.0010498687664041995
0.0,0.0008269588587967748,0.0004914004914004914,0.0018726591760299626,0.0
0.006369426751592357,0.0,0.0,0.0010878433505575197,0.0
0.002515090543259557,0.00646551724137931,0.0,0.0010878433505575197,0.03571428571428571
0.006369426751592357,0.0,0.0004914004914004914,0.0,0.0010498687664041995
0.002515090543259557,0.0008269588587967748,0.012727272727272728,0.004296455424274973,0.0027397260273972603
0.0,0.0009532888465204957,0.0,0.0,0.0010498687664041995
0.0004783926008611067,0.0008269588587967748,0.0,0.004296455424274973,0.0007446016381236039
0.0004783926008611067,0.0,0.0006265664160401002,0.0010878433505575197,0.0010498687664041995
0.002515090543259557,0.0009532888465204957,0.00102880658436214,0.002,0.005443234836702955
0.0,0.0069767441860465115,0.0012448132780082987,0.006829268292682927,0.0010498687664041995
0.0,0.0,0.0004914004914004914,0.0010878433505575197,0.005443234836702955
0.006369426751592357,0.0,0.012727272727272728,0.0,0.015337423312883436
0.002515090543259557,0.0008269588587967748,0.0,0.0,0.02258064516129032
0.0,0.0008269588587967748,0.0006265664160401002,0.0,0.007099391480730223
0.0004783926008611067,0.0009532888465204957,0.0012448132780082987,0.0,0.0010498687664041995
0.0,0.025906735751295335,0.007407407407407408,0.0,0.0007446016381236039
0.002515090543259557,0.0,0.0012448132780082987,0.006829268292682927,0.007099391480730223
0.0,0.00646551724137931,0.0004914004914004914,0.010514018691588784,0.0010498687664041995
0.0004783926008611067,0.00815494393476045,0.0006265664160401002,0.0010878433505575197,0.0
0.0,0.0,0.012727272727272728,0.0,0.0
0.0,0.01702127659574468,0.0012448132780082987,0.004296455424274973,0.0
0.0004783926008611067,0.0009532888465204957,0.0012448132780082987,0.0,0.0027397260273972603
0.002515090543259557,0.0,0.0004914004914004914,0.0,0.0010498687664041995
0.002560819462227913,0.00646551724137931,0.0,0.0010878433505575197,0.0
0.0004783926008611067,0.0069767441860465115,0.0004914004914004914,0.004296455424274973,0.0027397260273972603
0.002515090543259557,0.0069767441860465115,0.0,0.004296455424274973,0.0010498687664041995
0.0004783926008611067,0.0008269588587967748,0.0012448132780082987,0.0,0.005443234836702955
0.0004783926008611067,0.0008269588587967748,0.00102880658436214,0.0018726591760299626,0.005443234836702955
0.002515090543259557,0.0,0.0004914004914004914,0.0,0.0012755102040816326
0.0004783926008611067,0.0008269588587967748,0.0,0.004296455424274973,0.02258064516129032
0.0,0.0,0.0012448132780082987,0.004296455424274973,0.0010498687664041995
0.0004783926008611067,0.0009532888465204957,0.004705882352941176,0.0,0.007099391480730223
0.0004783926008611067,0.0,0.0,0.0010878433505575197,0.005443234836702955
0.0004783926008611067,0.0,0.0012448132780082987,0.0010878433505575197,0.11538461538461539
0.002515090543259557,0.0069767441860465115,0.0,0.0010878433505575197,0.02258064516129032
0.006369426751592357,0.0,0.007407407407407408,0.0,0.0012755102040816326
0.002515090543259557,0.00646551724137931,0.00102880658436214,0.006829268292682927,0.005443234836702955
0.0,0.0,0.0004914004914004914,0.004296455424274973,0.0010498687664041995
0.0,0.0009532888465204957,0.0,0.0,0.02258064516129032
0.0004783926008611067,0.00646551724137931,0.0004914004914004914,0.004296455424274973,0.0012755102040816326
0.0,0.00815494393476045,0.012727272727272728,0.0010878433505575197,0.0010498687664041995
0.0004783926008611067,0.0069767441860465115,0.00102880658436214,0.0010878433505575197,0.0010498687664041995
0.015655577299412915,0.00815494393476045,0.0,0.0010878433505575197,0.02258064516129032
0.0004783926008611067,0.0,0.0004914004914004914,0.0,0.0
0.006369426751592357,0.0008269588587967748,0.0004914004914004914,0.0010878433505575197,0.0007446016381236039
0.0004783926008611067,0.0008269588587967748,0.00102880658436214,0.0010878433505575197,0.0017667844522968198
0.0004783926008611067,0.0,0.0,0.0,0.0
0.0,0.0008269588587967748,0.0,0.0,0.0
0.0004783926008611067,0.0008269588587967748,0.0,0.0,0.0010498687664041995
0.0004783926008611067,0.0,0.0012448132780082987,0.0,0.0010498687664041995
0.0,0.0009532888465204957,0.0,0.0,0.0012755102040816326
0.0004783926008611067,0.0008269588587967748,0.0,0.0010878433505575197,0.0010498687664041995
0.015655577299412915,0.0008269588587967748,0.00102880658436214,0.0010878433505575197,0.0
0.0,0.0008269588587967748,0.0,0.0,0.0007446016381236039
0.0004783926008611067,0.0009532888465204957,0.0006265664160401002,0.0010878433505575197,0.0
0.0033613445378151263,0.0009532888465204957,0.007407407407407408,0.010514018691588784,0.0007446016381236039
0.0004783926008611067,0.00815494393476045,0.007407407407407408,0.0,0.0
0.0004783926008611067,0.0008269588587967748,0.007407407407407408,0.010514018691588784,0.0
0.0004783926008611067,0.0,0.0006265664160401002,0.0010878433505575197,0.0010498687664041995
0.015655577299412915,0.0,0.0,0.004296455424274973,0.0
0.002560819462227913,0.0009532888465204957,0.0,0.0010878433505575197,0.0
0.0004783926008611067,0.0008269588587967748,0.0004914004914004914,0.004296455424274973,0.0010498687664041995
0.0004783926008611067,0.0,0.0004914004914004914,0.004296455424274973,0.0
0.0004783926008611067,0.0008269588587967748,0.0,0.006829268292682927,0.0007446016381236039
0.0004783926008611067,0.0069767441860465115,0.0004914004914004914,0.0010878433505575197,0.0010498687664041995
0.0004783926008611067,0.0009532888465204957,0.00102880658436214,0.0018726591760299626,0.0007446016381236039
0.0,0.0009532888465204957,0.004705882352941176,0.010514018691588784,0.0
0.0004783926008611067,0.0069767441860465115,0.0004914004914004914,0.0010878433505575197,0.0010498687664041995
0.0,0.0008269588587967748,0.0012448132780082987,0.0,0.0
0.0,0.0009532888465204957,0.0,0.0,0.005443234836702955
0.0004783926008611067,0.0,0.0,0.0018726591760299626,0.0
0.0,0.0069767441860465115,0.0006265664160401002,0.006829268292682927,0.005443234836702955
0.0004783926008611067,0.0,0.0,0.002,0.0010498687664041995
0.015655577299412915,0.0008269588587967748,0.0012448132780082987,0.003134796238244514,0.0
0.0004783926008611067,0.0009532888465204957,0.0,0.0010878433505575197,0.0
0.0,0.0009532888465204957,0.0006265664160401002,0.004296455424274973,0.0
0.0033613445378151263,0.0,0.0012448132780082987,0.006829268292682927,0.0
0.0004783926008611067,0.0069767441860465115,0.0006265664160401002,0.0010878433505575197,0.0
0.0004783926008611067,0.00646551724137931,0.00102880658436214,0.0,0.0
0.0004783926008611067,0.0,0.0,0.0,0.0010498687664041995
0.002515090543259557,0.0,0.00102880658436214,0.003134796238244514,0.0027397260273972603
0.0004783926008611067,0.0009532888465204957,0.0012448132780082987,0.0,0.0007446016381236039
0.002515090543259557,0.0,0.0,0.004296455424274973,0.0012755102040816326
0.0004783926008611067,0.0,0.0006265664160401002,0.0010878433505575197,0.0
0.0,0.0008269588587967748,0.0012448132780082987,0.0010878433505575197,0.0
0.0,0.0,0.0,0.0010878433505575197,0.005443234836702955
0.015655577299412915,0.0,0.0006265664160401002,0.0010878433505575197,0.0017667844522968198
0.0004783926008611067,0.0008269588587967748,0.012727272727272728,0.0018726591760299626,0.0
0.015655577299412915,0.0008269588587967748,0.007407407407407408,0.0,0.0010498687664041995
0.0004783926008611067,0.0008269588587967748,0.022857142857142857,0.07692307692307693,0.007099391480730223
0.015655577299412915,0.0069767441860465115,0.0,0.0010878433505575197,0.0
0.0,0.0008269588587967748,0.0,0.0,0.0
0.015655577299412915,0.00646551724137931,0.022857142857142857,0.0010878433505575197,0.015337423312883436
0.0004783926008611067,0.00815494393476045,0.0006265664160401002,0.0,0.0017667844522968198
0.0,0.0008269588587967748,0.0004914004914004914,0.0018726591760299626,0.0010498687664041995
0.002560819462227913,0.00815494393476045,0.0012448132780082987,0.0010878433505575197,0.0010498687664041995
0.0004783926008611067,0.0,0.007407407407407408,0.004296455424274973,0.0007446016381236039
0.002560819462227913,0.0008269588587967748,0.0012448132780082987,0.010514018691588784,0.0010498687664041995
0.0004783926008611067,0.0008269588587967748,0.012727272727272728,0.003134796238244514,0.0012755102040816326
0.0004783926008611067,0.0008269588587967748,0.012727272727272728,0.010514018691588784,0.0010498687664041995
0.002560819462227913,0.0008269588587967748,0.0006265664160401002,0.0010878433505575197,0.0010498687664041995
0.002515090543259557,0.0069767441860465115,0.0012448132780082987,0.0,0.015337423312883436
0.0004783926008611067,0.0008269588587967748,0.007407407407407408,0.004296455424274973,0.0010498687664041995
0.0,0.0,0.0004914004914004914,0.0,0.0010498687664041995
0.015655577299412915,0.0008269588587967748,0.0012448132780082987,0.006829268292682927,0.0010498687664041995
0.002515090543259557,0.0009532888465204957,0.0012448132780082987,0.004296455424274973,0.007099391480730223
0.002515090543259557,0.0008269588587967748,0.0004914004914004914,0.010514018691588784,0.0010498687664041995
0.0004783926008611067,0.0,0.0,0.004296455424274973,0.0007446016381236039
0.002515090543259557,0.0008269588587967748,0.0,0.0010878433505575197,0.0
0.006369426751592357,0.0009532888465204957,0.0,0.0010878433505575197,0.0
0.0,0.0009532888465204957,0.0,0.0,0.0
0.0004783926008611067,0.0069767441860465115,0.0,0.006829268292682927,0.0007446016381236039
0.0,0.0008269588587967748,0.0006265664160401002,0.006829268292682927,0.02258064516129032
0.0,0.0,0.0004914004914004914,0.0,0.0012755102040816326
0.0,0.0,0.0,0.004296455424274973,0.0
0.0,0.0009532888465204957,0.007407407407407408,0.004296455424274973,0.0010498687664041995
0.0,0.0,0.0012448132780082987,0.004296455424274973,0.0010498687664041995
0.006369426751592357,0.0008269588587967748,0.0012448132780082987,0.0,0.02258064516129032
0.0,0.0008269588587967748,0.007407407407407408,0.0,0.0
0.0004783926008611067,0.0009532888465204957,0.0012448132780082987,0.0,0.007099391480730223
0.0,0.0008269588587967748,0.0012448132780082987,0.0,0.0
0.0004783926008611067,0.0,0.0,0.0010878433505575197,0.0027397260273972603
0.0004783926008611067,0.0,0.007407407407407408,0.0,0.0010498687664041995
0.0004783926008611067,0.0,0.022857142857142857,0.0010878433505575197,0.0010498687664041995
0.0033613445378151263,0.0,0.022857142857142857,0.0,0.02258064516129032
0.0004783926008611067,0.0008269588587967748,0.0006265664160401002,0.0010878433505575197,0.0
0.0,0.0,0.012727272727272728,0.004296455424274973,0.0007446016381236039
0.015655577299412915,0.0008269588587967748,0.0012448132780082987,0.006829268292682927,0.0
0.0004783926008611067,0.025906735751295335,0.0012448132780082987,0.0010878433505575197,0.0012755102040816326
0.0004783926008611067,0.00815494393476045,0.0006265664160401002,0.0,0.0027397260273972603
0.05,0.0,0.0,0.0010878433505575197,0.007099391480730223
0.0004783926008611067,0.0008269588587967748,0.0012448132780082987,0.0,0.0
0.0,0.0008269588587967748,0.0012448132780082987,0.004296455424274973,0.0
0.0,0.01702127659574468,0.012727272727272728,0.0,0.0010498687664041995
0.006369426751592357,0.0,0.0,0.0,0.007099391480730223
0.0004783926008611067,0.0008269588587967748,0.0,0.0,0.005443234836702955
0.0004783926008611067,0.0008269588587967748,0.0,0.0,0.0
0.0,0.00646551724137931,0.004705882352941176,0.0,0.0
0.015655577299412915,0.0,0.0,0.0,0.0007446016381236039
0.0004783926008611067,0.00646551724137931,0.0012448132780082987,0.0,0.0
0.0004783926008611067,0.0,0.0006265664160401002,0.0,0.0007446016381236039
0.0033613445378151263,0.0009532888465204957,0.0012448132780082987,0.0273972602739726,0.005443234836702955
0.0,0.025906735751295335,0.0,0.0,0.02258064516129032
0.0,0.0009532888465204957,0.0,0.0,0.0
0.002515090543259557,0.0,0.00102880658436214,0.0010878433505575197,0.0010498687664041995
0.002560819462227913,0.0008269588587967748,0.00102880658436214,0.0010878433505575197,0.0
0.0004783926008611067,0.0009532888465204957,0.0004914004914004914,0.0,0.0007446016381236039
0.0033613445378151263,0.0008269588587967748,0.0,0.006829268292682927,0.007099391480730223
0.0004783926008611067,0.0069767441860465115,0.0004914004914004914,0.006829268292682927,0.015337423312883436
0.006369426751592357,0.0008269588587967748,0.0,0.0,0.0027397260273972603
0.0004783926008611067,0.0008269588587967748,0.00102880658436214,0.0,0.0010498687664041995
0.0,0.0008269588587967748,0.0006265664160401002,0.002,0.0
0.002515090543259557,0.00815494393476045,0.0,0.0010878433505575197,0.0010498687664041995
0.0004783926008611067,0.0008269588587967748,0.022857142857142857,0.006829268292682927,0.0012755102040816326
0.0,0.0,0.0,0.0018726591760299626,0.0
0.002515090543259557,0.0,0.0,0.010514018691588784,0.0017667844522968198
0.0,0.0009532888465204957,0.0,0.010514018691588784,0.0
0.0004783926008611067,0.0008269588587967748,0.0012448132780082987,0.006829268292682927,0.0010498687664041995
0.002515090543259557,0.0009532888465204957,0.012727272727272728,0.0010878433505575197,0.0
0.0,0.0008269588587967748,0.0,0.0,0.005443234836702955
0.0004783926008611067,0.0,0.0006265664160401002,0.0,0.0
0.0,0.0009532888465204957,0.0006265664160401002,0.0010878433505575197,0.0027397260273972603
0.0,0.01702127659574468,0.0,0.004296455424274973,0.0010498687664041995
0.0,0.0,0.0004914004914004914,0.0,0.015337423312883436
0.02857142857142857,0.0008269588587967748,0.0012448132780082987,0.010514018691588784,0.007099391480730223
0.0,0.0009532888465204957,0.0006265664160401002,0.0010878433505575197,0.0
0.0004783926008611067,0.0,0.0006265664160401002,0.006829268292682927,0.007099391480730223
0.0,0.00646551724137931,0.0012448132780082987,0.0010878433505575197,0.0012755102040816326
0.0,0.0,0.007407407407407408,0.0,0.0
0.0004783926008611067,0.0008269588587967748,0.0004914004914004914,0.0,0.005443234836702955
0.002515090543259557,0.0009532888465204957,0.0004914004914004914,0.006829268292682927,0.0007446016381236039
0.0004783926008611067,0.0008269588587967748,0.0,0.010514018691588784,0.0007446016381236039
0.002515090543259557,0.0,0.0,0.004296455424274973,0.0007446016381236039
0.002515090543259557,0.0,0.0004914004914004914,0.0010878433505575197,0.0017667844522968198
0.0033613445378151263,0.0008269588587967748,0.0004914004914004914,0.0010878433505575197,0.0027397260273972603
0.0,0.0008269588587967748,0.0012448132780082987,0.004296455424274973,0.0010498687664041995
0.0,0.00646551724137931,0.007407407407407408,0.0018726591760299626,0.007099391480730223
0.03225806451612903,0.0008269588587967748,0.0012448132780082987,0.003134796238244514,0.0
0.0004783926008611067,0.0008269588587967748,0.0,0.0010878433505575197,0.0007446016381236039
0.0004783926008611067,0.0,0.0,0.0,0.0010498687664041995
0.0004783926008611067,0.00815494393476045,0.004705882352941176,0.0010878433505575197,0.005443234836702955
0.0033613445378151263,0.0009532888465204957,0.0012448132780082987,0.0,0.0
0.0004783926008611067,0.0008269588587967748,0.0004914004914004914,0.004296455424274973,0.0
0.0004783926008611067,0.00646551724137931,0.0,0.0010878433505575197,0.0010498687664041995
0.015655577299412915,0.0,0.0004914004914004914,0.0010878433505575197,0.0
0.0,0.0,0.0006265664160401002,0.006829268292682927,0.0010498687664041995
0.002515090543259557,0.0,0.0004914004914004914,0.004296455424274973,0.0027397260273972603
0.0004783926008611067,0.00646551724137931,0.00102880658436214,0.0010878433505575197,0.0017667844522968198
0.0004783926008611067,0.0008269588587967748,0.022857142857142857,0.0010878433505575197,0.0
0.0004783926008611067,0.0069767441860465115,0.0,0.0010878433505575197,0.005443234836702955
0.0004783926008611067,0.0009532888465204957,0.0012448132780082987,0.0,0.015337423312883436
0.0004783926008611067,0.0009532888465204957,0.0,0.0,0.0
0.0033613445378151263,0.0,0.0,0.0010878433505575197,0.005443234836702955
0.002560819462227913,0.0,0.0,0.004296455424274973,0.0010498687664041995
0.002515090543259557,0.00815494393476045,0.0006265664160401002,0.0010878433505575197,0.0
0.015655577299412915,0.00815494393476045,0.00102880658436214,0.0,0.0010498687664041995
0.0004783926008611067,0.0009532888465204957,0.004705882352941176,0.0018726591760299626,0.007099391480730223
0.0004783926008611067,0.0,0.0,0.0,0.0
0.0004783926008611067,0.0008269588587967748,0.0006265664160401002,0.0010878433505575197,0.015337423312883436
0.0004783926008611067,0.0069767441860465115,0.0012448132780082987,0.006829268292682927,0.02258064516129032
0.0004783926008611067,0.00646551724137931,0.0004914004914004914,0.0010878433505575197,0.0
0.0004783926008611067,0.0,0.0,0.0,0.0
0.0004783926008611067,0.0008269588587967748,0.0,0.0,0.0
0.0,0.025906735751295335,0.00102880658436214,0.0010878433505575197,0.0007446016381236039
0.0004783926008611067,0.0008269588587967748,0.007407407407407408,0.0,0.0007446016381236039
0.0004783926008611067,0.0009532888465204957,0.004705882352941176,0.0,0.015337423312883436
0.0033613445378151263,0.0,0.0004914004914004914,0.0,0.005443234836702955
0.0,0.0009532888465204957,0.0,0.006829268292682927,0.11538461538461539
0.015655577299412915,0.0008269588587967748,0.0,0.0010878433505575197,0.0010498687664041995
0.0004783926008611067,0.00646551724137931,0.00102880658436214,0.0,0.0007446016381236039
0.05,0.0009532888465204957,0.0,0.003134796238244514,0.0010498687664041995
0.002515090543259557,0.0008269588587967748,0.0,0.0,0.0010498687664041995
0.0004783926008611067,0.0,0.0012448132780082987,0.010514018691588784,0.0010498687664041995
0.0004783926008611067,0.0009532888465204957,0.0006265664160401002,0.0010878433505575197,0.005443234836702955
0.0004783926008611067,0.025906735751295335,0.00102880658436214,0.0,0.015337423312883436
0.0004783926008611067,0.0,0.0012448132780082987,0.004296455424274973,0.0010498687664041995
0.015655577299412915,0.00646551724137931,0.012727272727272728,0.0,0.0010498687664041995
0.0,0.0,0.0004914004914004914,0.0,0.0
0.0004783926008611067,0.0009532888465204957,0.007407407407407408,0.0010878433505575197,0.0010498687664041995
0.002515090543259557,0.00646551724137931,0.0012448132780082987,0.004296455424274973,0.0
0.006369426751592357,0.0008269588587967748,0.0,0.0010878433505575197,0.0
0.0004783926008611067,0.00815494393476045,0.0,0.002,0.015337423312883436
0.0004783926008611067,0.0,0.0,0.0,0.0007446016381236039
0.0004783926008611067,0.0009532888465204957,0.007407407407407408,0.0,0.0012755102040816326
0.0,0.0008269588587967748,0.0004914004914004914,0.0,0.005443234836702955
0.05,0.0008269588587967748,0.0,0.0,0.0017667844522968198
0.0004783926008611067,0.0,0.004705882352941176,0.010514018691588784,0.0007446016381236039
0.015655577299412915,0.0,0.0,0.0,0.0
0.002515090543259557,0.0008269588587967748,0.0,0.010514018691588784,0.0
0.0,0.0,0.0,0.0,0.0007446016381236039
0.0004783926008611067,0.0,0.00102880658436214,0.006829268292682927,0.005443234836702955
0.0004783926008611067,0.0008269588587967748,0.0012448132780082987,0.0010878433505575197,0.0
0.002515090543259557,0.0008269588587967748,0.0006265664160401002,0.0010878433505575197,0.0
0.006369426751592357,0.00646551724137931,0.007407407407407408,0.010514018691588784,0.015337423312883436
0.0004783926008611067,0.0,0.0004914004914004914,0.0,0.0010498687664041995
0.0,0.025906735751295335,0.022857142857142857,0.0,0.0
0.015655577299412915,0.0009532888465204957,0.0012448132780082987,0.0,0.0
0.0,0.00646551724137931,0.0004914004914004914,0.0,0.0
0.0033613445378151263,0.0,0.0004914004914004914,0.0010878433505575197,0.0
0.0004783926008611067,0.0008269588587967748,0.0004914004914004914,0.0010878433505575197,0.0
0.002515090543259557,0.0,0.012727272727272728,0.0,0.0010498687664041995
0.002515090543259557,0.0,0.0012448132780082987,0.0010878433505575197,0.005443234836702955
0.0,0.0008269588587967748,0.0,0.0010878433505575197,0.0017667844522968198
0.0004783926008611067,0.0008269588587967748,0.0,0.010514018691588784,0.0010498687664041995
0.0,0.0008269588587967748,0.022857142857142857,0.004296455424274973,0.0010498687664041995
0.0004783926008611067,0.0008269588587967748,0.0004914004914004914,0.0010878433505575197,0.0010498687664041995
0.0004783926008611067,0.0,0.0,0.0018726591760299626,0.0
0.002515090543259557,0.0,0.00102880658436214,0.0,0.0007446016381236039
0.015655577299412915,0.0,0.0004914004914004914,0.0010878433505575197,0.0010498687664041995
0.002515090543259557,0.0009532888465204957,0.0006265664160401002,0.0010878433505575197,0.0
0.0004783926008611067,0.0008269588587967748,0.012727272727272728,0.0010878433505575197,0.0
0.002560819462227913,0.004373390014113879,0.0,0.0,0.0
0.002515090543259557,0.0009532888465204957,0.0012448132780082987,0.006829268292682927,0.0
0.002515090543259557,0.0008269588587967748,0.0004914004914004914,0.0,0.0
0.0004783926008611067,0.0008269588587967748,0.0006265664160401002,0.0,0.0
0.0,0.00646551724137931,0.0006265664160401002,0.0010878433505575197,0.005443234836702955
0.0004783926008611067,0.0008269588587967748,0.0004914004914004914,0.0010878433505575197,0.015337423312883436
0.0004783926008611067,0.0009532888465204957,0.0,0.0010878433505575197,0.005443234836702955
0.0,0.0,0.0,0.006829268292682927,0.0
0.0004783926008611067,0.00646551724137931,0.0,0.0,0.0012755102040816326
0.015655577299412915,0.0,0.007407407407407408,0.004296455424274973,0.0010498687664041995
0.0004783926008611067,0.0,0.0,0.0010878433505575197,0.0017667844522968198
0.0,0.0009532888465204957,0.0004914004914004914,0.0018726591760299626,0.0
0.0,0.0069767441860465115,0.007407407407407408,0.0018726591760299626,0.0
0.0004783926008611067,0.0069767441860465115,0.0,0.0,0.0
0.002560819462227913,0.0009532888465204957,0.007407407407407408,0.0010878433505575197,0.0
0.0004783926008611067,0.00646551724137931,0.0012448132780082987,0.0,0.0010498687664041995
0.0004783926008611067,0.0,0.0006265664160401002,0.0018726591760299626,0.005443234836702955
0.002515090543259557,0.00646551724137931,0.007407407407407408,0.0,0.0007446016381236039
0.0,0.0008269588587967748,0.0012448132780082987,0.0,0.0
0.0004783926008611067,0.0,0.0,0.010514018691588784,0.0
0.0004783926008611067,0.0,0.0,0.0010878433505575197,0.0
0.002515090543259557,0.00646551724137931,0.012727272727272728,0.004296455424274973,0.0
0.0004783926008611067,0.0009532888465204957,0.0,0.0,0.0007446016381236039
0.0,0.0008269588587967748,0.007407407407407408,0.0010878433505575197,0.0012755102040816326
0.0004783926008611067,0.0008269588587967748,0.0,0.006829268292682927,0.0
0.002515090543259557,0.0008269588587967748,0.0004914004914004914,0.0,0.015337423312883436
0.0004783926008611067,0.0009532888465204957,0.0,0.010514018691588784,0.0
0.0004783926008611067,0.0009532888465204957,0.007407407407407408,0.0010878433505575197,0.0
0.0,0.0,0.0,0.0,0.015337423312883436
0.0033613445378151263,0.00815494393476045,0.00102880658436214,0.004296455424274973,0.0010498687664041995
0.0004783926008611067,0.01702127659574468,0.0,0.002,0.005443234836702955
0.0004783926008611067,0.0,0.00102880658436214,0.0,0.005443234836702955
0.0004783926008611067,0.0008269588587967748,0.007407407407407408,0.0,0.0010498687664041995
0.0004783926008611067,0.0008269588587967748,0.00102880658436214,0.0018726591760299626,0.0
0.0004783926008611067,0.0008269588587967748,0.0012448132780082987,0.006829268292682927,0.0
0.0,0.0069767441860465115,0.0,0.004296455424274973,0.0
0.0004783926008611067,0.0,0.0,0.0,0.005443234836702955
0.0004783926008611067,0.0,0.012727272727272728,0.0,0.0010498687664041995
0.0004783926008611067,0.00815494393476045,0.00102880658436214,0.0,0.0
0.0,0.0,0.0,0.0010878433505575197,0.015337423312883436
0.0,0.0,0.0012448132780082987,0.0010878433505575197,0.007099391480730223
0.015655577299412915,0.0008269588587967748,0.0,0.006829268292682927,0.0
0.006369426751592357,0.0069767441860465115,0.0,0.0,0.0007446016381236039
0.0004783926008611067,0.0,0.0004914004914004914,0.0010878433505575197,0.0
0.0,0.0069767441860465115,0.0004914004914004914,0.0010878433505575197,0.0
0.05,0.0008269588587967748,0.0006265664160401002,0.0018726591760299626,0.0010498687664041995
0.0033613445378151263,0.0,0.007407407407407408,0.0018726591760299626,0.007099391480730223
0.0,0.0069767441860465115,0.0012448132780082987,0.004296455424274973,0.005443234836702955
0.015655577299412915,0.0009532888465204957,0.0006265664160401002,0.0010878433505575197,0.0010498687664041995
0.0033613445378151263,0.0008269588587967748,0.0012448132780082987,0.0010878433505575197,0.02258064516129032
0.0004783926008611067,0.0008269588587967748,0.004705882352941176,0.0,0.0
0.0004783926008611067,0.0,0.0,0.004296455424274973,0.005443234836702955
0.0004783926008611067,0.0,0.0,0.0,0.0
0.006369426751592357,0.0,0.0,0.0018726591760299626,0.005443234836702955
0.0004783926008611067,0.0008269588587967748,0.0004914004914004914,0.004296455424274973,0.0007446016381236039
0.002560819462227913,0.0009532888465204957,0.007407407407407408,0.0,0.0010498687664041995
0.0,0.0,0.0006265664160401002,0.0010878433505575197,0.0007446016381236039
0.0004783926008611067,0.0,0.0,0.0,0.03571428571428571
0.0,0.0008269588587967748,0.004705882352941176,0.0010878433505575197,0.0010498687664041995
0.0004783926008611067,0.0008269588587967748,0.0012448132780082987,0.0010878433505575197,0.0010498687664041995
0.0004783926008611067,0.0,0.0012448132780082987,0.0,0.0010498687664041995
0.0,0.0009532888465204957,0.0006265664160401002,0.0010878433505575197,0.0
0.015655577299412915,0.0008269588587967748,0.0006265664160401002,0.004296455424274973,0.0010498687664041995
0.0,0.0,0.0012448132780082987,0.002,0.007099391480730223
0.0,0.00646551724137931,0.0004914004914004914,0.0,0.0
0.0004783926008611067,0.0,0.004705882352941176,0.010514018691588784,0.0010498687664041995
0.0004783926008611067,0.0069767441860465115,0.0012448132780082987,0.004296455424274973,0.0
0.0004783926008611067,0.0009532888465204957,0.0012448132780082987,0.006829268292682927,0.0017667844522968198
0.0004783926008611067,0.0069767441860465115,0.0004914004914004914,0.0018726591760299626,0.007099391480730223
0.0004783926008611067,0.0008269588587967748,0.012727272727272728,0.002,0.007099391480730223
0.0,0.0009532888465204957,0.004705882352941176,0.0,0.007099391480730223
0.0004783926008611067,0.00646551724137931,0.0,0.0018726591760299626,0.0027397260273972603
0.002515090543259557,0.046511627906976744,0.0004914004914004914,0.0010878433505575197,0.0007446016381236039
0.0004783926008611067,0.0,0.0004914004914004914,0.002,0.0010498687664041995
0.002560819462227913,0.0008269588587967748,0.022857142857142857,0.010514018691588784,0.005443234836702955
0.0004783926008611067,0.0008269588587967748,0.0012448132780082987,0.0,0.03571428571428571
0.006369426751592357,0.025906735751295335,0.0012448132780082987,0.006829268292682927,0.0010498687664041995
0.0033613445378151263,0.0009532888465204957,0.004705882352941176,0.0,0.0010498687664041995
0.0,0.0,0.0,0.0010878433505575197,0.0010498687664041995
0.0004783926008611067,0.00646551724137931,0.0006265664160401002,0.0,0.0007446016381236039
0.0,0.00815494393476045,0.0004914004914004914,0.0,0.0010498687664041995
0.0004783926008611067,0.0008269588587967748,0.0012448132780082987,0.0,0.0010498687664041995
0.002515090543259557,0.0,0.0,0.003134796238244514,0.0
0.0,0.0008269588587967748,0.007407407407407408,0.0,0.0012755102040816326
0.015655577299412915,0.0008269588587967748,0.0,0.0,0.0010498687664041995
0.0004783926008611067,0.0,0.0004914004914004914,0.0,0.005443234836702955
0.0004783926008611067,0.0008269588587967748,0.0004914004914004914,0.004296455424274973,0.0010498687664041995
0.0004783926008611067,0.00646551724137931,0.0,0.0,0.0027397260273972603
0.0004783926008611067,0.0008269588587967748,0.0,0.0,0.0010498687664041995
0.0,0.0,0.0,0.0,0.0
0.0004783926008611067,0.0,0.0006265664160401002,0.004296455424274973,0.0007446016381236039
0.0004783926008611067,0.00815494393476045,0.0,0.0010878433505575197,0.0010498687664041995
0.0004783926008611067,0.0,0.0004914004914004914,0.003134796238244514,0.005443234836702955
0.002515090543259557,0.0008269588587967748,0.0,0.0,0.015337423312883436
0.015655577299412915,0.0009532888465204957,0.00102880658436214,0.0,0.0017667844522968198
0.0,0.0069767441860465115,0.007407407407407408,0.0010878433505575197,0.0
0.0,0.0,0.0012448132780082987,0.0010878433505575197,0.0010498687664041995
0.0,0.0008269588587967748,0.00102880658436214,0.002,0.0
0.002515090543259557,0.0008269588587967748,0.0,0.002,0.0
0.0004783926008611067,0.0009532888465204957,0.007407407407407408,0.0,0.0
0.015655577299412915,0.0,0.004705882352941176,0.0,0.0027397260273972603
0.002515090543259557,0.0008269588587967748,0.0012448132780082987,0.0,0.0
0.0004783926008611067,0.00815494393476045,0.007407407407407408,0.0010878433505575197,0.0012755102040816326
0.03225806451612903,0.0008269588587967748,0.0012448132780082987,0.0,0.0007446016381236039
0.0,0.0,0.0,0.002,0.005443234836702955
0.002560819462227913,0.0008269588587967748,0.0004914004914004914,0.0,0.0
0.0,0.01702127659574468,0.0006265664160401002,0.0,0.0007446016381236039
0.0004783926008611067,0.0008269588587967748,0.0,0.004296455424274973,0.0007446016381236039
0.0004783926008611067,0.0009532888465204957,0.0,0.0010878433505575197,0.0007446016381236039
0.0004783926008611067,0.0,0.00102880658436214,0.0,0.0007446016381236039
0.0004783926008611067,0.0,0.0,0.004296455424274973,0.005443234836702955
0.0,0.0009532888465204957,0.0,0.010514018691588784,0.0012755102040816326
0.0,0.00646551724137931,0.0006265664160401002,0.004296455424274973,0.0010498687664041995
0.0004783926008611067,0.00646551724137931,0.0006265664160401002,0.0,0.0
0.006369426751592357,0.0,0.0,0.0,0.005443234836702955
0.0,0.0008269588587967748,0.0006265664160401002,0.004296455424274973,0.0012755102040816326
0.0004783926008611067,0.0008269588587967748,0.0012448132780082987,0.0018726591760299626,0.0010498687664041995
0.0004783926008611067,0.0008269588587967748,0.0,0.010514018691588784,0.0010498687664041995
0.0004783926008611067,0.0008269588587967748,0.0012448132780082987,0.0010878433505575197,0.0010498687664041995
0.0004783926008611067,0.00815494393476045,0.0,0.0010878433505575197,0.0010498687664041995
0.0,0.0009532888465204957,0.0,0.0018726591760299626,0.0012755102040816326
0.002515090543259557,0.0,0.0004914004914004914,0.0010878433505575197,0.0012755102040816326
0.0004783926008611067,0.0009532888465204957,0.0006265664160401002,0.0,0.0
0.015655577299412915,0.0008269588587967748,0.0,0.0010878433505575197,0.007099391480730223
0.0004783926008611067,0.0008269588587967748,0.0012448132780082987,0.004296455424274973,0.0
0.002515090543259557,0.0008269588587967748,0.0,0.006829268292682927,0.0017667844522968198
0.015655577299412915,0.0009532888465204957,0.0012448132780082987,0.002,0.0017667844522968198
0.002515090543259557,0.0008269588587967748,0.004705882352941176,0.010514018691588784,0.0010498687664041995
0.0004783926008611067,0.0,0.012727272727272728,0.0,0.0010498687664041995
0.0,0.0,0.007407407407407408,0.0,0.0
0.002515090543259557,0.046511627906976744,0.0004914004914004914,0.004296455424274973,0.0010498687664041995
0.0004783926008611067,0.0,0.0012448132780082987,0.004296455424274973,0.0
0.0004783926008611067,0.0009532888465204957,0.007407407407407408,0.0010878433505575197,0.0
0.002515090543259557,0.0,0.0,0.0,0.0
0.03225806451612903,0.0,0.0012448132780082987,0.0010878433505575197,0.0010498687664041995
0.0,0.0008269588587967748,0.0012448132780082987,0.0,0.0012755102040816326
0.0,0.0008269588587967748,0.0,0.0018726591760299626,0.02258064516129032
0.0004783926008611067,0.0009532888465204957,0.0012448132780082987,0.0010878433505575197,0.007099391480730223
0.015655577299412915,0.0,0.007407407407407408,0.0010878433505575197,0.0
0.0004783926008611067,0.0008269588587967748,0.0,0.0,0.0
0.0004783926008611067,0.0,0.0,0.0010878433505575197,0.005443234836702955
0.015655577299412915,0.0,0.0,0.0,0.0012755102040816326
0.0004783926008611067,0.0008269588587967748,0.004705882352941176,0.0010878433505575197,0.0
0.006369426751592357,0.0008269588587967748,0.0,0.0,0.0
0.002560819462227913,0.00646551724137931,0.0,0.0010878433505575197,0.0
0.0,0.0009532888465204957,0.0004914004914004914,0.0010878433505575197,0.0010498687664041995
0.002515090543259557,0.0,0.0,0.0,0.0
0.0004783926008611067,0.0009532888465204957,0.0,0.0,0.0010498687664041995
0.0,0.0008269588587967748,0.0012448132780082987,0.0,0.0010498687664041995
0.0,0.0008269588587967748,0.0,0.002,0.0
0.0004783926008611067,0.0008269588587967748,0.0,0.004296455424274973,0.0010498687664041995
0.0004783926008611067,0.0,0.0012448132780082987,0.0,0.015337423312883436
0.002515090543259557,0.0009532888465204957,0.0006265664160401002,0.0010878433505575197,0.0017667844522968198
0.0004783926008611067,0.0008269588587967748,0.0006265664160401002,0.0,0.0
0.0,0.0,0.00102880658436214,0.0,0.0010498687664041995
0.0004783926008611067,0.00815494393476045,0.0004914004914004914,0.0010878433505575197,0.0
0.0,0.0009532888465204957,0.0,0.0010878433505575197,0.005443234836702955
0.0004783926008611067,0.0,0.0,0.0,0.0010498687664041995
0.0004783926008611067,0.0008269588587967748,0.0006265664160401002,0.006829268292682927,0.0010498687664041995
0.0,0.00815494393476045,0.0,0.0010878433505575197,0.007099391480730223
0.002560819462227913,0.0,0.0012448132780082987,0.0018726591760299626,0.0
0.0004783926008611067,0.0008269588587967748,0.0006265664160401002,0.0,0.0010498687664041995
0.0004783926008611067,0.0008269588587967748,0.0,0.010514018691588784,0.0
0.0,0.0,0.0012448132780082987,0.010514018691588784,0.0
0.015655577299412915,0.0008269588587967748,0.0,0.0010878433505575197,0.0
0.002515090543259557,0.00815494393476045,0.0006265664160401002,0.0010878433505575197,0.0007446016381236039
0.0,0.0,0.010050251256281407,0.004296455424274973,0.0010498687664041995
0.0004783926008611067,0.0,0.012727272727272728,0.0,0.0
0.0,0.0008269588587967748,0.0,0.0,0.0
0.0004783926008611067,0.0,0.0006265664160401002,0.004296455424274973,0.0
0.0004783926008611067,0.0,0.0006265664160401002,0.0,0.005443234836702955
0.0004783926008611067,0.0,0.0,0.0010878433505575197,0.0007446016381236039
0.0004783926008611067,0.0008269588587967748,0.0012448132780082987,0.0018726591760299626,0.015337423312883436
0.0004783926008611067,0.0009532888465204957,0.0,0.0273972602739726,0.0010498687664041995
0.002515090543259557,0.0069767441860465115,0.0012448132780082987,0.0,0.007099391480730223
0.0,0.0,0.0004914004914004914,0.0010878433505575197,0.0010498687664041995
0.0004783926008611067,0.0008269588587967748,0.0004914004914004914,0.0,0.0012755102040816326
0.006369426751592357,0.0009532888465204957,0.0,0.006829268292682927,0.0010498687664041995
0.0033613445378151263,0.0008269588587967748,0.0,0.0,0.02258064516129032
0.0004783926008611067,0.0008269588587967748,0.0004914004914004914,0.0010878433505575197,0.0
0.0004783926008611067,0.00815494393476045,0.00102880658436214,0.010514018691588784,0.0
0.0004783926008611067,0.0009532888465204957,0.0004914004914004914,0.0,0.0010498687664041995
0.0004783926008611067,0.00646551724137931,0.0,0.0,0.0
0.015655577299412915,0.01702127659574468,0.0006265664160401002,0.0,0.0010498687664041995
0.0004783926008611067,0.0,0.0012448132780082987,0.0010878433505575197,0.005443234836702955
0.0,0.025906735751295335,0.0,0.0010878433505575197,0.005443234836702955
0.0004783926008611067,0.0008269588587967748,0.0,0.0,0.0007446016381236039
0.0,0.0,0.0012448132780082987,0.0,0.0
0.0004783926008611067,0.0,0.0012448132780082987,0.0010878433505575197,0.0010498687664041995
0.0004783926008611067,0.00646551724137931,0.0,0.0010878433505575197,0.0007446016381236039
0.0,0.0,0.007407407407407408,0.006829268292682927,0.0010498687664041995
0.0004783926008611067,0.0008269588587967748,0.0,0.0010878433505575197,0.0
0.0004783926008611067,0.0069767441860465115,0.022857142857142857,0.002,0.0010498687664041995
0.0004783926008611067,0.0008269588587967748,0.0,0.010514018691588784,0.0
0.0004783926008611067,0.0,0.007407407407407408,0.0010878433505575197,0.0010498687664041995
0.002515090543259557,0.0008269588587967748,0.0004914004914004914,0.0,0.0010498687664041995
0.0004783926008611067,0.0,0.0012448132780082987,0.010514018691588784,0.0010498687664041995
0.0004783926008611067,0.0009532888465204957,0.004705882352941176,0.0010878433505575197,0.0012755102040816326
0.0,0.0,0.0012448132780082987,0.0,0.0
0.0,0.0008269588587967748,0.0012448132780082987,0.004296455424274973,0.015337423312883436
0.0004783926008611067,0.0009532888465204957,0.0004914004914004914,0.003134796238244514,0.0007446016381236039
0.0004783926008611067,0.0008269588587967748,0.00102880658436214,0.0,0.0
0.0033613445378151263,0.01702127659574468,0.007407407407407408,0.004296455424274973,0.0
0.015655577299412915,0.0,0.0,0.0018726591760299626,0.0
0.0004783926008611067,0.00815494393476045,0.00102880658436214,0.0,0.0
0.002515090543259557,0.0009532888465204957,0.004705882352941176,0.002,0.005443234836702955
0.0,0.0008269588587967748,0.0012448132780082987,0.0,0.0010498687664041995
0.006369426751592357,0.0009532888465204957,0.0,0.0,0.015337423312883436
0.0,0.00815494393476045,0.0004914004914004914,0.0,0.0010498687664041995
0.0004783926008611067,0.0008269588587967748,0.0,0.006829268292682927,0.0010498687664041995
0.002515090543259557,0.0008269588587967748,0.0006265664160401002,0.0010878433505575197,0.0007446016381236039
0.0004783926008611067,0.0008269588587967748,0.0,0.0018726591760299626,0.0010498687664041995
0.0004783926008611067,0.0009532888465204957,0.007407407407407408,0.0018726591760299626,0.0
0.015655577299412915,0.0009532888465204957,0.0,0.004296455424274973,0.0010498687664041995
0.0,0.0069767441860465115,0.0006265664160401002,0.0,0.0
0.015655577299412915,0.0009532888465204957,0.0006265664160401002,0.0,0.0
0.0004783926008611067,0.0,0.0,0.0,0.007099391480730223
0.0004783926008611067,0.0008269588587967748,0.0,0.0010878433505575197,0.0
0.0,0.0008269588587967748,0.004705882352941176,0.006829268292682927,0.005443234836702955
0.006369426751592357,0.0008269588587967748,0.007407407407407408,0.0,0.0012755102040816326
0.0004783926008611067,0.025906735751295335,0.007407407407407408,0.002,0.0
0.0004783926008611067,0.0008269588587967748,0.007407407407407408,0.0010878433505575197,0.0010498687664041995
0.0004783926008611067,0.0009532888465204957,0.0012448132780082987,0.0010878433505575197,0.005443234836702955
0.0004783926008611067,0.00815494393476045,0.0,0.0,0.03571428571428571
0.0004783926008611067,0.0009532888465204957,0.007407407407407408,0.006829268292682927,0.0010498687664041995
0.0004783926008611067,0.0069767441860465115,0.004705882352941176,0.004296455424274973,0.0
0.002515090543259557,0.0,0.00102880658436214,0.0,0.005443234836702955
0.002515090543259557,0.0,0.0006265664160401002,0.0010878433505575197,0.007099391480730223
0.0,0.1111111111111111,0.0,0.0,0.02258064516129032
0.0004783926008611067,0.0008269588587967748,0.0,0.004296455424274973,0.0017667844522968198
0.0033613445378151263,0.0008269588587967748,0.012727272727272728,0.0010878433505575197,0.0
0.0,0.0,0.00102880658436214,0.0,0.0012755102040816326
0.05,0.0,0.004705882352941176,0.0010878433505575197,0.0010498687664041995
0.0004783926008611067,0.0,0.007407407407407408,0.0010878433505575197,0.0
0.015655577299412915,0.0,0.0,0.003134796238244514,0.007099391480730223
0.0,0.0008269588587967748,0.0004914004914004914,0.0,0.0010498687664041995
0.0004783926008611067,0.0008269588587967748,0.0,0.0010878433505575197,0.007099391480730223
0.0004783926008611067,0.0008269588587967748,0.004705882352941176,0.0010878433505575197,0.0
0.0004783926008611067,0.0008269588587967748,0.0006265664160401002,0.0,0.0
0.0004783926008611067,0.0008269588587967748,0.004705882352941176,0.0010878433505575197,0.007099391480730223
0.002560819462227913,0.0009532888465204957,0.00102880658436214,0.0010878433505575197,0.0027397260273972603
0.0004783926008611067,0.0008269588587967748,0.0,0.002,0.0010498687664041995
0.015655577299412915,0.0,0.0012448132780082987,0.0,0.0
0.002515090543259557,0.0,0.0,0.0,0.0010498687664041995
0.0004783926008611067,0.0008269588587967748,0.007407407407407408,0.0,0.0010498687664041995
0.0004783926008611067,0.0008269588587967748,0.0,0.0,0.0
0.002515090543259557,0.0008269588587967748,0.0,0.0,0.0017667844522968198
0.0,0.0069767441860465115,0.0,0.0,0.0010498687664041995
0.006369426751592357,0.0008269588587967748,0.0,0.0010878433505575197,0.0007446016381236039
0.0,0.0009532888465204957,0.0004914004914004914,0.003134796238244514,0.005443234836702955
0.0,0.00646551724137931,0.0012448132780082987,0.010514018691588784,0.0010498687664041995
0.0004783926008611067,0.0009532888465204957,0.0004914004914004914,0.004296455424274973,0.0010498687664041995
0.0004783926008611067,0.00646551724137931,0.0,0.004296455424274973,0.0010498687664041995
0.0004783926008611067,0.0009532888465204957,0.0,0.0010878433505575197,0.0010498687664041995
0.002560819462227913,0.0,0.0,0.0018726591760299626,0.0010498687664041995
0.0,0.0008269588587967748,0.0,0.0,0.0
0.0004783926008611067,0.0,0.0,0.0,0.0010498687664041995
0.0004783926008611067,0.0,0.0004914004914004914,0.0,0.11538461538461539
0.0004783926008611067,0.0,0.0006265664160401002,0.0010878433505575197,0.0017667844522968198
0.006369426751592357,0.0008269588587967748,0.007407407407407408,0.0018726591760299626,0.0007446016381236039
0.0004783926008611067,0.0008269588587967748,0.0,0.0,0.005443234836702955
0.002515090543259557,0.0,0.00102880658436214,0.004296455424274973,0.0010498687664041995
0.0004783926008611067,0.00646551724137931,0.012727272727272728,0.0010878433505575197,0.0012755102040816326
0.0004783926008611067,0.00815494393476045,0.0,0.0010878433505575197,0.005443234836702955
0.0004783926008611067,0.0008269588587967748,0.007407407407407408,0.0010878433505575197,0.015337423312883436
0.0,0.0,0.0012448132780082987,0.0,0.0
0.0004783926008611067,0.0069767441860465115,0.004705882352941176,0.0010878433505575197,0.0
0.006369426751592357,0.0,0.0012448132780082987,0.0,0.0010498687664041995
0.0004783926008611067,0.0008269588587967748,0.0006265664160401002,0.010514018691588784,0.0007446016381236039
0.0,0.0008269588587967748,0.0,0.0018726591760299626,0.0010498687664041995
0.002515090543259557,0.0,0.0004914004914004914,0.0010878433505575197,0.0
0.0004783926008611067,0.0008269588587967748,0.0004914004914004914,0.0,0.0
0.0,0.0008269588587967748,0.0,0.0,0.0010498687664041995
0.002560819462227913,0.00815494393476045,0.0,0.0,0.0007446016381236039
0.0004783926008611067,0.0009532888465204957,0.0,0.004296455424274973,0.0
0.0033613445378151263,0.00815494393476045,0.0,0.006829268292682927,0.0
0.015655577299412915,0.025906735751295335,0.022857142857142857,0.003134796238244514,0.0
0.0,0.0069767441860465115,0.0,0.006829268292682927,0.0
0.0004783926008611067,0.0009532888465204957,0.0012448132780082987,0.004296455424274973,0.0012755102040816326
0.0004783926008611067,0.0009532888465204957,0.0012448132780082987,0.002,0.015337423312883436
0.0,0.0008269588587967748,0.007407407407407408,0.010514018691588784,0.0010498687664041995
0.0004783926008611067,0.0008269588587967748,0.0,0.0018726591760299626,0.0
0.0,0.0008269588587967748,0.022857142857142857,0.0,0.0017667844522968198
0.0,0.00815494393476045,0.0004914004914004914,0.004296455424274973,0.0007446016381236039
0.0033613445378151263,0.0008269588587967748,0.004705882352941176,0.010514018691588784,0.0010498687664041995
0.0004783926008611067,0.0008269588587967748,0.007407407407407408,0.0,0.0010498687664041995
0.0004783926008611067,0.0009532888465204957,0.0,0.002,0.0
0.0004783926008611067,0.0008269588587967748,0.0,0.004296455424274973,0.0012755102040816326
0.015655577299412915,0.0008269588587967748,0.0004914004914004914,0.0,0.0012755102040816326
0.0,0.00815494393476045,0.0,0.006829268292682927,0.0010498687664041995
0.0004783926008611067,0.0009532888465204957,0.0012448132780082987,0.0010878433505575197,0.005443234836702955
0.0004783926008611067,0.0009532888465204957,0.007407407407407408,0.0,0.0
0.0004783926008611067,0.0,0.0004914004914004914,0.0,0.0
0.0004783926008611067,0.0008269588587967748,0.0004914004914004914,0.0,0.007099391480730223
0.0004783926008611067,0.0008269588587967748,0.0004914004914004914,0.002,0.0007446016381236039
0.0,0.0008269588587967748,0.0,0.0,0.0010498687664041995
0.0004783926008611067,0.0,0.0004914004914004914,0.0,0.02258064516129032
0.002515090543259557,0.00815494393476045,0.0012448132780082987,0.0,0.015337423312883436
0.0,0.0008269588587967748,0.012727272727272728,0.0018726591760299626,0.0010498687664041995
0.015655577299412915,0.00646551724137931,0.022857142857142857,0.002,0.0012755102040816326
0.006369426751592357,0.0009532888465204957,0.004705882352941176,0.0010878433505575197,0.005443234836702955
0.0,0.0008269588587967748,0.0012448132780082987,0.0,0.0007446016381236039
0.0004783926008611067,0.0008269588587967748,0.0,0.0,0.0010498687664041995
0.0004783926008611067,0.0,0.0,0.0,0.0
0.0004783926008611067,0.00646551724137931,0.0,0.0,0.007099391480730223
0.0004783926008611067,0.0008269588587967748,0.0,0.006829268292682927,0.005443234836702955
0.0004783926008611067,0.0,0.004705882352941176,0.0010878433505575197,0.0
0.0,0.0069767441860465115,0.0,0.0,0.0007446016381236039
0.0033613445378151263,0.0009532888465204957,0.0,0.0,0.0
0.015655577299412915,0.0008269588587967748,0.0012448132780082987,0.0010878433505575197,0.0010498687664041995
0.0,0.00815494393476045,0.0004914004914004914,0.006829268292682927,0.005443234836702955
0.0,0.0,0.0,0.0010878433505575197,0.03571428571428571
0.0004783926008611067,0.00646551724137931,0.0004914004914004914,0.004296455424274973,0.0
0.002515090543259557,0.0,0.004705882352941176,0.0018726591760299626,0.0
0.0004783926008611067,0.0008269588587967748,0.012727272727272728,0.0010878433505575197,0.005443234836702955
0.0033613445378151263,0.00646551724137931,0.0,0.0,0.0010498687664041995
0.0004783926008611067,0.0,0.0,0.0010878433505575197,0.0010498687664041995
0.002515090543259557,0.0069767441860465115,0.0,0.0010878433505575197,0.02258064516129032
0.0,0.0,0.0,0.0018726591760299626,0.0
0.0004783926008611067,0.0008269588587967748,0.0004914004914004914,0.0,0.005443234836702955
0.002515090543259557,0.0,0.004705882352941176,0.0,0.02258064516129032
0.0004783926008611067,0.0069767441860465115,0.0004914004914004914,0.0018726591760299626,0.0
0.002515090543259557,0.0,0.0,0.0010878433505575197,0.0007446016381236039
0.0004783926008611067,0.0,0.0,0.004296455424274973,0.005443234836702955
0.0004783926008611067,0.0,0.007407407407407408,0.004296455424274973,0.0010498687664041995
0.0,0.0009532888465204957,0.012727272727272728,0.0,0.015337423312883436
0.0004783926008611067,0.0008269588587967748,0.0012448132780082987,0.0010878433505575197,0.005443234836702955
0.0,0.0008269588587967748,0.00102880658436214,0.0,0.0
0.02857142857142857,0.0009532888465204957,0.0,0.0,0.0010498687664041995
0.0004783926008611067,0.0,0.022857142857142857,0.006829268292682927,0.0
0.0033613445378151263,0.0009532888465204957,0.00102880658436214,0.004296455424274973,0.0007446016381236039
0.0004783926008611067,0.0009532888465204957,0.0012448132780082987,0.0,0.0027397260273972603
0.0,0.0,0.0012448132780082987,0.006829268292682927,0.02258064516129032
0.006369426751592357,0.0,0.0006265664160401002,0.0010878433505575197,0.0017667844522968198
0.0004783926008611067,0.0008269588587967748,0.0004914004914004914,0.0,0.005443234836702955
0.0004783926008611067,0.00815494393476045,0.0,0.0018726591760299626,0.0010498687664041995
0.0004783926008611067,0.01702127659574468,0.00102880658436214,0.0,0.0
0.006369426751592357,0.0008269588587967748,0.0012448132780082987,0.0010878433505575197,0.0010498687664041995
0.0004783926008611067,0.0,0.0,0.006829268292682927,0.0010498687664041995
0.0,0.0008269588587967748,0.0,0.0010878433505575197,0.0
0.0004783926008611067,0.0,0.0,0.002,0.0010498687664041995
0.002515090543259557,0.0,0.0,0.0010878433505575197,0.0012755102040816326
0.0004783926008611067,0.0008269588587967748,0.0,0.0,0.005443234836702955
0.002515090543259557,0.0008269588587967748,0.0012448132780082987,0.004296455424274973,0.015337423312883436
0.0004783926008611067,0.0009532888465204957,0.007407407407407408,0.0010878433505575197,0.005443234836702955
0.002515090543259557,0.0008269588587967748,0.0,0.0010878433505575197,0.007099391480730223
0.0004783926008611067,0.0008269588587967748,0.0,0.0010878433505575197,0.0
0.0,0.0009532888465204957,0.0006265664160401002,0.0018726591760299626,0.007099391480730223
0.0,0.0008269588587967748,0.004705882352941176,0.004296455424274973,0.0010498687664041995
0.0004783926008611067,0.0009532888465204957,0.0,0.0018726591760299626,0.0010498687664041995
0.0004783926008611067,0.00646551724137931,0.0,0.002,0.03571428571428571
0.0004783926008611067,0.0,0.0012448132780082987,0.0010878433505575197,0.0
0.0033613445378151263,0.0009532888465204957,0.0006265664160401002,0.0,0.0010498687664041995
0.0004783926008611067,0.0,0.0006265664160401002,0.004296455424274973,0.0
0.002515090543259557,0.0008269588587967748,0.0012448132780082987,0.0,0.0
0.0004783926008611067,0.00646551724137931,0.00102880658436214,0.004296455424274973,0.0
0.0004783926008611067,0.0008269588587967748,0.0,0.0010878433505575197,0.0
0.015655577299412915,0.0009532888465204957,0.0004914004914004914,0.0010878433505575197,0.0010498687664041995
0.0,0.0008269588587967748,0.0,0.0,0.0012755102040816326
0.0004783926008611067,0.0008269588587967748,0.0,0.0,0.007099391480730223
0.0,0.0009532888465204957,0.0,0.010514018691588784,0.0010498687664041995
0.0004783926008611067,0.0,0.0,0.0,0.0
0.0,0.0009532888465204957,0.00102880658436214,0.0010878433505575197,0.0007446016381236039
0.0004783926008611067,0.0,0.0,0.004296455424274973,0.0007446016381236039
0.0,0.0,0.0012448132780082987,0.0010878433505575197,0.007099391480730223
0.0004783926008611067,0.0009532888465204957,0.0,0.002,0.005443234836702955
0.0,0.0008269588587967748,0.0004914004914004914,0.010514018691588784,0.0
0.0004783926008611067,0.0,0.0,0.0,0.0
0.002560819462227913,0.0,0.0006265664160401002,0.004296455424274973,0.0017667844522968198
0.002515090543259557,0.0009532888465204957,0.00102880658436214,0.006829268292682927,0.0
0.0004783926008611067,0.0008269588587967748,0.0004914004914004914,0.0018726591760299626,0.0
0.0,0.0008269588587967748,0.007407407407407408,0.004296455424274973,0.0007446016381236039
0.015655577299412915,0.0069767441860465115,0.0006265664160401002,0.0,0.0007446016381236039
0.0004783926008611067,0.00815494393476045,0.0,0.0010878433505575197,0.0
0.0,0.0,0.0004914004914004914,0.0,0.0007446016381236039
0.006369426751592357,0.00646551724137931,0.007407407407407408,0.004296455424274973,0.02258064516129032
0.0,0.0009532888465204957,0.0006265664160401002,0.0,0.0012755102040816326
0.0004783926008611067,0.0,0.0004914004914004914,0.0,0.0010498687664041995
0.0,0.00815494393476045,0.0,0.0010878433505575197,0.0010498687664041995
0.0004783926008611067,0.0,0.0,0.0,0.005443234836702955
0.0004783926008611067,0.0008269588587967748,0.0004914004914004914,0.0010878433505575197,0.0
0.0004783926008611067,0.00815494393476045,0.0,0.004296455424274973,0.0012755102040816326
0.015655577299412915,0.0069767441860465115,0.0,0.0,0.0
0.0,0.00646551724137931,0.0,0.0010878433505575197,0.0010498687664041995
0.0004783926008611067,0.0,0.00102880658436214,0.004296455424274973,0.0010498687664041995
0.006369426751592357,0.0,0.00102880658436214,0.0010878433505575197,0.0
0.006369426751592357,0.0,0.022857142857142857,0.0,0.0
0.05,0.0009532888465204957,0.0006265664160401002,0.0010878433505575197,0.0
0.0004783926008611067,0.00815494393476045,0.00102880658436214,0.004296455424274973,0.0007446016381236039
0.0004783926008611067,0.0,0.007407407407407408,0.0010878433505575197,0.0010498687664041995
0.002515090543259557,0.0,0.0,0.0018726591760299626,0.11538461538461539
0.002560819462227913,0.0009532888465204957,0.00102880658436214,0.0018726591760299626,0.0
0.0,0.0069767441860465115,0.0006265664160401002,0.0,0.0010498687664041995
0.0,0.00815494393476045,0.007407407407407408,0.0,0.0
0.0004783926008611067,0.0069767441860465115,0.0006265664160401002,0.0010878433505575197,0.005443234836702955
0.02857142857142857,0.0008269588587967748,0.0012448132780082987,0.0,0.0007446016381236039
0.0004783926008611067,0.0009532888465204957,0.0,0.0,0.0
0.0004783926008611067,0.0009532888465204957,0.0,0.0,0.0010498687664041995
0.0004783926008611067,0.0,0.007407407407407408,0.006829268292682927,0.0
0.0004783926008611067,0.0008269588587967748,0.0004914004914004914,0.0,0.0010498687664041995
0.0004783926008611067,0.00646551724137931,0.0004914004914004914,0.004296455424274973,0.0
0.0004783926008611067,0.0009532888465204957,0.007407407407407408,0.010514018691588784,0.0
0.0004783926008611067,0.0009532888465204957,0.0006265664160401002,0.0,0.0010498687664041995
0.0004783926008611067,0.0008269588587967748,0.0,0.0010878433505575197,0.0010498687664041995
0.015655577299412915,0.0009532888465204957,0.007407407407407408,0.0018726591760299626,0.007099391480730223
0.0033613445378151263,0.0009532888465204957,0.0,0.0,0.005443234836702955
0.015655577299412915,0.0009532888465204957,0.0006265664160401002,0.0,0.015337423312883436
0.0004783926008611067,0.0009532888465204957,0.0012448132780082987,0.0,0.0027397260273972603
0.0004783926008611067,0.0008269588587967748,0.0,0.006829268292682927,0.0012755102040816326
0.0004783926008611067,0.0008269588587967748,0.004705882352941176,0.0010878433505575197,0.0
0.0004783926008611067,0.0,0.0,0.004296455424274973,0.007099391480730223
0.0,0.0008269588587967748,0.0,0.0,0.0
0.0004783926008611067,0.0008269588587967748,0.0,0.002,0.02258064516129032
0.002560819462227913,0.0009532888465204957,0.0,0.0010878433505575197,0.0027397260273972603
0.0004783926008611067,0.0,0.022857142857142857,0.0,0.0027397260273972603
0.002515090543259557,0.0,0.0006265664160401002,0.0010878433505575197,0.0
0.0,0.0008269588587967748,0.007407407407407408,0.0010878433505575197,0.0017667844522968198
0.0,0.0008269588587967748,0.0004914004914004914,0.004296455424274973,0.0010498687664041995
0.0,0.00646551724137931,0.0,0.004296455424274973,0.0
0.0004783926008611067,0.0,0.007407407407407408,0.0010878433505575197,0.0
0.002515090543259557,0.00815494393476045,0.0004914004914004914,0.0,0.0010498687664041995
0.0004783926008611067,0.0009532888465204957,0.0004914004914004914,0.006829268292682927,0.0
0.0,0.0008269588587967748,0.0012448132780082987,0.0010878433505575197,0.0017667844522968198
0.0004783926008611067,0.0008269588587967748,0.00102880658436214,0.0010878433505575197,0.0010498687664041995
0.0033613445378151263,0.0008269588587967748,0.0004914004914004914,0.0,0.0
0.002515090543259557,0.0008269588587967748,0.00102880658436214,0.0010878433505575197,0.015337423312883436
0.0,0.0069767441860465115,0.0,0.010514018691588784,0.0
0.002515090543259557,0.00646551724137931,0.0,0.006829268292682927,0.0
0.0004783926008611067,0.00646551724137931,0.0,0.006829268292682927,0.0010498687664041995
0.002515090543259557,0.0,0.010050251256281407,0.0010878433505575197,0.0010498687664041995
0.0,0.0,0.0,0.0,0.0010498687664041995
0.0033613445378151263,0.0,0.0012448132780082987,0.0,0.0007446016381236039
0.006369426751592357,0.0009532888465204957,0.00102880658436214,0.0010878433505575197,0.0
0.0004783926008611067,0.0,0.00102880658436214,0.0,0.005443234836702955
0.0004783926008611067,0.00646551724137931,0.0,0.0010878433505575197,0.0
0.0004783926008611067,0.00646551724137931,0.0004914004914004914,0.006829268292682927,0.0
0.002515090543259557,0.00815494393476045,0.0,0.004296455424274973,0.015337423312883436
0.002560819462227913,0.0,0.0,0.0,0.0
0.002515090543259557,0.0008269588587967748,0.0,0.0,0.005443234836702955
0.0004783926008611067,0.0008269588587967748,0.0,0.0010878433505575197,0.0010498687664041995
0.0033613445378151263,0.0009532888465204957,0.007407407407407408,0.0010878433505575197,0.0010498687664041995
0.0,0.0009532888465204957,0.0,0.0,0.0027397260273972603
0.0004783926008611067,0.0008269588587967748,0.010050251256281407,0.0010878433505575197,0.0007446016381236039
0.0,0.0008269588587967748,0.0,0.0,0.0
0.002515090543259557,0.0,0.0012448132780082987,0.004296455424274973,0.0007446016381236039
0.0,0.0009532888465204957,0.0,0.006829268292682927,0.0
0.015655577299412915,0.0008269588587967748,0.0,0.004296455424274973,0.0
0.0004783926008611067,0.0008269588587967748,0.0012448132780082987,0.003134796238244514,0.015337423312883436
0.006369426751592357,0.00646551724137931,0.0006265664160401002,0.0010878433505575197,0.0
0.002515090543259557,0.00815494393476045,0.00102880658436214,0.0,0.0
0.006369426751592357,0.0009532888465204957,0.0006265664160401002,0.0010878433505575197,0.0012755102040816326
0.0004783926008611067,0.0,0.0006265664160401002,0.006829268292682927,0.0007446016381236039
0.0004783926008611067,0.0069767441860465115,0.0012448132780082987,0.0018726591760299626,0.0
0.0033613445378151263,0.0008269588587967748,0.0012448132780082987,0.0010878433505575197,0.0010498687664041995
0.0004783926008611067,0.0,0.0012448132780082987,0.006829268292682927,0.0
0.0,0.0069767441860465115,0.0012448132780082987,0.006829268292682927,0.0017667844522968198
0.002560819462227913,0.0008269588587967748,0.0006265664160401002,0.004296455424274973,0.0
0.0,0.0008269588587967748,0.00102880658436214,0.0,0.0010498687664041995
0.002515090543259557,0.0009532888465204957,0.0012448132780082987,0.0,0.015337423312883436
0.0004783926008611067,0.0,0.007407407407407408,0.0018726591760299626,0.0027397260273972603
0.0033613445378151263,0.0,0.0,0.004296455424274973,0.0
0.002515090543259557,0.00646551724137931,0.0004914004914004914,0.0010878433505575197,0.0010498687664041995
0.0004783926008611067,0.0,0.007407407407407408,0.0,0.007099391480730223
0.0004783926008611067,0.0,0.0004914004914004914,0.0,0.015337423312883436
0.0,0.0008269588587967748,0.0,0.002,0.0
0.0004783926008611067,0.0008269588587967748,0.0,0.0,0.0
0.0004783926008611067,0.0008269588587967748,0.012727272727272728,0.0010878433505575197,0.0007446016381236039
0.0004783926008611067,0.0069767441860465115,0.0012448132780082987,0.004296455424274973,0.0
0.006369426751592357,0.0008269588587967748,0.0004914004914004914,0.003134796238244514,0.0
0.0033613445378151263,0.00815494393476045,0.0012448132780082987,0.0010878433505575197,0.0007446016381236039
0.0004783926008611067,0.0069767441860465115,0.0,0.0010878433505575197,0.0027397260273972603
0.0,0.0008269588587967748,0.0006265664160401002,0.0,0.0
0.015655577299412915,0.0,0.00102880658436214,0.0,0.0010498687664041995
0.0004783926008611067,0.0,0.0012448132780082987,0.004296455424274973,0.0010498687664041995
0.0004783926008611067,0.0009532888465204957,0.00102880658436214,0.0010878433505575197,0.0010498687664041995
0.0,0.0008269588587967748,0.0004914004914004914,0.0,0.0017667844522968198
0.015655577299412915,0.0009532888465204957,0.0,0.0010878433505575197,0.0
0.0004783926008611067,0.0,0.0004914004914004914,0.006829268292682927,0.0010498687664041995
0.002515090543259557,0.0,0.007407407407407408,0.0,0.005443234836702955
0.0004783926008611067,0.0008269588587967748,0.0004914004914004914,0.0,0.0010498687664041995
0.015655577299412915,0.0069767441860465115,0.0,0.0,0.0010498687664041995
0.0033613445378151263,0.0,0.0006265664160401002,0.0010878433505575197,0.0010498687664041995
0.0004783926008611067,0.0,0.0,0.002,0.0010498687664041995
0.0004783926008611067,0.0,0.007407407407407408,0.0,0.0
0.015655577299412915,0.01702127659574468,0.007407407407407408,0.004296455424274973,0.0010498687664041995
0.0,0.0008269588587967748,0.0,0.004296455424274973,0.015337423312883436
0.002515090543259557,0.0008269588587967748,0.0,0.004296455424274973,0.005443234836702955
0.015655577299412915,0.0008269588587967748,0.0,0.0018726591760299626,0.0010498687664041995
0.0004783926008611067,0.0009532888465204957,0.0,0.0010878433505575197,0.0027397260273972603
0.0004783926008611067,0.0008269588587967748,0.0012448132780082987,0.003134796238244514,0.0
0.0,0.0,0.0,0.0,0.0027397260273972603
0.0,0.0008269588587967748,0.0,0.0,0.005443234836702955
0.0,0.0008269588587967748,0.007407407407407408,0.0018726591760299626,0.0027397260273972603
0.0004783926008611067,0.0,0.00102880658436214,0.0,0.0010498687664041995
0.015655577299412915,0.0009532888465204957,0.0004914004914004914,0.0,0.0
0.0004783926008611067,0.0009532888465204957,0.0012448132780082987,0.0010878433505575197,0.0007446016381236039
0.0004783926008611067,0.0,0.0,0.0,0.0010498687664041995
0.0004783926008611067,0.0008269588587967748,0.0004914004914004914,0.003134796238244514,0.007099391480730223
0.006369426751592357,0.0008269588587967748,0.0012448132780082987,0.0,0.0010498687664041995
0.015655577299412915,0.01702127659574468,0.007407407407407408,0.006829268292682927,0.0
0.0,0.0,0.0,0.0018726591760299626,0.0027397260273972603
0.0,0.0,0.0004914004914004914,0.0,0.0010498687664041995
0.002515090543259557,0.0009532888465204957,0.0012448132780082987,0.004296455424274973,0.0
0.002515090543259557,0.0,0.0012448132780082987,0.0010878433505575197,0.0
0.0004783926008611067,0.0,0.00102880658436214,0.0,0.0010498687664041995
0.0033613445378151263,0.00815494393476045,0.0004914004914004914,0.010514018691588784,0.0007446016381236039
0.002515090543259557,0.0,0.007407407407407408,0.0,0.0010498687664041995
0.0004783926008611067,0.0,0.0,0.0010878433505575197,0.0
0.002515090543259557,0.0008269588587967748,0.0,0.002,0.0007446016381236039
0.0,0.0,0.0,0.0,0.0
0.0,0.0009532888465204957,0.0,0.004296455424274973,0.11538461538461539
0.002515090543259557,0.0008269588587967748,0.0,0.006829268292682927,0.0
0.002560819462227913,0.0069767441860465115,0.0004914004914004914,0.0010878433505575197,0.007099391480730223
0.002515090543259557,0.0008269588587967748,0.0,0.0,0.0010498687664041995
0.0004783926008611067,0.00815494393476045,0.0,0.0010878433505575197,0.0
0.0,0.0,0.0,0.0,0.0012755102040816326
0.0004783926008611067,0.00815494393476045,0.0004914004914004914,0.0,0.0010498687664041995
0.0033613445378151263,0.0,0.0012448132780082987,0.0010878433505575197,0.0
0.002560819462227913,0.0069767441860465115,0.0006265664160401002,0.003134796238244514,0.0010498687664041995
0.015655577299412915,0.0008269588587967748,0.0012448132780082987,0.0010878433505575197,0.0007446016381236039
0.0004783926008611067,0.00815494393476045,0.0004914004914004914,0.004296455424274973,0.0017667844522968198
0.0004783926008611067,0.0,0.0,0.004296455424274973,0.005443234836702955
0.006369426751592357,0.0008269588587967748,0.0,0.0,0.0
0.002515090543259557,0.00815494393476045,0.0012448132780082987,0.004296455424274973,0.0010498687664041995
0.015655577299412915,0.0008269588587967748,0.0,0.0,0.015337423312883436
0.002515090543259557,0.0,0.0012448132780082987,0.0018726591760299626,0.0
0.015655577299412915,0.00815494393476045,0.007407407407407408,0.004296455424274973,0.0
0.002515090543259557,0.00646551724137931,0.0006265664160401002,0.0,0.0010498687664041995
0.015655577299412915,0.0009532888465204957,0.012727272727272728,0.0,0.0017667844522968198
0.015655577299412915,0.0,0.0006265664160401002,0.0010878433505575197,0.0
0.002515090543259557,0.0069767441860465115,0.022857142857142857,0.004296455424274973,0.0
0.0004783926008611067,0.0008269588587967748,0.00102880658436214,0.0010878433505575197,0.0027397260273972603
0.002515090543259557,0.0,0.0012448132780082987,0.0010878433505575197,0.0007446016381236039
0.0004783926008611067,0.0009532888465204957,0.0012448132780082987,0.0,0.0012755102040816326
0.0,0.0,0.0,0.0010878433505575197,0.005443234836702955
0.0004783926008611067,0.0,0.0,0.0,0.007099391480730223
0.0,0.0009532888465204957,0.0004914004914004914,0.0,0.005443234836702955
0.006369426751592357,0.0009532888465204957,0.0004914004914004914,0.0,0.0010498687664041995
0.006369426751592357,0.0008269588587967748,0.0,0.0,0.0007446016381236039
0.006369426751592357,0.0008269588587967748,0.0012448132780082987,0.0,0.0
0.015655577299412915,0.0,0.0004914004914004914,0.0010878433505575197,0.0007446016381236039
0.0033613445378151263,0.0008269588587967748,0.0012448132780082987,0.004296455424274973,0.0017667844522968198
0.015655577299412915,0.0,0.0004914004914004914,0.006829268292682927,0.0017667844522968198
0.0004783926008611067,0.0009532888465204957,0.0004914004914004914,0.004296455424274973,0.0012755102040816326
0.0,0.0009532888465204957,0.0,0.003134796238244514,0.0010498687664041995
0.0,0.0,0.0012448132780082987,0.0,0.007099391480730223
0.0004783926008611067,0.00815494393476045,0.00102880658436214,0.0018726591760299626,0.0
0.006369426751592357,0.0008269588587967748,0.0012448132780082987,0.0,0.005443234836702955
0.015655577299412915,0.0008269588587967748,0.0006265664160401002,0.0,0.0010498687664041995
0.002515090543259557,0.0008269588587967748,0.007407407407407408,0.0,0.0010498687664041995
0.0004783926008611067,0.00815494393476045,0.0,0.0010878433505575197,0.0
0.0004783926008611067,0.0,0.0,0.0,0.0010498687664041995
0.0004783926008611067,0.0,0.0004914004914004914,0.010514018691588784,0.0027397260273972603
0.0,0.0008269588587967748,0.0006265664160401002,0.0,0.03571428571428571
0.0004783926008611067,0.00815494393476045,0.0,0.0,0.0010498687664041995
0.002515090543259557,0.00646551724137931,0.0,0.0018726591760299626,0.0012755102040816326
0.0004783926008611067,0.00646551724137931,0.0,0.0018726591760299626,0.0012755102040816326
0.0,0.0,0.0006265664160401002,0.0,0.0
0.0,0.0008269588587967748,0.0006265664160401002,0.0,0.0007446016381236039
0.0033613445378151263,0.0,0.0006265664160401002,0.006829268292682927,0.0010498687664041995
0.002560819462227913,0.00646551724137931,0.0012448132780082987,0.0,0.0
0.002515090543259557,0.0008269588587967748,0.0,0.0018726591760299626,0.0007446016381236039
0.0004783926008611067,0.0008269588587967748,0.0004914004914004914,0.0010878433505575197,0.0
0.015655577299412915,0.0,0.0012448132780082987,0.0,0.0010498687664041995
0.0004783926008611067,0.0,0.0004914004914004914,0.0,0.0007446016381236039
0.002560819462227913,0.0008269588587967748,0.0,0.002,0.0007446016381236039
0.0004783926008611067,0.0008269588587967748,0.0,0.0,0.005443234836702955
0.0,0.0009532888465204957,0.0006265664160401002,0.0010878433505575197,0.0010498687664041995
0.0004783926008611067,0.00815494393476045,0.0,0.0,0.0007446016381236039
0.0,0.0,0.0006265664160401002,0.0,0.0
0.0,0.00646551724137931,0.0,0.0010878433505575197,0.0010498687664041995
0.002515090543259557,0.00646551724137931,0.00102880658436214,0.0,0.0
0.002560819462227913,0.0008269588587967748,0.012727272727272728,0.0018726591760299626,0.007099391480730223
0.0004783926008611067,0.0008269588587967748,0.0012448132780082987,0.0010878433505575197,0.0010498687664041995
0.015655577299412915,0.00646551724137931,0.00102880658436214,0.0,0.0
0.002515090543259557,0.0,0.0006265664160401002,0.006829268292682927,0.0
0.0,0.0,0.0012448132780082987,0.006829268292682927,0.0010498687664041995
0.0,0.0009532888465204957,0.0,0.0010878433505575197,0.0027397260273972603
0.015655577299412915,0.0009532888465204957,0.0,0.004296455424274973,0.0010498687664041995
0.002515090543259557,0.0008269588587967748,0.0012448132780082987,0.0,0.0007446016381236039
0.002515090543259557,0.0,0.0,0.0018726591760299626,0.0010498687664041995
0.002515090543259557,0.0,0.0,0.0,0.0
0.0004783926008611067,0.00646551724137931,0.0006265664160401002,0.0010878433505575197,0.0010498687664041995
0.0,0.0069767441860465115,0.00102880658436214,0.0010878433505575197,0.005443234836702955
0.0004783926008611067,0.0008269588587967748,0.0,0.0,0.0012755102040816326
0.0004783926008611067,0.0008269588587967748,0.0006265664160401002,0.0,0.0010498687664041995
0.015655577299412915,0.0069767441860465115,0.004705882352941176,0.004296455424274973,0.0017667844522968198
0.0,0.0009532888465204957,0.0,0.006829268292682927,0.015337423312883436
0.0004783926008611067,0.0,0.0004914004914004914,0.0,0.0
0.002560819462227913,0.0,0.0,0.0,0.0
0.0,0.00815494393476045,0.0,0.0018726591760299626,0.0010498687664041995
0.0004783926008611067,0.0009532888465204957,0.0004914004914004914,0.003134796238244514,0.0
0.0004783926008611067,0.0,0.007407407407407408,0.0010878433505575197,0.0010498687664041995
0.0,0.0008269588587967748,0.0,0.0,0.005443234836702955
0.0004783926008611067,0.00815494393476045,0.0,0.0010878433505575197,0.005443234836702955
0.015655577299412915,0.0009532888465204957,0.0012448132780082987,0.0,0.0
0.002515090543259557,0.0069767441860465115,0.004705882352941176,0.0010878433505575197,0.0010498687664041995
0.0,0.0008269588587967748,0.0006265664160401002,0.0010878433505575197,0.03571428571428571
0.015655577299412915,0.0008269588587967748,0.0012448132780082987,0.0010878433505575197,0.0007446016381236039
0.0,0.0069767441860465115,0.0,0.0,0.0
0.015655577299412915,0.0009532888465204957,0.0,0.0,0.007099391480730223
0.0,0.0,0.0004914004914004914,0.0010878433505575197,0.0
0.002515090543259557,0.0,0.0006265664160401002,0.006829268292682927,0.0010498687664041995
0.0,0.0,0.0006265664160401002,0.006829268292682927,0.0
0.0,0.0008269588587967748,0.0,0.004296455424274973,0.0
0.0004783926008611067,0.0,0.0006265664160401002,0.002,0.0
0.002515090543259557,0.0008269588587967748,0.012727272727272728,0.0010878433505575197,0.0010498687664041995
0.0033613445378151263,0.0,0.0012448132780082987,0.0,0.005443234836702955
0.0004783926008611067,0.0008269588587967748,0.007407407407407408,0.004296455424274973,0.0
0.0,0.00646551724137931,0.0012448132780082987,0.0010878433505575197,0.0010498687664041995
0.015655577299412915,0.0008269588587967748,0.007407407407407408,0.0010878433505575197,0.0
0.0,0.0,0.004705882352941176,0.0010878433505575197,0.0
0.015655577299412915,0.00815494393476045,0.0006265664160401002,0.0010878433505575197,0.0010498687664041995
0.0004783926008611067,0.00815494393476045,0.0,0.006829268292682927,0.0
0.0004783926008611067,0.0008269588587967748,0.007407407407407408,0.0010878433505575197,0.0027397260273972603
0.0004783926008611067,0.0008269588587967748,0.0,0.006829268292682927,0.007099391480730223
0.0004783926008611067,0.0008269588587967748,0.010050251256281407,0.0010878433505575197,0.005443234836702955
0.002515090543259557,0.00646551724137931,0.0,0.0,0.0007446016381236039
0.0,0.00646551724137931,0.0006265664160401002,0.004296455424274973,0.0
0.0,0.0009532888465204957,0.0004914004914004914,0.0,0.0010498687664041995
0.0004783926008611067,0.0,0.0,0.0010878433505575197,0.0010498687664041995
0.0004783926008611067,0.0008269588587967748,0.0012448132780082987,0.003134796238244514,0.015337423312883436
0.015655577299412915,0.0,0.0006265664160401002,0.010514018691588784,0.0
0.015655577299412915,0.0008269588587967748,0.0012448132780082987,0.0,0.0010498687664041995
0.002515090543259557,0.00815494393476045,0.0,0.004296455424274973,0.0027397260273972603
0.0033613445378151263,0.0,0.0004914004914004914,0.0,0.007099391480730223
0.0004783926008611067,0.00815494393476045,0.0004914004914004914,0.0010878433505575197,0.0
0.0,0.0,0.0,0.004296455424274973,0.0012755102040816326
0.0,0.0009532888465204957,0.0004914004914004914,0.010514018691588784,0.005443234836702955
0.0,0.0,0.0,0.004296455424274973,0.0
0.0004783926008611067,0.0008269588587967748,0.0004914004914004914,0.004296455424274973,0.0
0.0004783926008611067,0.0008269588587967748,0.0004914004914004914,0.0010878433505575197,0.0012755102040816326
0.0004783926008611067,0.0008269588587967748,0.0012448132780082987,0.0,0.0007446016381236039
0.0004783926008611067,0.0,0.0012448132780082987,0.0010878433505575197,0.0010498687664041995
0.0004783926008611067,0.0,0.0,0.0,0.015337423312883436
0.006369426751592357,0.0069767441860465115,0.00102880658436214,0.0,0.0010498687664041995
0.0004783926008611067,0.00815494393476045,0.0,0.0010878433505575197,0.0
0.0,0.0,0.0,0.0,0.0
0.0033613445378151263,0.00815494393476045,0.0006265664160401002,0.0010878433505575197,0.0012755102040816326
0.002515090543259557,0.00815494393476045,0.0006265664160401002,0.0010878433505575197,0.0
0.006369426751592357,0.0008269588587967748,0.007407407407407408,0.002,0.0010498687664041995
0.002515090543259557,0.0069767441860465115,0.0005493048715574757,0.010514018691588784,0.0010498687664041995
0.0004783926008611067,0.0,0.00102880658436214,0.0010878433505575197,0.007099391480730223
0.002515090543259557,0.0,0.0,0.0010878433505575197,0.0012755102040816326
0.0,0.0,0.0,0.0010878433505575197,0.0
0.0,0.0008269588587967748,0.0,0.004296455424274973,0.0
0.0,0.0008269588587967748,0.0,0.004296455424274973,0.015337423312883436
0.0004783926008611067,0.0,0.0004914004914004914,0.006829268292682927,0.007099391480730223
0.002515090543259557,0.0008269588587967748,0.0,0.0010878433505575197,0.0012755102040816326
0.0004783926008611067,0.0008269588587967748,0.0,0.0,0.0007446016381236039
0.002515090543259557,0.0,0.0006265664160401002,0.0010878433505575197,0.0010498687664041995
0.0,0.0,0.0012448132780082987,0.006829268292682927,0.0027397260273972603
0.0004783926008611067,0.0,0.00102880658436214,0.0010878433505575197,0.0010498687664041995
0.002515090543259557,0.00815494393476045,0.0,0.0010878433505575197,0.0
0.0004783926008611067,0.0,0.012727272727272728,0.004296455424274973,0.0012755102040816326
0.002515090543259557,0.0,0.0012448132780082987,0.0,0.0010498687664041995
0.0004783926008611067,0.0,0.0004914004914004914,0.0,0.02258064516129032
0.002560819462227913,0.0009532888465204957,0.0004914004914004914,0.0010878433505575197,0.0012755102040816326
0.006369426751592357,0.0008269588587967748,0.0,0.0,0.0
0.0004783926008611067,0.0,0.0012448132780082987,0.0010878433505575197,0.02258064516129032
0.0,0.0,0.0006265664160401002,0.0010878433505575197,0.0007446016381236039
0.0,0.0008269588587967748,0.00102880658436214,0.0010878433505575197,0.0010498687664041995
0.002560819462227913,0.0,0.0006265664160401002,0.0,0.0010498687664041995
0.0004783926008611067,0.0008269588587967748,0.0,0.0010878433505575197,0.005443234836702955
0.0004783926008611067,0.0008269588587967748,0.0,0.0010878433505575197,0.0007446016381236039
0.0,0.0,0.0006265664160401002,0.0,0.0
0.002515090543259557,0.0008269588587967748,0.00102880658436214,0.0010878433505575197,0.005443234836702955
0.0,0.0008269588587967748,0.0,0.010514018691588784,0.02258064516129032
0.0004783926008611067,0.0008269588587967748,0.0004914004914004914,0.010514018691588784,0.0017667844522968198
0.0004783926008611067,0.0,0.010050251256281407,0.0,0.0010498687664041995
0.0,0.0,0.00102880658436214,0.0,0.0
0.006369426751592357,0.00815494393476045,0.0,0.0010878433505575197,0.0010498687664041995
0.006369426751592357,0.0008269588587967748,0.00102880658436214,0.0,0.0010498687664041995
0.0,0.0,0.0,0.0010878433505575197,0.02258064516129032
0.0,0.00815494393476045,0.0,0.0,0.0
0.0004783926008611067,0.0009532888465204957,0.0006265664160401002,0.004296455424274973,0.0
0.03225806451612903,0.0008269588587967748,0.022857142857142857,0.004296455424274973,0.0
0.0004783926008611067,0.0008269588587967748,0.0,0.0010878433505575197,0.0010498687664041995
0.002515090543259557,0.0008269588587967748,0.00102880658436214,0.0010878433505575197,0.0010498687664041995
0.0004783926008611067,0.0009532888465204957,0.0012448132780082987,0.0010878433505575197,0.0
0.015655577299412915,0.0009532888465204957,0.0006265664160401002,0.0,0.0010498687664041995
0.0004783926008611067,0.01702127659574468,0.012727272727272728,0.004296455424274973,0.0010498687664041995
0.002515090543259557,0.0,0.0,0.004296455424274973,0.0
0.0004783926008611067,0.0,0.0012448132780082987,0.0,0.0010498687664041995
0.0004783926008611067,0.0009532888465204957,0.007407407407407408,0.0,0.0010498687664041995
0.0004783926008611067,0.0,0.010050251256281407,0.0018726591760299626,0.0007446016381236039
0.0004783926008611067,0.0009532888465204957,0.0,0.0018726591760299626,0.03571428571428571
0.0,0.00815494393476045,0.0,0.07692307692307693,0.0017667844522968198
0.002515090543259557,0.0009532888465204957,0.007407407407407408,0.0010878433505575197,0.0
0.0004783926008611067,0.01702127659574468,0.022857142857142857,0.0,0.0010498687664041995
0.0004783926008611067,0.0008269588587967748,0.0004914004914004914,0.006829268292682927,0.007099391480730223
0.002560819462227913,0.0008269588587967748,0.0004914004914004914,0.0,0.0
0.0033613445378151263,0.0008269588587967748,0.0,0.0010878433505575197,0.0010498687664041995
0.0,0.0008269588587967748,0.0004914004914004914,0.002,0.0007446016381236039
0.002515090543259557,0.0008269588587967748,0.0,0.004296455424274973,0.0010498687664041995
0.0004783926008611067,0.0009532888465204957,0.0,0.004296455424274973,0.007099391480730223
0.0004783926008611067,0.0,0.007407407407407408,0.0018726591760299626,0.0
0.002515090543259557,0.00646551724137931,0.0006265664160401002,0.010514018691588784,0.005443234836702955
0.0004783926008611067,0.0,0.007407407407407408,0.0,0.0010498687664041995
0.0,0.0,0.0,0.0,0.0
0.0,0.0,0.0,0.0,0.0
0.0004783926008611067,0.0,0.0012448132780082987,0.0018726591760299626,0.0010498687664041995
0.0004783926008611067,0.0009532888465204957,0.0,0.0,0.02258064516129032
0.002515090543259557,0.0,0.0,0.0010878433505575197,0.02258064516129032
0.006369426751592357,0.0008269588587967748,0.007407407407407408,0.0,0.0017667844522968198
0.0004783926008611067,0.0,0.0,0.0010878433505575197,0.0
0.0,0.0009532888465204957,0.0004914004914004914,0.0,0.0010498687664041995
0.0004783926008611067,0.0008269588587967748,0.0,0.006829268292682927,0.0012755102040816326
0.0004783926008611067,0.0009532888465204957,0.0004914004914004914,0.0,0.015337423312883436
0.0004783926008611067,0.0,0.0012448132780082987,0.004296455424274973,0.0
0.0004783926008611067,0.0008269588587967748,0.0004914004914004914,0.010514018691588784,0.0007446016381236039
0.0,0.0009532888465204957,0.0,0.0,0.0010498687664041995
0.0004783926008611067,0.0008269588587967748,0.0012448132780082987,0.0010878433505575197,0.0
0.015655577299412915,0.0,0.0006265664160401002,0.0,0.0
0.0004783926008611067,0.0008269588587967748,0.0012448132780082987,0.010514018691588784,0.0012755102040816326
0.002515090543259557,0.0,0.0,0.0,0.0027397260273972603
0.0,0.0009532888465204957,0.0,0.0,0.015337423312883436
0.0004783926008611067,0.00815494393476045,0.0012448132780082987,0.004296455424274973,0.0
0.0004783926008611067,0.0008269588587967748,0.0,0.0,0.0010498687664041995
0.0004783926008611067,0.0,0.0,0.0010878433505575197,0.0007446016381236039
0.0,0.0,0.0,0.004296455424274973,0.0007446016381236039
0.002560819462227913,0.0069767441860465115,0.0012448132780082987,0.004296455424274973,0.0
0.002515090543259557,0.0008269588587967748,0.0,0.0,0.015337423312883436
0.006369426751592357,0.0008269588587967748,0.012727272727272728,0.0010878433505575197,0.005443234836702955
0.006369426751592357,0.0009532888465204957,0.0004914004914004914,0.010514018691588784,0.005443234836702955
0.0,0.0,0.0012448132780082987,0.0010878433505575197,0.0012755102040816326
0.0004783926008611067,0.0008269588587967748,0.0012448132780082987,0.0,0.0017667844522968198
0.0033613445378151263,0.0008269588587967748,0.0006265664160401002,0.0,0.0
0.0004783926008611067,0.0,0.0006265664160401002,0.0,0.0
0.03225806451612903,0.0,0.0,0.0010878433505575197,0.007099391480730223
0.0004783926008611067,0.0009532888465204957,0.012727272727272728,0.0010878433505575197,0.0010498687664041995
0.0033613445378151263,0.0008269588587967748,0.00102880658436214,0.0010878433505575197,0.0
0.002560819462227913,0.0069767441860465115,0.0012448132780082987,0.0010878433505575197,0.0
0.002515090543259557,0.00646551724137931,0.0,0.0010878433505575197,0.0
0.0,0.0008269588587967748,0.0,0.002,0.0010498687664041995
0.0004783926008611067,0.025906735751295335,0.0,0.004296455424274973,0.0
0.002515090543259557,0.0009532888465204957,0.0,0.0,0.007099391480730223
0.0004783926008611067,0.0,0.0004914004914004914,0.006829268292682927,0.03571428571428571
0.0004783926008611067,0.0009532888465204957,0.007407407407407408,0.010514018691588784,0.0
0.002560819462227913,0.0008269588587967748,0.0012448132780082987,0.0,0.11538461538461539
0.006369426751592357,0.00646551724137931,0.0,0.0,0.0
0.0,0.0,0.0,0.004296455424274973,0.0
0.0004783926008611067,0.0008269588587967748,0.0012448132780082987,0.010514018691588784,0.0010498687664041995
0.0004783926008611067,0.0009532888465204957,0.004705882352941176,0.0,0.0007446016381236039
0.002560819462227913,0.0008269588587967748,0.0006265664160401002,0.0010878433505575197,0.015337423312883436
0.002560819462227913,0.0008269588587967748,0.0,0.0010878433505575197,0.0
0.002515090543259557,0.0069767441860465115,0.0004914004914004914,0.0010878433505575197,0.0010498687664041995
0.0,0.0,0.007407407407407408,0.004296455424274973,0.0007446016381236039
0.0,0.0009532888465204957,0.0,0.0,0.0
0.002515090543259557,0.0008269588587967748,0.0012448132780082987,0.010514018691588784,0.0010498687664041995
0.0004783926008611067,0.0008269588587967748,0.0,0.010514018691588784,0.005443234836702955
0.002560819462227913,0.0,0.00102880658436214,0.010514018691588784,0.0017667844522968198
0.0,0.0008269588587967748,0.00102880658436214,0.0,0.005443234836702955
0.0,0.0009532888465204957,0.0004914004914004914,0.0010878433505575197,0.0010498687664041995
0.0,0.0,0.0012448132780082987,0.003134796238244514,0.0
0.0004783926008611067,0.0,0.00102880658436214,0.0,0.005443234836702955
0.0004783926008611067,0.0,0.0012448132780082987,0.004296455424274973,0.007099391480730223
0.0004783926008611067,0.0,0.007407407407407408,0.0,0.0010498687664041995
0.0004783926008611067,0.0069767441860465115,0.0,0.0,0.0010498687664041995
0.006369426751592357,0.0009532888465204957,0.0012448132780082987,0.0010878433505575197,0.0
0.0004783926008611067,0.0,0.0012448132780082987,0.0,0.0
0.0033613445378151263,0.0009532888465204957,0.0,0.0,0.0010498687664041995
0.002560819462227913,0.0008269588587967748,0.0006265664160401002,0.0010878433505575197,0.02258064516129032
0.0033613445378151263,0.00646551724137931,0.004705882352941176,0.0,0.0
0.015655577299412915,0.0008269588587967748,0.007407407407407408,0.0,0.0007446016381236039
0.0004783926008611067,0.00646551724137931,0.0004914004914004914,0.0,0.0010498687664041995
0.0004783926008611067,0.00646551724137931,0.0,0.0,0.0
0.0,0.0008269588587967748,0.0004914004914004914,0.006829268292682927,0.005443234836702955
0.002515090543259557,0.0008269588587967748,0.004705882352941176,0.0010878433505575197,0.0027397260273972603
0.0004783926008611067,0.0009532888465204957,0.0,0.0,0.0010498687664041995
0.002560819462227913,0.0008269588587967748,0.0,0.0,0.007099391480730223
0.0004783926008611067,0.0,0.00102880658436214,0.006829268292682927,0.0
0.0004783926008611067,0.0,0.0,0.006829268292682927,0.0
0.0004783926008611067,0.0008269588587967748,0.0,0.0,0.0
0.0,0.0009532888465204957,0.0,0.0010878433505575197,0.0010498687664041995
0.0004783926008611067,0.0008269588587967748,0.0,0.0018726591760299626,0.0010498687664041995
0.002515090543259557,0.0,0.0012448132780082987,0.0018726591760299626,0.0
0.0,0.00646551724137931,0.007407407407407408,0.004296455424274973,0.0010498687664041995
0.015655577299412915,0.0009532888465204957,0.0004914004914004914,0.0010878433505575197,0.0007446016381236039
0.0,0.0009532888465204957,0.0,0.0018726591760299626,0.015337423312883436
0.002515090543259557,0.0009532888465204957,0.007407407407407408,0.004296455424274973,0.0
0.0,0.0,0.0,0.0018726591760299626,0.02258064516129032
0.0004783926008611067,0.0008269588587967748,0.004705882352941176,0.003134796238244514,0.005443234836702955
0.0,0.0008269588587967748,0.0,0.010514018691588784,0.005443234836702955
0.015655577299412915,0.0009532888465204957,0.0004914004914004914,0.038461538461538464,0.0
0.015655577299412915,0.0,0.00102880658436214,0.0018726591760299626,0.015337423312883436
0.002515090543259557,0.0009532888465204957,0.0006265664160401002,0.0,0.007099391480730223
0.0,0.0009532888465204957,0.0,0.0010878433505575197,0.015337423312883436
0.0004783926008611067,0.00646551724137931,0.0,0.0018726591760299626,0.007099391480730223
0.0004783926008611067,0.00646551724137931,0.00102880658436214,0.004296455424274973,0.0017667844522968198
0.0033613445378151263,0.0069767441860465115,0.0,0.004296455424274973,0.0010498687664041995
0.0,0.00815494393476045,0.007407407407407408,0.0,0.02258064516129032
0.0,0.0069767441860465115,0.0,0.002,0.0027397260273972603
0.0004783926008611067,0.0,0.0006265664160401002,0.0,0.0
0.0,0.00815494393476045,0.0,0.0,0.007099391480730223
0.0033613445378151263,0.0008269588587967748,0.0004914004914004914,0.0,0.015337423312883436
0.002515090543259557,0.0,0.0012448132780082987,0.0010878433505575197,0.0010498687664041995
0.0,0.0069767441860465115,0.0,0.0010878433505575197,0.0
0.0004783926008611067,0.0008269588587967748,0.0,0.002,0.0017667844522968198
0.0004783926008611067,0.0,0.0,0.0,0.007099391480730223
0.0004783926008611067,0.00815494393476045,0.0,0.0,0.0010498687664041995
0.0004783926008611067,0.0008269588587967748,0.00102880658436214,0.0,0.0010498687664041995
0.0,0.0008269588587967748,0.0,0.0010878433505575197,0.0
0.0004783926008611067,0.0008269588587967748,0.0,0.0,0.0012755102040816326
0.0,0.0,0.0,0.006829268292682927,0.005443234836702955
0.0,0.0,0.007407407407407408,0.0018726591760299626,0.0010498687664041995
0.002515090543259557,0.0008269588587967748,0.0004914004914004914,0.0,0.0
0.002515090543259557,0.00646551724137931,0.0,0.0,0.0007446016381236039
0.0004783926008611067,0.0008269588587967748,0.012727272727272728,0.004296455424274973,0.0012755102040816326
0.0004783926008611067,0.0,0.007407407407407408,0.004296455424274973,0.0007446016381236039
0.002515090543259557,0.025906735751295335,0.0012448132780082987,0.0,0.0012755102040816326
0.002515090543259557,0.0069767441860465115,0.0006265664160401002,0.0,0.0010498687664041995
0.0004783926008611067,0.0,0.0004914004914004914,0.0,0.03571428571428571
0.0004783926008611067,0.0008269588587967748,0.0,0.0010878433505575197,0.0
0.0004783926008611067,0.0009532888465204957,0.0,0.010514018691588784,0.0
0.002560819462227913,0.00646551724137931,0.007407407407407408,0.0018726591760299626,0.0
0.0004783926008611067,0.0,0.007407407407407408,0.0,0.0010498687664041995
0.0004783926008611067,0.025906735751295335,0.0,0.0010878433505575197,0.0
0.002515090543259557,0.0008269588587967748,0.0006265664160401002,0.004296455424274973,0.0
0.0,0.0009532888465204957,0.0004914004914004914,0.004296455424274973,0.0
0.0004783926008611067,0.0009532888465204957,0.0,0.0,0.0007446016381236039
0.015655577299412915,0.00646551724137931,0.007407407407407408,0.0018726591760299626,0.015337423312883436
0.0004783926008611067,0.00815494393476045,0.0012448132780082987,0.010514018691588784,0.0007446016381236039
0.0004783926008611067,0.0,0.0,0.004296455424274973,0.0
0.0004783926008611067,0.0,0.0,0.0010878433505575197,0.015337423312883436
0.015655577299412915,0.0008269588587967748,0.0,0.0010878433505575197,0.0
0.0,0.0069767441860465115,0.0012448132780082987,0.0010878433505575197,0.007099391480730223
0.015655577299412915,0.0009532888465204957,0.0,0.0,0.0010498687664041995
0.0004783926008611067,0.0008269588587967748,0.0,0.0,0.0010498687664041995
0.0004783926008611067,0.0009532888465204957,0.0,0.004296455424274973,0.0010498687664041995
0.0004783926008611067,0.00646551724137931,0.0004914004914004914,0.003134796238244514,0.0010498687664041995
0.0004783926008611067,0.00815494393476045,0.0006265664160401002,0.0,0.0017667844522968198
0.0,0.00646551724137931,0.004705882352941176,0.0010878433505575197,0.0012755102040816326
0.0,0.0,0.0004914004914004914,0.0,0.0
0.0033613445378151263,0.00815494393476045,0.046511627906976744,0.004296455424274973,0.015337423312883436
0.0004783926008611067,0.0069767441860465115,0.0006265664160401002,0.0010878433505575197,0.0017667844522968198
0.0004783926008611067,0.0009532888465204957,0.0012448132780082987,0.0010878433505575197,0.0
0.0033613445378151263,0.00815494393476045,0.0012448132780082987,0.0018726591760299626,0.0
0.0,0.0009532888465204957,0.0,0.0,0.0
0.0,0.0069767441860465115,0.0004914004914004914,0.0,0.0
0.0004783926008611067,0.00815494393476045,0.0012448132780082987,0.004296455424274973,0.0012755102040816326
0.0,0.0,0.0012448132780082987,0.004296455424274973,0.0
0.0004783926008611067,0.0069767441860465115,0.0,0.0010878433505575197,0.0
0.0,0.0008269588587967748,0.0004914004914004914,0.0,0.0010498687664041995
0.0004783926008611067,0.0009532888465204957,0.0,0.0,0.0007446016381236039
0.0004783926008611067,0.0,0.007407407407407408,0.004296455424274973,0.0007446016381236039
0.0004783926008611067,0.0069767441860465115,0.0,0.0,0.0012755102040816326
0.0004783926008611067,0.00815494393476045,0.0004914004914004914,0.0,0.0010498687664041995
0.0004783926008611067,0.0,0.0,0.006829268292682927,0.0
0.0004783926008611067,0.00815494393476045,0.0,0.010514018691588784,0.0007446016381236039
0.015655577299412915,0.025906735751295335,0.007407407407407408,0.0010878433505575197,0.0
0.0033613445378151263,0.0008269588587967748,0.0012448132780082987,0.0010878433505575197,0.0007446016381236039
0.0,0.0009532888465204957,0.010050251256281407,0.0,0.015337423312883436
0.0004783926008611067,0.0,0.0012448132780082987,0.0,0.005443234836702955
0.002515090543259557,0.0,0.0,0.010514018691588784,0.0012755102040816326
0.0,0.0069767441860465115,0.0,0.0010878433505575197,0.0
0.0004783926008611067,0.0008269588587967748,0.012727272727272728,0.004296455424274973,0.015337423312883436
0.0033613445378151263,0.0009532888465204957,0.0012448132780082987,0.010514018691588784,0.0027397260273972603
0.006369426751592357,0.0008269588587967748,0.0004914004914004914,0.0,0.0010498687664041995
0.0004783926008611067,0.0069767441860465115,0.0,0.010514018691588784,0.007099391480730223
0.015655577299412915,0.0009532888465204957,0.0,0.004296455424274973,0.005443234836702955
0.015655577299412915,0.0008269588587967748,0.0004914004914004914,0.004296455424274973,0.0010498687664041995
0.0004783926008611067,0.0,0.0,0.006829268292682927,0.005443234836702955
0.0004783926008611067,0.0008269588587967748,0.0012448132780082987,0.0,0.0
0.0004783926008611067,0.025906735751295335,0.007407407407407408,0.0,0.0010498687664041995
0.0,0.0008269588587967748,0.0012448132780082987,0.0,0.0
0.002515090543259557,0.0009532888465204957,0.00102880658436214,0.010514018691588784,0.0010498687664041995
0.015655577299412915,0.0009532888465204957,0.007407407407407408,0.0,0.0
0.0004783926008611067,0.0008269588587967748,0.007407407407407408,0.006829268292682927,0.0
0.0004783926008611067,0.0008269588587967748,0.004705882352941176,0.0010878433505575197,0.0007446016381236039
0.002560819462227913,0.00646551724137931,0.0,0.004296455424274973,0.0010498687664041995
0.0004783926008611067,0.0009532888465204957,0.0006265664160401002,0.006829268292682927,0.015337423312883436
0.0,0.0008269588587967748,0.00102880658436214,0.0,0.0012755102040816326
0.0,0.00815494393476045,0.0,0.0010878433505575197,0.0017667844522968198
0.002515090543259557,0.0,0.0012448132780082987,0.004296455424274973,0.005443234836702955
0.0004783926008611067,0.0,0.0012448132780082987,0.0018726591760299626,0.0
0.0,0.0008269588587967748,0.0,0.0010878433505575197,0.0
0.006369426751592357,0.0009532888465204957,0.0,0.0010878433505575197,0.0
0.0004783926008611067,0.0009532888465204957,0.0006265664160401002,0.0010878433505575197,0.0
0.0,0.00646551724137931,0.0004914004914004914,0.0,0.0
0.0,0.00646551724137931,0.0,0.004296455424274973,0.007099391480730223
0.002515090543259557,0.0008269588587967748,0.0006265664160401002,0.0018726591760299626,0.0012755102040816326
0.0004783926008611067,0.00815494393476045,0.0012448132780082987,0.0,0.007099391480730223
0.002515090543259557,0.0008269588587967748,0.00102880658436214,0.0018726591760299626,0.0
0.0004783926008611067,0.0008269588587967748,0.012727272727272728,0.0010878433505575197,0.02258064516129032
0.0,0.025906735751295335,0.00102880658436214,0.004296455424274973,0.0012755102040816326
0.0004783926008611067,0.0009532888465204957,0.010050251256281407,0.0,0.0
0.0,0.0,0.004705882352941176,0.0,0.0
0.0004783926008611067,0.0008269588587967748,0.0,0.006829268292682927,0.0
0.002515090543259557,0.0,0.0,0.004296455424274973,0.0010498687664041995
0.0033613445378151263,0.0008269588587967748,0.0012448132780082987,0.004296455424274973,0.0027397260273972603
0.0004783926008611067,0.0008269588587967748,0.00102880658436214,0.0,0.0
0.015655577299412915,0.0,0.0012448132780082987,0.010514018691588784,0.005443234836702955
0.015655577299412915,0.0,0.0,0.010514018691588784,0.0
0.0,0.0008269588587967748,0.0,0.0,0.0
0.0,0.0,0.0,0.006829268292682927,0.02258064516129032
0.0004783926008611067,0.0069767441860465115,0.0012448132780082987,0.0,0.0007446016381236039
0.002515090543259557,0.0008269588587967748,0.0012448132780082987,0.0273972602739726,0.0010498687664041995
0.002560819462227913,0.0008269588587967748,0.0004914004914004914,0.0,0.0010498687664041995
0.0004783926008611067,0.0,0.0,0.0010878433505575197,0.007099391480730223
0.0004783926008611067,0.0,0.0012448132780082987,0.003134796238244514,0.015337423312883436
0.0004783926008611067,0.025906735751295335,0.0006265664160401002,0.002,0.0010498687664041995
0.0,0.0,0.0,0.0,0.0
0.006369426751592357,0.00815494393476045,0.0004914004914004914,0.0,0.0
0.0004783926008611067,0.0,0.0012448132780082987,0.0,0.015337423312883436
0.0004783926008611067,0.025906735751295335,0.0004914004914004914,0.002,0.0
0.0004783926008611067,0.025906735751295335,0.0,0.006829268292682927,0.0027397260273972603
0.0004783926008611067,0.00646551724137931,0.007407407407407408,0.0018726591760299626,0.0012755102040816326
0.0004783926008611067,0.0009532888465204957,0.007407407407407408,0.0010878433505575197,0.0
0.002515090543259557,0.00646551724137931,0.00102880658436214,0.0,0.0
0.0004783926008611067,0.01702127659574468,0.0012448132780082987,0.0,0.0010498687664041995
0.002515090543259557,0.0008269588587967748,0.00102880658436214,0.0018726591760299626,0.005443234836702955
0.0004783926008611067,0.0009532888465204957,0.0,0.006829268292682927,0.0012755102040816326
0.006369426751592357,0.00815494393476045,0.012727272727272728,0.0010878433505575197,0.0007446016381236039
0.0,0.0,0.0,0.0,0.0010498687664041995
0.002515090543259557,0.0,0.0,0.002,0.0
0.0004783926008611067,0.0008269588587967748,0.0,0.010514018691588784,0.0007446016381236039
0.002515090543259557,0.00646551724137931,0.007407407407407408,0.002,0.015337423312883436
0.0004783926008611067,0.0008269588587967748,0.0,0.0,0.0
0.0004783926008611067,0.0,0.022857142857142857,0.006829268292682927,0.0007446016381236039
0.0004783926008611067,0.0008269588587967748,0.007407407407407408,0.002,0.0010498687664041995
0.0004783926008611067,0.0008269588587967748,0.0,0.0,0.0010498687664041995
0.0004783926008611067,0.0009532888465204957,0.007407407407407408,0.0,0.0010498687664041995
0.0004783926008611067,0.00815494393476045,0.0012448132780082987,0.0010878433505575197,0.005443234836702955
0.0,0.0,0.007407407407407408,0.004296455424274973,0.0010498687664041995
0.0004783926008611067,0.0069767441860465115,0.0004914004914004914,0.0,0.015337423312883436
0.002560819462227913,0.0008269588587967748,0.0,0.0010878433505575197,0.0012755102040816326
0.002515090543259557,0.0008269588587967748,0.007407407407407408,0.010514018691588784,0.0027397260273972603
0.0004783926008611067,0.0009532888465204957,0.0012448132780082987,0.006829268292682927,0.0
0.0004783926008611067,0.0008269588587967748,0.0,0.0,0.015337423312883436
0.0,0.0009532888465204957,0.0004914004914004914,0.0010878433505575197,0.005443234836702955
0.0004783926008611067,0.0,0.0,0.0,0.0017667844522968198
0.0004783926008611067,0.0008269588587967748,0.00102880658436214,0.0010878433505575197,0.0
0.0004783926008611067,0.0,0.0,0.0010878433505575197,0.0010498687664041995
0.0,0.0,0.022857142857142857,0.0,0.0
0.0033613445378151263,0.00815494393476045,0.007407407407407408,0.0,0.0010498687664041995
0.0,0.0,0.0004914004914004914,0.0,0.0
0.0033613445378151263,0.0008269588587967748,0.0006265664160401002,0.0,0.0
0.0004783926008611067,0.00815494393476045,0.00102880658436214,0.006829268292682927,0.0017667844522968198
0.0,0.00815494393476045,0.0,0.0,0.0007446016381236039
0.006369426751592357,0.0008269588587967748,0.0004914004914004914,0.010514018691588784,0.0010498687664041995
0.0004783926008611067,0.0,0.0006265664160401002,0.0010878433505575197,0.0
0.015655577299412915,0.0,0.00102880658436214,0.004296455424274973,0.0017667844522968198
0.002515090543259557,0.0,0.007407407407407408,0.0010878433505575197,0.0007446016381236039
0.0,0.01702127659574468,0.0004914004914004914,0.004296455424274973,0.0
0.0,0.00646551724137931,0.004705882352941176,0.0,0.0010498687664041995
0.002515090543259557,0.0008269588587967748,0.012727272727272728,0.0,0.0
0.0004783926008611067,0.0008269588587967748,0.012727272727272728,0.0,0.007099391480730223
0.0004783926008611067,0.0,0.0,0.0,0.015337423312883436
0.0,0.0009532888465204957,0.00102880658436214,0.0,0.015337423312883436
0.015655577299412915,0.025906735751295335,0.0,0.038461538461538464,0.005443234836702955
0.002560819462227913,0.0008269588587967748,0.0012448132780082987,0.0018726591760299626,0.0017667844522968198
0.0,0.0009532888465204957,0.0,0.0010878433505575197,0.0
0.0004783926008611067,0.0009532888465204957,0.0012448132780082987,0.002,0.0
0.0004783926008611067,0.00646551724137931,0.0012448132780082987,0.0010878433505575197,0.0
0.002560819462227913,0.0008269588587967748,0.0,0.0,0.0010498687664041995
0.0004783926008611067,0.0009532888465204957,0.0006265664160401002,0.0,0.015337423312883436
0.0004783926008611067,0.0008269588587967748,0.0,0.0010878433505575197,0.0017667844522968198
0.002515090543259557,0.0,0.0012448132780082987,0.0010878433505575197,0.02258064516129032
0.0004783926008611067,0.00815494393476045,0.010050251256281407,0.0010878433505575197,0.005443234836702955
0.0004783926008611067,0.0,0.0006265664160401002,0.0010878433505575197,0.0017667844522968198
0.0004783926008611067,0.00646551724137931,0.007407407407407408,0.0,0.0010498687664041995
0.002515090543259557,0.0008269588587967748,0.0004914004914004914,0.003134796238244514,0.0007446016381236039
0.002515090543259557,0.0,0.004705882352941176,0.004296455424274973,0.0
0.002560819462227913,0.00815494393476045,0.00102880658436214,0.006829268292682927,0.0
0.0004783926008611067,0.025906735751295335,0.0012448132780082987,0.0010878433505575197,0.007099391480730223
0.0004783926008611067,0.00815494393476045,0.0,0.004296455424274973,0.005443234836702955
0.0004783926008611067,0.0,0.0006265664160401002,0.0,0.0
0.0004783926008611067,0.0009532888465204957,0.0006265664160401002,0.0,0.0012755102040816326
0.002560819462227913,0.0009532888465204957,0.0,0.0018726591760299626,0.0
0.0004783926008611067,0.00815494393476045,0.0004914004914004914,0.0010878433505575197,0.0
0.002560819462227913,0.0069767441860465115,0.00102880658436214,0.010514018691588784,0.0010498687664041995
0.015655577299412915,0.0008269588587967748,0.0,0.0,0.0017667844522968198
0.0,0.025906735751295335,0.007407407407407408,0.004296455424274973,0.005443234836702955
0.0,0.0,0.0006265664160401002,0.0010878433505575197,0.0010498687664041995
0.015655577299412915,0.0008269588587967748,0.0,0.0010878433505575197,0.0010498687664041995
0.0004783926008611067,0.00646551724137931,0.0,0.002,0.0010498687664041995
0.006369426751592357,0.0,0.0,0.0,0.015337423312883436
0.0,0.0008269588587967748,0.0004914004914004914,0.0010878433505575197,0.0
0.0004783926008611067,0.0008269588587967748,0.0004914004914004914,0.0018726591760299626,0.0
0.0,0.0009532888465204957,0.0012448132780082987,0.006829268292682927,0.0
0.002515090543259557,0.0008269588587967748,0.0004914004914004914,0.0010878433505575197,0.0
0.0004783926008611067,0.00815494393476045,0.0,0.0,0.0
0.006369426751592357,0.0008269588587967748,0.012727272727272728,0.004296455424274973,0.0012755102040816326
0.0,0.0008269588587967748,0.0,0.010514018691588784,0.0010498687664041995
0.002515090543259557,0.0008269588587967748,0.0004914004914004914,0.0010878433505575197,0.0
0.0004783926008611067,0.0069767441860465115,0.0004914004914004914,0.0018726591760299626,0.0010498687664041995
0.0,0.0009532888465204957,0.0,0.0010878433505575197,0.0027397260273972603
0.0004783926008611067,0.0008269588587967748,0.0004914004914004914,0.0,0.0010498687664041995
0.0004783926008611067,0.0008269588587967748,0.0,0.0,0.0
0.0004783926008611067,0.0008269588587967748,0.0012448132780082987,0.0,0.0010498687664041995
0.0004783926008611067,0.0008269588587967748,0.0,0.0,0.0007446016381236039
0.0,0.0069767441860465115,0.0,0.006829268292682927,0.0010498687664041995
0.0004783926008611067,0.1111111111111111,0.007407407407407408,0.0010878433505575197,0.0010498687664041995
0.006369426751592357,0.0,0.0004914004914004914,0.0018726591760299626,0.0
0.0004783926008611067,0.0,0.004705882352941176,0.0,0.005443234836702955
0.0004783926008611067,0.0008269588587967748,0.0012448132780082987,0.003134796238244514,0.0017667844522968198
0.015655577299412915,0.0008269588587967748,0.004705882352941176,0.006829268292682927,0.0
0.0004783926008611067,0.0,0.010050251256281407,0.0,0.005443234836702955
0.0004783926008611067,0.0009532888465204957,0.0004914004914004914,0.0010878433505575197,0.005443234836702955
0.0,0.0008269588587967748,0.0004914004914004914,0.004296455424274973,0.0
0.0004783926008611067,0.0009532888465204957,0.0012448132780082987,0.0,0.0012755102040816326
0.0,0.0008269588587967748,0.0012448132780082987,0.0,0.0
0.0004783926008611067,0.0009532888465204957,0.0004914004914004914,0.010514018691588784,0.03571428571428571
0.002515090543259557,0.0008269588587967748,0.0004914004914004914,0.010514018691588784,0.0010498687664041995
0.0004783926008611067,0.0008269588587967748,0.0,0.004296455424274973,0.015337423312883436
0.0033613445378151263,0.0,0.0,0.0,0.015337423312883436
0.002515090543259557,0.0009532888465204957,0.0012448132780082987,0.0018726591760299626,0.0
0.0,0.0009532888465204957,0.0004914004914004914,0.0,0.0010498687664041995
0.0,0.0,0.00102880658436214,0.0010878433505575197,0.0
0.006369426751592357,0.0008269588587967748,0.0012448132780082987,0.0010878433505575197,0.0010498687664041995
0.002560819462227913,0.00815494393476045,0.007407407407407408,0.010514018691588784,0.0
0.0004783926008611067,0.0009532888465204957,0.0,0.010514018691588784,0.0
0.015655577299412915,0.0008269588587967748,0.0012448132780082987,0.0010878433505575197,0.007099391480730223
0.0033613445378151263,0.0008269588587967748,0.0012448132780082987,0.0,0.005443234836702955
0.0,0.0,0.0004914004914004914,0.0018726591760299626,0.0010498687664041995
0.0004783926008611067,0.0008269588587967748,0.0,0.0,0.0
0.0004783926008611067,0.0009532888465204957,0.0004914004914004914,0.0,0.0
0.0004783926008611067,0.0009532888465204957,0.0012448132780082987,0.003134796238244514,0.0
0.0004783926008611067,0.0008269588587967748,0.0012448132780082987,0.004296455424274973,0.0007446016381236039
0.0,0.0,0.0,0.0,0.0010498687664041995
0.0004783926008611067,0.0069767441860465115,0.0004914004914004914,0.0010878433505575197,0.005443234836702955
0.0,0.0,0.0,0.0010878433505575197,0.0010498687664041995
0.0004783926008611067,0.0,0.0,0.006829268292682927,0.0010498687664041995
0.0004783926008611067,0.0009532888465204957,0.00102880658436214,0.0010878433505575197,0.0010498687664041995
0.0004783926008611067,0.0,0.0004914004914004914,0.006829268292682927,0.0
0.0004783926008611067,0.0,0.0006265664160401002,0.0010878433505575197,0.015337423312883436
0.0004783926008611067,0.0,0.0012448132780082987,0.0,0.0012755102040816326
0.002515090543259557,0.0008269588587967748,0.0006265664160401002,0.006829268292682927,0.0
0.0,0.0008269588587967748,0.0004914004914004914,0.0010878433505575197,0.0010498687664041995
0.0004783926008611067,0.0008269588587967748,0.0004914004914004914,0.002,0.0
0.0004783926008611067,0.0008269588587967748,0.0,0.002,0.005443234836702955
0.002515090543259557,0.0008269588587967748,0.0006265664160401002,0.010514018691588784,0.0010498687664041995
0.002515090543259557,0.00815494393476045,0.0006265664160401002,0.0010878433505575197,0.0010498687664041995
0.0004783926008611067,0.00815494393476045,0.00102880658436214,0.0018726591760299626,0.0010498687664041995
0.0004783926008611067,0.0,0.0012448132780082987,0.002,0.0
0.002515090543259557,0.0009532888465204957,0.0,0.0010878433505575197,0.0
0.0004783926008611067,0.0009532888465204957,0.0012448132780082987,0.010514018691588784,0.0017667844522968198
0.0,0.0008269588587967748,0.0006265664160401002,0.0,0.005443234836702955
0.0004783926008611067,0.0008269588587967748,0.007407407407407408,0.0,0.0010498687664041995
0.015655577299412915,0.0,0.0004914004914004914,0.0,0.0010498687664041995
0.0004783926008611067,0.00646551724137931,0.0,0.0010878433505575197,0.0010498687664041995
0.0,0.0,0.0006265664160401002,0.0,0.0010498687664041995
0.002515090543259557,0.00815494393476045,0.0,0.0010878433505575197,0.0
0.0004783926008611067,0.0009532888465204957,0.0012448132780082987,0.0,0.0
0.0,0.0008269588587967748,0.0,0.0010878433505575197,0.007099391480730223
0.006369426751592357,0.0008269588587967748,0.022857142857142857,0.010514018691588784,0.0
0.002515090543259557,0.0,0.0012448132780082987,0.004296455424274973,0.0
0.0004783926008611067,0.0008269588587967748,0.0,0.0010878433505575197,0.0010498687664041995
0.002515090543259557,0.00815494393476045,0.0,0.0010878433505575197,0.0010498687664041995
0.0,0.0,0.007407407407407408,0.004296455424274973,0.0
0.006369426751592357,0.0,0.0,0.0273972602739726,0.0
0.0004783926008611067,0.0,0.0,0.0,0.005443234836702955
0.002560819462227913,0.00815494393476045,0.0004914004914004914,0.0,0.007099391480730223
0.002560819462227913,0.0,0.0006265664160401002,0.0,0.0010498687664041995
0.0004783926008611067,0.0,0.0,0.004296455424274973,0.0010498687664041995
0.0,0.0008269588587967748,0.0004914004914004914,0.0010878433505575197,0.0017667844522968198
0.0,0.0008269588587967748,0.0012448132780082987,0.0,0.0
0.0004783926008611067,0.0,0.0,0.004296455424274973,0.0007446016381236039
0.002515090543259557,0.0,0.0012448132780082987,0.0,0.015337423312883436
0.0033613445378151263,0.0008269588587967748,0.012727272727272728,0.0,0.015337423312883436
0.002515090543259557,0.0009532888465204957,0.0012448132780082987,0.0010878433505575197,0.005443234836702955
0.0,0.0008269588587967748,0.022857142857142857,0.0010878433505575197,0.0010498687664041995
0.0,0.0008269588587967748,0.0006265664160401002,0.004296455424274973,0.0007446016381236039
0.0,0.0069767441860465115,0.0,0.003134796238244514,0.0
0.0004783926008611067,0.0009532888465204957,0.0004914004914004914,0.0010878433505575197,0.0
0.0004783926008611067,0.0008269588587967748,0.012727272727272728,0.0010878433505575197,0.0012755102040816326
0.002515090543259557,0.0,0.0012448132780082987,0.0018726591760299626,0.0
0.0004783926008611067,0.0008269588587967748,0.0,0.0010878433505575197,0.005443234836702955
0.0004783926008611067,0.00646551724137931,0.0012448132780082987,0.010514018691588784,0.0010498687664041995
0.0,0.0008269588587967748,0.0,0.0010878433505575197,0.0
0.0,0.0009532888465204957,0.0,0.0,0.0010498687664041995
0.015655577299412915,0.0008269588587967748,0.007407407407407408,0.0,0.0
0.0033613445378151263,0.0069767441860465115,0.0006265664160401002,0.0,0.0012755102040816326
0.002515090543259557,0.0009532888465204957,0.004705882352941176,0.0,0.0012755102040816326
0.002515090543259557,0.0008269588587967748,0.0004914004914004914,0.010514018691588784,0.007099391480730223
0.0,0.0,0.0006265664160401002,0.0018726591760299626,0.0010498687664041995
0.002560819462227913,0.0069767441860465115,0.0012448132780082987,0.004296455424274973,0.0010498687664041995
0.0033613445378151263,0.0,0.0,0.0,0.0
0.0004783926008611067,0.00815494393476045,0.0,0.0,0.0
0.002560819462227913,0.0,0.0012448132780082987,0.0,0.0
0.03225806451612903,0.0,0.0004914004914004914,0.0010878433505575197,0.0010498687664041995
0.0,0.0,0.007407407407407408,0.0,0.0010498687664041995
0.0004783926008611067,0.0008269588587967748,0.0,0.0,0.0010498687664041995
0.0,0.0,0.012727272727272728,0.0,0.005443234836702955
0.002560819462227913,0.0,0.0006265664160401002,0.0,0.0
0.0004783926008611067,0.0009532888465204957,0.0012448132780082987,0.004296455424274973,0.0
0.0,0.0,0.00102880658436214,0.0,
