Features,Cover,Gain,IsImaging,NA_full,NA_target,Path,Field,ValueType,Units
26555-0.0,0.016,1.4093523212289052,True,1.3,1.4,,26555-0.0,,
26631-0.0,0.002,0.20130488980606864,True,1.3,1.4,,26631-0.0,,
25888-0.0,0.0026666666666666666,0.10818945762158892,True,0.0,0.0,,25888-0.0,,
25280-0.0,0.0006666666666666668,0.1011747970930112,True,5.0,19.6,,25280-0.0,,
25340-0.0,0.00044444444444444447,0.09296008294239862,True,5.0,19.6,,25340-0.0,,
25712-0.0,0.00044444444444444447,0.08662651688858466,True,5.0,19.6,,25712-0.0,,
25855-0.0,0.006888888888888889,0.06277452043687712,True,0.0,0.0,,25855-0.0,,
25889-0.0,0.017333333333333333,0.05897124228530579,True,0.0,0.0,,25889-0.0,,
26659-0.0,0.00022222222222222223,0.05333105836764986,True,1.3,1.4,,26659-0.0,,
26633-0.0,0.0011111111111111111,0.05201388973236313,True,1.3,1.4,,26633-0.0,,
25736-0.0,0.0013333333333333333,0.051269740515827146,True,3.0,14.2,,25736-0.0,,
25590-0.0,0.00022222222222222223,0.049031574640306046,True,5.0,19.6,,25590-0.0,,
26634-0.0,0.00022222222222222223,0.04684441296881642,True,1.3,1.4,,26634-0.0,,
25333-0.0,0.004666666666666667,0.04668369421826978,True,5.0,19.6,,25333-0.0,,
27343-0.0,0.0024444444444444444,0.04225844019763781,True,1.3,1.4,,27343-0.0,,
27426-0.0,0.0011111111111111111,0.04166100557627416,True,1.3,1.4,,27426-0.0,,
27704-0.0,0.00044444444444444447,0.04097176358000328,True,1.3,1.4,,27704-0.0,,
27176-0.0,0.00022222222222222223,0.04066500437554738,True,1.3,1.4,,27176-0.0,,
25863-0.0,0.0011111111111111111,0.03944736242392874,True,0.0,0.0,,25863-0.0,,
25033-0.0,0.0037777777777777775,0.039143366328937466,True,9.0,11.5,,25033-0.0,,
27587-0.0,0.0008888888888888889,0.03904307916397257,True,1.3,1.4,,27587-0.0,,
26528-0.0,0.0008888888888888889,0.038303021389931254,True,1.3,1.4,,26528-0.0,,
25173-0.0,0.006222222222222222,0.03662131422403921,True,5.0,19.6,,25173-0.0,,
27404-0.0,0.0006666666666666668,0.0363781687287024,True,1.3,1.4,,27404-0.0,,
27448-0.0,0.008222222222222223,0.03592044092504393,True,1.3,1.4,,27448-0.0,,
30030-0.0,0.003777777777777778,0.03503542353330724,False,4.8,5.4,,30030-0.0,,
25167-0.0,0.0013333333333333333,0.03439028652325056,True,5.0,19.6,,25167-0.0,,
25800-0.0,0.00044444444444444447,0.034221991416765817,True,0.0,0.0,,25800-0.0,,
12651-0.0,0.016666666666666666,0.032577407111089855,True,13.4,20.3,,12651-0.0,,
27039-0.0,0.0006666666666666668,0.03105346308622753,True,1.3,1.4,,27039-0.0,,
26989-0.0,0.0022222222222222222,0.030687193567052004,True,1.3,1.4,,26989-0.0,,
25001-0.0,0.012444444444444445,0.030188105998243973,True,0.0,0.0,,25001-0.0,,
3526-0.0,0.014888888888888887,0.02812624108766614,False,47.9,14.9,,3526-0.0,,
25540-0.0,0.00022222222222222223,0.026715358385418404,True,5.0,19.6,,25540-0.0,,
26782-0.0,0.0037777777777777775,0.026592269025321344,True,1.3,1.4,,26782-0.0,,
26580-0.0,0.025111111111111112,0.026445221120616105,True,1.3,1.4,,26580-0.0,,
25025-0.0,0.00044444444444444447,0.026140479853833325,True,0.0,0.0,,25025-0.0,,
27474-0.0,0.00022222222222222223,0.025224877574000458,True,1.3,1.4,,27474-0.0,,
26509-0.0,0.0015555555555555555,0.025129346530946284,True,1.3,1.4,,26509-0.0,,
25596-0.0,0.00044444444444444447,0.024544848661226394,True,5.0,19.6,,25596-0.0,,
48-0.0,0.00022222222222222223,0.0243127735149161,False,0.1,0.0,,48-0.0,,
27463-0.0,0.0031111111111111114,0.023993567575227776,True,1.3,1.4,,27463-0.0,,
20023-0.0,0.0035555555555555553,0.02214211796759212,False,0.3,1.4,,20023-0.0,,
25161-0.0,0.018222222222222223,0.01836038659248904,True,5.0,19.6,,25161-0.0,,
26504-0.0,0.007333333333333333,0.01761948493243145,True,1.3,1.4,,26504-0.0,,
27121-0.0,0.011555555555555557,0.014617427171054374,True,1.3,1.4,,27121-0.0,,
25826-0.0,0.028666666666666667,0.013786596802120996,True,0.0,0.0,,25826-0.0,,
27589-0.0,0.017777777777777778,0.013413150354488274,True,1.3,1.4,,27589-0.0,,
3720-0.0_c2,0.006666666666666667,0.013318045796466806,False,0.0,0.0,,3720-0.0_c2,,
25928-0.0,0.06577777777777778,0.013154982125915225,True,3.2,6.1,,25928-0.0,,
26643-0.0,0.06533333333333334,0.013091317031836677,True,1.3,1.4,,26643-0.0,,
25431-0.0,0.0008888888888888889,0.012116479957022001,True,5.0,19.6,,25431-0.0,,
26539-0.0,0.014444444444444446,0.01208791227495096,True,1.3,1.4,,26539-0.0,,
25791-0.0,0.018222222222222223,0.011856011181888124,True,0.0,0.0,,25791-0.0,,
27100-0.0,0.013111111111111112,0.011629889348302702,True,1.3,1.4,,27100-0.0,,
25783-0.0,0.009333333333333334,0.010702295748174974,True,0.0,0.0,,25783-0.0,,
26546-0.0,0.011777777777777778,0.01030104998130813,True,1.3,1.4,,26546-0.0,,
27382-0.0,0.02311111111111111,0.009933099753048588,True,1.3,1.4,,27382-0.0,,
135-0.0,0.051111111111111114,0.00983159398592279,False,0.0,0.0,,135-0.0,,
25158-0.0,0.021555555555555553,0.009691356375239138,True,5.0,19.6,,25158-0.0,,
27419-0.0,0.029111111111111112,0.009509378472851977,True,1.3,1.4,,27419-0.0,,
27489-0.0,0.0015555555555555557,0.009509134025989952,True,1.3,1.4,,27489-0.0,,
25087-0.0,0.008,0.00937752798073851,True,5.0,19.6,,25087-0.0,,
25494-0.0,0.007333333333333334,0.009043614322798292,True,5.0,19.6,,25494-0.0,,
27634-0.0,0.02333333333333333,0.008994606585378592,True,1.3,1.4,,27634-0.0,,
25023-0.0,0.003333333333333333,0.00893748128087369,True,0.0,0.0,,25023-0.0,,
26577-0.0,0.04088888888888889,0.008857389644021905,True,1.3,1.4,,26577-0.0,,
25873-0.0,0.012666666666666666,0.008781605013449932,True,0.0,0.0,,25873-0.0,,
25095-0.0,0.0013333333333333333,0.008691656127784967,True,5.0,19.6,,25095-0.0,,
25550-0.0,0.014444444444444446,0.008553326344654501,True,5.0,19.6,,25550-0.0,,
26586-0.0,0.034,0.008187808134103877,True,1.3,1.4,,26586-0.0,,
25159-0.0,0.026888888888888886,0.008059892837711077,True,5.0,19.6,,25159-0.0,,
25133-0.0,0.0011111111111111113,0.007835726816034208,True,5.0,19.6,,25133-0.0,,
25854-0.0,0.014666666666666668,0.007790594631148425,True,0.0,0.0,,25854-0.0,,
25050-0.0,0.019555555555555555,0.007742350252375626,True,16.7,26.4,,25050-0.0,,
26689-0.0,0.019555555555555555,0.007632073958241442,True,1.3,1.4,,26689-0.0,,
25235-0.0,0.009555555555555555,0.007500954224640611,True,5.0,19.6,,25235-0.0,,
4079-0.0,0.023555555555555555,0.0074186301738135875,False,6.1,4.7,,4079-0.0,,
3064-0.0,0.029333333333333333,0.0074068429466442945,False,7.7,14.2,,3064-0.0,,
25720-0.0,0.014444444444444446,0.007388057844996759,True,5.0,19.6,,25720-0.0,,
25531-0.0,0.007555555555555556,0.007311959014806268,True,5.0,19.6,,25531-0.0,,
25482-0.0,0.004666666666666667,0.007204897920221224,True,5.0,19.6,,25482-0.0,,
27641-0.0,0.010888888888888889,0.006930407679688787,True,1.3,1.4,,27641-0.0,,
30260-0.0,0.025555555555555557,0.0069255795655983315,False,6.5,5.4,,30260-0.0,,
26604-0.0,0.020444444444444446,0.006838533104472437,True,1.3,1.4,,26604-0.0,,
25555-0.0,0.008444444444444445,0.006817720990897556,True,5.0,19.6,,25555-0.0,,
25568-0.0,0.03022222222222222,0.006708772322516982,True,5.0,19.6,,25568-0.0,,
25745-0.0,0.015555555555555555,0.006636105345813256,True,16.7,26.4,,25745-0.0,,
25922-0.0,0.011555555555555555,0.006545217316734295,True,3.8,7.4,,25922-0.0,,
27508-0.0,0.016,0.006351963448403852,True,1.3,1.4,,27508-0.0,,
27680-0.0,0.0057777777777777775,0.006292150263538189,True,1.3,1.4,,27680-0.0,,
30150-0.0,0.0008888888888888889,0.006235497961030751,False,5.0,5.4,,30150-0.0,,
26568-0.0,0.008,0.005950747143270096,True,1.3,1.4,,26568-0.0,,
26592-0.0,0.012666666666666668,0.0057007594138788415,True,1.3,1.4,,26592-0.0,,
20009-0.0,0.01,0.005675304644496396,False,33.2,18.2,,20009-0.0,,
30190-0.0,0.01511111111111111,0.005557184229571968,False,5.0,5.4,,30190-0.0,,
25294-0.0,0.00044444444444444447,0.005526276246182216,True,5.0,19.6,,25294-0.0,,
25026-0.0,0.0024444444444444444,0.005437299440891936,True,9.0,11.5,,25026-0.0,,
25034-0.0,0.012,0.005425963822845406,True,9.0,11.5,,25034-0.0,,
25289-0.0,0.0028888888888888888,0.005183755754981461,True,5.0,19.6,,25289-0.0,,
27198-0.0,0.005555555555555556,0.005180911275739766,True,1.3,1.4,,27198-0.0,,
25307-0.0,0.0013333333333333333,0.00506738712794142,True,5.0,19.6,,25307-0.0,,
26582-0.0,0.009333333333333334,0.005012452362234717,True,1.3,1.4,,26582-0.0,,
25187-0.0,0.0057777777777777775,0.005006964279775844,True,5.0,19.6,,25187-0.0,,
27417-0.0,0.011111111111111112,0.0049865665967401395,True,1.3,1.4,,27417-0.0,,
1568-0.0,0.015333333333333334,0.004979293424011311,False,24.0,16.9,,1568-0.0,,
25005-0.0,0.002,0.004947413162337423,True,0.0,0.0,,25005-0.0,,
25474-0.0,0.006,0.004894988068244602,True,5.0,19.6,,25474-0.0,,
27390-0.0,0.018000000000000002,0.004855193435718346,True,1.3,1.4,,27390-0.0,,
25381-0.0,0.0044444444444444444,0.004833197518660162,True,5.0,19.6,,25381-0.0,,
25221-0.0,0.012666666666666666,0.0048233864085720345,True,5.0,19.6,,25221-0.0,,
25114-0.0,0.005333333333333334,0.004805156704179626,True,5.0,19.6,,25114-0.0,,
27048-0.0,0.0057777777777777775,0.004654044019606372,True,1.3,1.4,,27048-0.0,,
2149-0.0,0.009111111111111111,0.004637149722745828,False,12.7,13.5,,2149-0.0,,
1438-0.0,0.009777777777777778,0.0046214735170990555,False,1.8,4.1,,1438-0.0,,
25792-0.0,0.017333333333333333,0.004547923346659235,True,0.0,0.0,,25792-0.0,,
25824-0.0,0.015555555555555555,0.004518509338792187,True,0.0,0.0,,25824-0.0,,
27405-0.0,0.008444444444444445,0.004514459828804051,True,1.3,1.4,,27405-0.0,,
26635-0.0,0.009111111111111111,0.004434961058536463,True,1.3,1.4,,26635-0.0,,
30140-0.0,0.0011111111111111113,0.004419488564638464,False,5.0,5.4,,30140-0.0,,
25484-0.0,0.012888888888888889,0.004389882892289006,True,5.0,19.6,,25484-0.0,,
26616-0.0,0.0008888888888888889,0.004378983146908523,True,1.3,1.4,,26616-0.0,,
1488-0.0,0.006,0.004370133395931964,False,0.1,0.0,,1488-0.0,,
27082-0.0,0.01888888888888889,0.004351260428239835,True,1.3,1.4,,27082-0.0,,
25730-0.0,0.005777777777777778,0.004343921550458152,True,5.0,19.6,,25730-0.0,,
26860-0.0,0.010666666666666666,0.004328632252005033,True,1.3,1.4,,26860-0.0,,
26939-0.0,0.006666666666666666,0.004217685656343114,True,1.3,1.4,,26939-0.0,,
864-0.0,0.00022222222222222223,0.004190717408029718,False,0.7,1.4,,864-0.0,,
25732-0.0,0.01888888888888889,0.004137645156877037,True,0.0,0.0,,25732-0.0,,
23114-0.0,0.00044444444444444447,0.004121519358800646,False,1.2,2.0,,23114-0.0,,
27467-0.0,0.0024444444444444444,0.0041192224274256995,True,1.3,1.4,,27467-0.0,,
26621-0.0,0.007555555555555556,0.004113943114085651,True,1.3,1.4,,26621-0.0,,
30790-0.0,0.014666666666666666,0.00410144390559007,False,24.9,33.8,,30790-0.0,,
25195-0.0,0.01,0.004098892560227664,True,5.0,19.6,,25195-0.0,,
25015-0.0,0.013333333333333334,0.004087485817859269,True,0.0,0.0,,25015-0.0,,
26757-0.0,0.0035555555555555557,0.004046530059243619,True,1.3,1.4,,26757-0.0,,
25225-0.0,0.0013333333333333333,0.004010308993826245,True,5.0,19.6,,25225-0.0,,
25021-0.0,0.014444444444444444,0.0039888906259920014,True,0.0,0.0,,25021-0.0,,
26881-0.0,0.009333333333333334,0.003958824091870906,True,1.3,1.4,,26881-0.0,,
26708-0.0,0.008444444444444444,0.003906765857533465,True,1.3,1.4,,26708-0.0,,
30660-0.0,0.012,0.0038431447940383634,False,19.2,19.6,,30660-0.0,,
25894-0.0,0.008888888888888889,0.00382906064805854,True,0.0,0.0,,25894-0.0,,
25739-0.0,0.008222222222222221,0.003820229626754606,True,4.1,9.5,,25739-0.0,,
25362-0.0,0.003333333333333333,0.0037656037069418126,True,5.0,19.6,,25362-0.0,,
30610-0.0,0.006666666666666668,0.003756278503667287,False,6.5,8.1,,30610-0.0,,
25656-0.0,0.0077777777777777776,0.0037542835393408963,True,5.0,19.6,,25656-0.0,,
27409-0.0,0.010888888888888889,0.00364975650578654,True,1.3,1.4,,27409-0.0,,
25536-0.0,0.002,0.0036412291347443647,True,5.0,19.6,,25536-0.0,,
25157-0.0,0.0011111111111111111,0.0036288110856392787,True,5.0,19.6,,25157-0.0,,
27077-0.0,0.022,0.0036265226869772495,True,1.3,1.4,,27077-0.0,,
26921-0.0,0.0071111111111111115,0.003624383477742423,True,1.3,1.4,,26921-0.0,,
27211-0.0,0.020888888888888887,0.0036096019731282304,True,1.3,1.4,,27211-0.0,,
27412-0.0,0.013777777777777778,0.003595773739344204,True,1.3,1.4,,27412-0.0,,
27058-0.0,0.003333333333333333,0.0035181245017783486,True,1.3,1.4,,27058-0.0,,
25424-0.0,0.012222222222222221,0.0034283772536560482,True,5.0,19.6,,25424-0.0,,
27524-0.0,0.012222222222222223,0.0034019638707494656,True,1.3,1.4,,27524-0.0,,
26953-0.0,0.008222222222222221,0.0033565825917105437,True,1.3,1.4,,26953-0.0,,
25867-0.0,0.01177777777777778,0.0033047422878274956,True,0.0,0.0,,25867-0.0,,
30220-0.0,0.0057777777777777775,0.0032966276006514317,False,5.0,5.4,,30220-0.0,,
27645-0.0,0.004,0.003293046898036715,True,1.3,1.4,,27645-0.0,,
25408-0.0,0.0057777777777777775,0.003280531805918807,True,5.0,19.6,,25408-0.0,,
27533-0.0,0.012222222222222221,0.003185652659753951,True,1.3,1.4,,27533-0.0,,
25032-0.0,0.003777777777777778,0.0031204674982077286,True,9.0,11.5,,25032-0.0,,
25729-0.0,0.00888888888888889,0.0031197580025268145,True,5.0,19.6,,25729-0.0,,
25193-0.0,0.010666666666666666,0.0031121754970249173,True,5.0,19.6,,25193-0.0,,
25592-0.0,0.0044444444444444444,0.003028191024533553,True,5.0,19.6,,25592-0.0,,
27701-0.0,0.009333333333333334,0.003027500024834317,True,1.3,1.4,,27701-0.0,,
25115-0.0,0.0026666666666666666,0.0030220328580163615,True,5.0,19.6,,25115-0.0,,
25786-0.0,0.0071111111111111115,0.0030214248223474223,True,0.0,0.0,,25786-0.0,,
25399-0.0,0.0011111111111111111,0.003008369208532961,True,5.0,19.6,,25399-0.0,,
26641-0.0,0.012,0.0029838459752061963,True,1.3,1.4,,26641-0.0,,
25185-0.0,0.010444444444444445,0.002978378952401795,True,5.0,19.6,,25185-0.0,,
25602-0.0,0.0077777777777777776,0.0029780323197126936,True,5.0,19.6,,25602-0.0,,
27024-0.0,0.011333333333333334,0.002946817002024019,True,1.3,1.4,,27024-0.0,,
26413-0.0,0.009111111111111111,0.002923239849915661,False,8.8,4.1,,26413-0.0,,
30840-0.0,0.009777777777777778,0.0029224558612035703,False,7.0,9.5,,30840-0.0,,
26758-0.0,0.002,0.002865324702231762,True,1.3,1.4,,26758-0.0,,
30250-0.0,0.008444444444444444,0.0028620164053229616,False,6.5,5.4,,30250-0.0,,
25669-0.0,0.0035555555555555557,0.002843028556829287,True,5.0,19.6,,25669-0.0,,
25860-0.0,0.004222222222222223,0.0027421424943183262,True,0.0,0.0,,25860-0.0,,
26598-0.0,0.005777777777777778,0.002721469903439866,True,1.3,1.4,,26598-0.0,,
25667-0.0,0.006888888888888889,0.002704392477682944,True,5.0,19.6,,25667-0.0,,
26664-0.0,0.0028888888888888888,0.002652453986464453,True,1.3,1.4,,26664-0.0,,
26602-0.0,0.016,0.002624486591713455,True,1.3,1.4,,26602-0.0,,
27373-0.0,0.007333333333333334,0.0026229543623103196,True,1.3,1.4,,27373-0.0,,
25029-0.0,0.012,0.002618615484802379,True,9.0,11.5,,25029-0.0,,
27728-0.0,0.004666666666666667,0.0026162071138048706,True,1.3,1.4,,27728-0.0,,
27089-0.0,0.009777777777777778,0.0026094346051980205,True,1.3,1.4,,27089-0.0,,
30740-0.0,0.014444444444444444,0.0026073964173425777,False,14.8,12.2,,30740-0.0,,
25286-0.0,0.0028888888888888888,0.002604518469858859,True,5.0,19.6,,25286-0.0,,
25272-0.0,0.003333333333333333,0.0026034308836126647,True,5.0,19.6,,25272-0.0,,
27012-0.0,0.009333333333333334,0.0025783875251625564,True,1.3,1.4,,27012-0.0,,
26658-0.0,0.006888888888888889,0.00257327581393757,True,1.3,1.4,,26658-0.0,,
27521-0.0,0.006666666666666666,0.0025024812757269113,True,1.3,1.4,,27521-0.0,,
25355-0.0,0.003111111111111111,0.002492256734602591,True,5.0,19.6,,25355-0.0,,
27385-0.0,0.005111111111111111,0.0024849128604028234,True,1.3,1.4,,27385-0.0,,
25848-0.0,0.0044444444444444444,0.0024844231337112087,True,0.0,0.0,,25848-0.0,,
25238-0.0,0.0024444444444444444,0.002484403697674215,True,5.0,19.6,,25238-0.0,,
26585-0.0,0.0033333333333333335,0.002458766876625467,True,1.3,1.4,,26585-0.0,,
25164-0.0,0.003111111111111111,0.0024432939766174406,True,5.0,19.6,,25164-0.0,,
27665-0.0,0.004222222222222223,0.00244289388290831,True,1.3,1.4,,27665-0.0,,
25734-0.0,0.013555555555555557,0.00243970582931564,True,0.0,0.0,,25734-0.0,,
25436-0.0,0.0071111111111111115,0.002405529069961509,True,5.0,19.6,,25436-0.0,,
25077-0.0,0.0035555555555555557,0.0024015781591004634,True,5.0,19.6,,25077-0.0,,
26856-0.0,0.00022222222222222223,0.0023968736477810457,True,1.3,1.4,,26856-0.0,,
25413-0.0,0.0077777777777777776,0.0023892365810021894,True,5.0,19.6,,25413-0.0,,
30520-0.0,0.010444444444444445,0.002363939008473551,False,3.3,3.4,,30520-0.0,,
25003-0.0,0.002,0.0023578840646372784,True,0.0,0.0,,25003-0.0,,
25617-0.0,0.005111111111111111,0.002339608963139798,True,5.0,19.6,,25617-0.0,,
845-0.0,0.009333333333333334,0.0023219649388507364,False,47.1,39.2,,845-0.0,,
26646-0.0,0.003333333333333333,0.0022757101086027074,True,1.3,1.4,,26646-0.0,,
27103-0.0,0.005111111111111111,0.0022674206667214745,True,1.3,1.4,,27103-0.0,,
26647-0.0,0.013555555555555555,0.0022673679093776983,True,1.3,1.4,,26647-0.0,,
27388-0.0,0.004,0.0022625831125440477,True,1.3,1.4,,27388-0.0,,
27456-0.0,0.006222222222222222,0.0022621705224031784,True,1.3,1.4,,27456-0.0,,
27519-0.0,0.01,0.002253256674260127,True,1.3,1.4,,27519-0.0,,
25808-0.0,0.008666666666666668,0.00225249496764265,True,0.0,0.0,,25808-0.0,,
26639-0.0,0.009777777777777778,0.0022447001580016895,True,1.3,1.4,,26639-0.0,,
23119-0.0,0.008444444444444445,0.0022370349103237896,False,1.2,2.0,,23119-0.0,,
25866-0.0,0.014222222222222223,0.002226901945425529,True,0.0,0.0,,25866-0.0,,
25811-0.0,0.0035555555555555553,0.0022255976772034484,True,0.0,0.0,,25811-0.0,,
25054-0.0,0.008888888888888889,0.002217178294322314,True,16.7,26.4,,25054-0.0,,
30620-0.0,0.008222222222222221,0.0022118941064491492,False,6.6,8.1,,30620-0.0,,
25243-0.0,0.0037777777777777775,0.0021867797525554015,True,5.0,19.6,,25243-0.0,,
27577-0.0,0.004666666666666667,0.0021663408964369066,True,1.3,1.4,,27577-0.0,,
26506-0.0,0.011777777777777778,0.002160921366317708,True,1.3,1.4,,26506-0.0,,
27000-0.0,0.005111111111111111,0.002160867816054883,True,1.3,1.4,,27000-0.0,,
23129-0.0,0.0013333333333333333,0.002133039886657613,False,1.3,2.7,,23129-0.0,,
129-0.0,0.010888888888888889,0.0021303754986226253,False,9.0,11.5,,129-0.0,,
26752-0.0,0.007555555555555557,0.0021248554095117185,True,1.3,1.4,,26752-0.0,,
27002-0.0,0.005333333333333334,0.0021180000188972662,True,1.3,1.4,,27002-0.0,,
27270-0.0,0.0071111111111111115,0.0020974499597553415,True,1.3,1.4,,27270-0.0,,
25031-0.0,0.0077777777777777776,0.002092206456607678,True,9.0,11.5,,25031-0.0,,
25466-0.0,0.0064444444444444445,0.002088583903699373,True,5.0,19.6,,25466-0.0,,
26837-0.0,0.008,0.0020461107436244063,True,1.3,1.4,,26837-0.0,,
27133-0.0,0.017555555555555557,0.00203233953682898,True,1.3,1.4,,27133-0.0,,
25465-0.0,0.004222222222222222,0.002027411642482797,True,5.0,19.6,,25465-0.0,,
25564-0.0,0.0035555555555555553,0.002015813534423783,True,5.0,19.6,,25564-0.0,,
27407-0.0,0.0008888888888888889,0.002014806898896121,True,1.3,1.4,,27407-0.0,,
26718-0.0,0.008,0.0019953264509245524,True,1.3,1.4,,26718-0.0,,
25705-0.0,0.009555555555555555,0.001993424657306388,True,5.0,19.6,,25705-0.0,,
25735-0.0,0.003333333333333333,0.0019805250257459253,True,0.0,0.0,,25735-0.0,,
20022-0.0,0.005333333333333334,0.0019657305816886406,False,40.1,58.1,,20022-0.0,,
26764-0.0,0.0044444444444444444,0.0019558219281378777,True,1.3,1.4,,26764-0.0,,
26636-0.0,0.003777777777777778,0.0019408468407089551,True,1.3,1.4,,26636-0.0,,
4080-0.0,0.009111111111111111,0.0019395691337911576,False,6.1,4.7,,4080-0.0,,
25576-0.0,0.004222222222222223,0.0019371519035680477,True,5.0,19.6,,25576-0.0,,
27741-0.0,0.006222222222222222,0.0019299234441143875,True,1.3,1.4,,27741-0.0,,
27429-0.0,0.004222222222222222,0.001921939288703861,True,1.3,1.4,,27429-0.0,,
25151-0.0,0.00022222222222222223,0.0019172136616617055,True,5.0,19.6,,25151-0.0,,
25042-0.0,0.009111111111111113,0.0019124827945688379,True,16.7,26.4,,25042-0.0,,
1807-0.0,0.0044444444444444444,0.001908782957927243,False,30.4,12.2,,1807-0.0,,
25430-0.0,0.004888888888888889,0.001907541692848631,True,5.0,19.6,,25430-0.0,,
26614-0.0,0.012,0.0019041776437404793,True,1.3,1.4,,26614-0.0,,
27439-0.0,0.006222222222222223,0.0018864949155861274,True,1.3,1.4,,27439-0.0,,
26548-0.0,0.006000000000000001,0.001878143603380435,True,1.3,1.4,,26548-0.0,,
27578-0.0,0.006888888888888889,0.001871308309896276,True,1.3,1.4,,27578-0.0,,
25709-0.0,0.002,0.0018712507916396487,True,5.0,19.6,,25709-0.0,,
23111-0.0,0.006222222222222222,0.0018702914853884797,False,1.2,2.0,,23111-0.0,,
27606-0.0,0.0071111111111111115,0.001863331876729617,True,1.3,1.4,,27606-0.0,,
26668-0.0,0.0035555555555555557,0.0018486350335791513,True,1.3,1.4,,26668-0.0,,
25726-0.0,0.003333333333333333,0.0018464173925689094,True,5.0,19.6,,25726-0.0,,
1329-0.0_c1,0.007333333333333334,0.0018296351434819804,False,0.0,0.0,,1329-0.0_c1,,
26938-0.0,0.005333333333333333,0.001824416628172933,True,1.3,1.4,,26938-0.0,,
130-0.0,0.008444444444444444,0.0018174696454765192,False,9.0,11.5,,130-0.0,,
25737-0.0,0.0071111111111111115,0.001813882728522791,True,3.8,8.8,,25737-0.0,,
25905-0.0,0.0006666666666666668,0.0018126707789953985,True,0.0,0.0,,25905-0.0,,
27425-0.0,0.0035555555555555557,0.0018121961443553077,True,1.3,1.4,,27425-0.0,,
25462-0.0,0.00888888888888889,0.0018007453941210523,True,5.0,19.6,,25462-0.0,,
25283-0.0,0.0017777777777777776,0.0017968611875068359,True,5.0,19.6,,25283-0.0,,
25898-0.0,0.008666666666666666,0.0017731360907236773,True,0.0,0.0,,25898-0.0,,
27514-0.0,0.0044444444444444444,0.0017710775377580543,True,1.3,1.4,,27514-0.0,,
30120-0.0,0.0015555555555555557,0.0017553978605136004,False,5.0,5.4,,30120-0.0,,
27354-0.0,0.0044444444444444444,0.0017398963585280416,True,1.3,1.4,,27354-0.0,,
26628-0.0,0.009333333333333334,0.0017302885273572884,True,1.3,1.4,,26628-0.0,,
30070-0.0,0.005111111111111111,0.0017136863942179856,False,4.8,5.4,,30070-0.0,,
27624-0.0,0.0024444444444444444,0.0017131891664004801,True,1.3,1.4,,27624-0.0,,
26765-0.0,0.007777777777777779,0.0016966126010790887,True,1.3,1.4,,26765-0.0,,
30060-0.0,0.005555555555555556,0.0016915951530874637,False,4.8,5.4,,30060-0.0,,
25587-0.0,0.003333333333333333,0.0016838828485541482,True,5.0,19.6,,25587-0.0,,
26762-0.0,0.002,0.0016822116494491699,True,1.3,1.4,,26762-0.0,,
27660-0.0,0.002666666666666667,0.0016770975134991193,True,1.3,1.4,,27660-0.0,,
26607-0.0,0.008222222222222223,0.0016734798541497816,True,1.3,1.4,,26607-0.0,,
27635-0.0,0.0035555555555555557,0.0016652454505786023,True,1.3,1.4,,27635-0.0,,
26574-0.0,0.008888888888888889,0.001664384574826993,True,1.3,1.4,,26574-0.0,,
26527-0.0,0.0022222222222222222,0.001661446709366916,True,1.3,1.4,,26527-0.0,,
25546-0.0,0.008222222222222223,0.001659269742424129,True,5.0,19.6,,25546-0.0,,
25857-0.0,0.004888888888888889,0.001653748432284736,True,0.0,0.0,,25857-0.0,,
27015-0.0,0.0028888888888888888,0.0016506206834691365,True,1.3,1.4,,27015-0.0,,
26781-0.0,0.0028888888888888888,0.001647219829783891,True,1.3,1.4,,26781-0.0,,
25639-0.0,0.0033333333333333335,0.0016400770866161697,True,5.0,19.6,,25639-0.0,,
25654-0.0,0.0022222222222222222,0.0016363226566550508,True,5.0,19.6,,25654-0.0,,
1319-0.0,0.0013333333333333335,0.0016354644438479628,False,0.5,0.7,,1319-0.0,,
30850-0.0,0.004666666666666667,0.0016353474981691352,False,14.3,19.6,,30850-0.0,,
25799-0.0,0.007111111111111111,0.0016325774701626652,True,0.0,0.0,,25799-0.0,,
27449-0.0,0.007555555555555556,0.0016264142045985628,True,1.3,1.4,,27449-0.0,,
25716-0.0,0.004,0.0016172229912805943,True,5.0,19.6,,25716-0.0,,
25172-0.0,0.004888888888888889,0.0016133956838095117,True,5.0,19.6,,25172-0.0,,
27233-0.0,0.0024444444444444444,0.0016116386844801198,True,1.3,1.4,,27233-0.0,,
25433-0.0,0.006444444444444445,0.0016114769722438051,True,5.0,19.6,,25433-0.0,,
25351-0.0,0.005111111111111111,0.0016090626288445327,True,5.0,19.6,,25351-0.0,,
27297-0.0,0.004222222222222223,0.001598522314137508,True,1.3,1.4,,27297-0.0,,
27092-0.0,0.006666666666666667,0.0015844290613095005,True,1.3,1.4,,27092-0.0,,
25832-0.0,0.007111111111111111,0.001583937807231456,True,0.0,0.0,,25832-0.0,,
27723-0.0,0.008666666666666666,0.0015755154612360598,True,1.3,1.4,,27723-0.0,,
25199-0.0,0.009999999999999998,0.0015716330616384535,True,5.0,19.6,,25199-0.0,,
25341-0.0,0.0022222222222222222,0.0015715346893735815,True,5.0,19.6,,25341-0.0,,
27281-0.0,0.0017777777777777776,0.0015667975068673664,True,1.3,1.4,,27281-0.0,,
25768-0.0,0.004888888888888889,0.0015656453029876034,True,16.7,26.4,,25768-0.0,,
25495-0.0,0.00488888888888889,0.0015621564115257023,True,5.0,19.6,,25495-0.0,,
26893-0.0,0.003111111111111111,0.0015561822493531077,True,1.3,1.4,,26893-0.0,,
30650-0.0,0.010888888888888889,0.001551210046107846,False,6.9,9.5,,30650-0.0,,
25044-0.0,0.008,0.001547027804799457,True,16.7,26.4,,25044-0.0,,
25432-0.0,0.0071111111111111115,0.0015329471141112693,True,5.0,19.6,,25432-0.0,,
991-0.0_c3,0.0022222222222222222,0.0015275377426149667,False,0.0,0.0,,991-0.0_c3,,
26520-0.0,0.0017777777777777776,0.0015266206040778479,True,1.3,1.4,,26520-0.0,,
25704-0.0,0.0024444444444444444,0.0015139369793705918,True,5.0,19.6,,25704-0.0,,
25543-0.0,0.005111111111111111,0.0015081030929489066,True,5.0,19.6,,25543-0.0,,
27493-0.0,0.0057777777777777775,0.0015027695562389383,True,1.3,1.4,,27493-0.0,,
27009-0.0,0.007555555555555556,0.001498221351487066,True,1.3,1.4,,27009-0.0,,
26999-0.0,0.0057777777777777775,0.0014893249686725898,True,1.3,1.4,,26999-0.0,,
25629-0.0,0.006666666666666667,0.0014839141520096313,True,5.0,19.6,,25629-0.0,,
27639-0.0,0.0028888888888888888,0.0014823391845019385,True,1.3,1.4,,27639-0.0,,
27620-0.0,0.0035555555555555557,0.0014807560292663786,True,1.3,1.4,,27620-0.0,,
26880-0.0,0.0022222222222222222,0.0014788947130321456,True,1.3,1.4,,26880-0.0,,
27004-0.0,0.0071111111111111115,0.0014778631671901452,True,1.3,1.4,,27004-0.0,,
25890-0.0,0.0057777777777777775,0.0014705414490605116,True,0.0,0.0,,25890-0.0,,
25007-0.0,0.007333333333333333,0.0014666670534525758,True,0.0,0.0,,25007-0.0,,
25349-0.0,0.0035555555555555557,0.00146531848254567,True,5.0,19.6,,25349-0.0,,
27651-0.0,0.0015555555555555555,0.0014578492743956277,True,1.3,1.4,,27651-0.0,,
25575-0.0,0.0035555555555555553,0.0014574855704028134,True,5.0,19.6,,25575-0.0,,
27181-0.0,0.0035555555555555553,0.001456383575701962,True,1.3,1.4,,27181-0.0,,
25175-0.0,0.0028888888888888888,0.0014416604432948038,True,5.0,19.6,,25175-0.0,,
26569-0.0,0.0028888888888888888,0.0014372494785941554,True,1.3,1.4,,26569-0.0,,
25588-0.0,0.0024444444444444444,0.0014346686906229439,True,5.0,19.6,,25588-0.0,,
27668-0.0,0.005999999999999999,0.001429569624969494,True,1.3,1.4,,27668-0.0,,
20107-0.6_pos,0.005111111111111111,0.001419594838779439,False,0.0,0.0,,20107-0.6_pos,,
30640-0.0,0.006,0.001417291778366162,False,7.0,9.5,,30640-0.0,,
25271-0.0,0.006,0.0014164678097359539,True,5.0,19.6,,25271-0.0,,
27526-0.0,0.006888888888888889,0.0014090727248479876,True,1.3,1.4,,27526-0.0,,
25545-0.0,0.006,0.0014048475707353761,True,5.0,19.6,,25545-0.0,,
25453-0.0,0.007111111111111111,0.0014041702577845538,True,5.0,19.6,,25453-0.0,,
27568-0.0,0.004666666666666667,0.0014039284624394546,True,1.3,1.4,,27568-0.0,,
26865-0.0,0.003777777777777778,0.0013953684894006026,True,1.3,1.4,,26865-0.0,,
26901-0.0,0.0011111111111111111,0.0013835716291174627,True,1.3,1.4,,26901-0.0,,
25092-0.0,0.002666666666666667,0.0013562414828149029,True,5.0,19.6,,25092-0.0,,
26675-0.0,0.003111111111111111,0.0013534439075524683,True,1.3,1.4,,26675-0.0,,
25842-0.0,0.0035555555555555557,0.0013392570477406371,True,0.0,0.0,,25842-0.0,,
25447-0.0,0.006222222222222222,0.0013350448370999608,True,5.0,19.6,,25447-0.0,,
27440-0.0,0.003111111111111111,0.0013320768227113111,True,1.3,1.4,,27440-0.0,,
25336-0.0,0.00044444444444444447,0.0013289537822101026,True,5.0,19.6,,25336-0.0,,
27438-0.0,0.0022222222222222222,0.0013261015117144585,True,1.3,1.4,,27438-0.0,,
27535-0.0,0.004666666666666666,0.0013197273749940312,True,1.3,1.4,,27535-0.0,,
943-0.0_c1,0.008,0.001319584546125066,False,0.0,0.0,,943-0.0_c1,,
26809-0.0,0.004222222222222223,0.001319045085503517,True,1.3,1.4,,26809-0.0,,
137-0.0,0.0077777777777777776,0.001316405341339125,False,0.0,0.0,,137-0.0,,
25058-0.0,0.0028888888888888888,0.0013154899538988297,True,5.0,19.6,,25058-0.0,,
27484-0.0,0.0071111111111111115,0.0013107633368605353,True,1.3,1.4,,27484-0.0,,
102-0.0,0.003777777777777778,0.0013083024968322057,False,7.0,6.8,,102-0.0,,
27293-0.0,0.0008888888888888889,0.0013024833920503179,True,1.3,1.4,,27293-0.0,,
25304-0.0,0.0035555555555555557,0.00129477163900947,True,5.0,19.6,,25304-0.0,,
27177-0.0,0.003777777777777778,0.001289541098179985,True,1.3,1.4,,27177-0.0,,
25927-0.0,0.010222222222222223,0.0012816605262504265,True,8.1,10.1,,25927-0.0,,
25680-0.0,0.003111111111111111,0.0012805799227933509,True,5.0,19.6,,25680-0.0,,
21003-0.0,0.0028888888888888888,0.0012800111634871968,False,0.0,0.0,,21003-0.0,,
27327-0.0,0.0044444444444444444,0.0012748851012429577,True,1.3,1.4,,27327-0.0,,
25821-0.0,0.005111111111111111,0.0012675079703049381,True,0.0,0.0,,25821-0.0,,
25090-0.0,0.0015555555555555557,0.001266520360874134,True,5.0,19.6,,25090-0.0,,
25046-0.0,0.007333333333333334,0.001265069157041615,True,16.7,26.4,,25046-0.0,,
26712-0.0,0.0035555555555555557,0.0012558019068359483,True,1.3,1.4,,26712-0.0,,
27005-0.0,0.006,0.0012495963494378916,True,1.3,1.4,,27005-0.0,,
26685-0.0,0.0057777777777777775,0.0012490401370667632,True,1.3,1.4,,26685-0.0,,
26889-0.0,0.006,0.001243638563356772,True,1.3,1.4,,26889-0.0,,
25489-0.0,0.006888888888888889,0.0012417583332548143,True,5.0,19.6,,25489-0.0,,
27758-0.0,0.0035555555555555553,0.0012411967351450648,True,1.3,1.4,,27758-0.0,,
27560-0.0,0.0022222222222222222,0.0012396399635704746,True,1.3,1.4,,27560-0.0,,
27085-0.0,0.0024444444444444444,0.00123816511714145,True,1.3,1.4,,27085-0.0,,
25169-0.0,0.0028888888888888888,0.001226564237982915,True,5.0,19.6,,25169-0.0,,
27509-0.0,0.004222222222222222,0.0012147167179376824,True,1.3,1.4,,27509-0.0,,
87-0.0,0.004222222222222223,0.0012135351914939418,False,33.2,18.2,,87-0.0,,
2453-0.0_c1,0.004,0.0012131530374964884,False,0.0,0.0,,2453-0.0_c1,,
27502-0.0,0.0024444444444444444,0.0012123802784085114,True,1.3,1.4,,27502-0.0,,
27445-0.0,0.004,0.0012117016313071373,True,1.3,1.4,,27445-0.0,,
30730-0.0,0.007111111111111111,0.0012036443363656905,False,6.6,8.8,,30730-0.0,,
26545-0.0,0.0037777777777777775,0.0012009525887884374,True,1.3,1.4,,26545-0.0,,
27763-0.0,0.0015555555555555555,0.0012001748474414235,True,1.3,1.4,,27763-0.0,,
26806-0.0,0.004888888888888889,0.0011970277904676755,True,1.3,1.4,,26806-0.0,,
26595-0.0,0.006222222222222223,0.001194418323032342,True,1.3,1.4,,26595-0.0,,
25449-0.0,0.004222222222222222,0.0011911606169104358,True,5.0,19.6,,25449-0.0,,
25382-0.0,0.0028888888888888888,0.0011650466461078123,True,5.0,19.6,,25382-0.0,,
21022-0.0,0.0013333333333333335,0.0011644357451092793,False,0.0,0.0,,21022-0.0,,
26572-0.0,0.008,0.0011633151418445806,True,1.3,1.4,,26572-0.0,,
25862-0.0,0.004666666666666668,0.0011601006857271654,True,0.0,0.0,,25862-0.0,,
27245-0.0,0.0008888888888888889,0.0011573376632433995,True,1.3,1.4,,27245-0.0,,
25165-0.0,0.004222222222222222,0.0011560504941174653,True,5.0,19.6,,25165-0.0,,
25793-0.0,0.0035555555555555557,0.0011545442985482456,True,0.0,0.0,,25793-0.0,,
25192-0.0,0.004222222222222222,0.001154382489479096,True,5.0,19.6,,25192-0.0,,
25692-0.0,0.0035555555555555553,0.0011463046344960585,True,5.0,19.6,,25692-0.0,,
27079-0.0,0.0013333333333333333,0.0011438423566536339,True,1.3,1.4,,27079-0.0,,
27491-0.0,0.003111111111111111,0.0011427075729679222,True,1.3,1.4,,27491-0.0,,
26579-0.0,0.004888888888888889,0.0011403568987812971,True,1.3,1.4,,26579-0.0,,
30700-0.0,0.005777777777777779,0.0011379519873183708,False,6.6,8.1,,30700-0.0,,
25316-0.0,0.005111111111111111,0.0011366025369717431,True,5.0,19.6,,25316-0.0,,
25604-0.0,0.0022222222222222222,0.0011351254395411494,True,5.0,19.6,,25604-0.0,,
25217-0.0,0.0028888888888888888,0.00113290278900066,True,5.0,19.6,,25217-0.0,,
27687-0.0,0.0044444444444444444,0.0011246457510490743,True,1.3,1.4,,27687-0.0,,
25330-0.0,0.00022222222222222223,0.001123254563985449,True,5.0,19.6,,25330-0.0,,
25822-0.0,0.005333333333333333,0.001116062180169624,True,0.0,0.0,,25822-0.0,,
25128-0.0,0.0026666666666666666,0.001115019476120954,True,5.0,19.6,,25128-0.0,,
27507-0.0,0.002,0.0011123750174858293,True,1.3,1.4,,27507-0.0,,
25551-0.0,0.004,0.0011061035507989978,True,5.0,19.6,,25551-0.0,,
27596-0.0,0.003111111111111111,0.0011023493813897506,True,1.3,1.4,,27596-0.0,,
25141-0.0,0.004666666666666667,0.0011012453903675688,True,5.0,19.6,,25141-0.0,,
25142-0.0,0.0006666666666666666,0.001100412917563903,True,5.0,19.6,,25142-0.0,,
26566-0.0,0.0024444444444444444,0.001098600811576274,True,1.3,1.4,,26566-0.0,,
26611-0.0,0.007555555555555556,0.0010951016948218114,True,1.3,1.4,,26611-0.0,,
25281-0.0,0.0006666666666666668,0.0010906330621910456,True,5.0,19.6,,25281-0.0,,
27107-0.0,0.005777777777777778,0.001082187016935544,True,1.3,1.4,,27107-0.0,,
27137-0.0,0.0017777777777777779,0.0010790629137253443,True,1.3,1.4,,27137-0.0,,
25699-0.0,0.0035555555555555553,0.001076251817698796,True,5.0,19.6,,25699-0.0,,
27086-0.0,0.0037777777777777775,0.0010710230738172073,True,1.3,1.4,,27086-0.0,,
27585-0.0,0.0022222222222222222,0.0010651464138489446,True,1.3,1.4,,27585-0.0,,
25282-0.0,0.0015555555555555557,0.0010610728141988162,True,5.0,19.6,,25282-0.0,,
25442-0.0,0.00022222222222222223,0.001060733657898897,True,5.0,19.6,,25442-0.0,,
25383-0.0,0.003333333333333333,0.0010596843101243958,True,5.0,19.6,,25383-0.0,,
27344-0.0,0.0037777777777777775,0.0010593540018147523,True,1.3,1.4,,27344-0.0,,
30880-0.0,0.0057777777777777775,0.0010581279125247108,False,6.7,8.1,,30880-0.0,,
25743-0.0,0.004888888888888889,0.0010567426155400224,True,4.1,9.5,,25743-0.0,,
26969-0.0,0.012444444444444444,0.0010531721300894446,True,1.3,1.4,,26969-0.0,,
1835-0.0_c1,0.004666666666666666,0.0010487872733819271,False,0.0,0.0,,1835-0.0_c1,,
26839-0.0,0.003111111111111111,0.0010440690549966532,True,1.3,1.4,,26839-0.0,,
25553-0.0,0.005333333333333333,0.0010372972087186482,True,5.0,19.6,,25553-0.0,,
25353-0.0,0.0044444444444444444,0.0010299559708264788,True,5.0,19.6,,25353-0.0,,
30040-0.0,0.004666666666666667,0.0010278799185114975,False,4.8,5.4,,30040-0.0,,
25831-0.0,0.004666666666666667,0.0010259485080301076,True,0.0,0.0,,25831-0.0,,
1120-0.0_c3,0.0033333333333333335,0.001024172620748235,False,0.0,0.0,,1120-0.0_c3,,
26557-0.0,0.003111111111111111,0.0010219025641435213,True,1.3,1.4,,26557-0.0,,
27320-0.0,0.0013333333333333333,0.0010195089446326418,True,1.3,1.4,,27320-0.0,,
26874-0.0,0.005333333333333333,0.0010179234180671785,True,1.3,1.4,,26874-0.0,,
25839-0.0,0.0024444444444444444,0.0010127610698929847,True,0.0,0.0,,25839-0.0,,
23123-0.0,0.0044444444444444444,0.0010119936078766554,False,1.2,2.0,,23123-0.0,,
25206-0.0,0.005111111111111111,0.001002564700396147,True,5.0,19.6,,25206-0.0,,
27290-0.0,0.0013333333333333335,0.0010022032402595112,True,1.3,1.4,,27290-0.0,,
25219-0.0,0.004222222222222222,0.0009955312487870765,True,5.0,19.6,,25219-0.0,,
30750-0.0,0.0044444444444444444,0.0009947397196033594,False,7.2,9.5,,30750-0.0,,
3637-0.0_c1,0.0024444444444444444,0.000993415131073404,False,0.0,0.0,,3637-0.0_c1,,
26766-0.0,0.003111111111111111,0.0009887848475696943,True,1.3,1.4,,26766-0.0,,
25678-0.0,0.004666666666666667,0.0009874856266851612,True,5.0,19.6,,25678-0.0,,
27262-0.0,0.005555555555555556,0.0009806583114321263,True,1.3,1.4,,27262-0.0,,
25427-0.0,0.0026666666666666666,0.0009774215839923695,True,5.0,19.6,,25427-0.0,,
25733-0.0,0.002,0.0009767298481507293,True,0.0,0.0,,25733-0.0,,
25215-0.0,0.003333333333333333,0.0009734294419813322,True,5.0,19.6,,25215-0.0,,
26872-0.0,0.0013333333333333333,0.0009728527069904325,True,1.3,1.4,,26872-0.0,,
27647-0.0,0.004666666666666666,0.0009660109627850963,True,1.3,1.4,,27647-0.0,,
20011-0.0,0.002,0.0009626346539875776,False,26.7,16.9,,20011-0.0,,
27564-0.0,0.0033333333333333335,0.0009580689564248692,True,1.3,1.4,,27564-0.0,,
25819-0.0,0.004888888888888889,0.0009538712546959668,True,0.0,0.0,,25819-0.0,,
25837-0.0,0.0024444444444444444,0.0009520060034981838,True,0.0,0.0,,25837-0.0,,
25401-0.0,0.00022222222222222223,0.0009519450960544291,True,5.0,19.6,,25401-0.0,,
26922-0.0,0.0017777777777777779,0.0009489547600806938,True,1.3,1.4,,26922-0.0,,
27618-0.0,0.004,0.000948125289794236,True,1.3,1.4,,27618-0.0,,
25323-0.0,0.0015555555555555557,0.0009475983797796317,True,5.0,19.6,,25323-0.0,,
30020-0.0,0.0013333333333333335,0.0009432217438517333,False,4.8,5.4,,30020-0.0,,
26624-0.0,0.0031111111111111114,0.0009394802531642314,True,1.3,1.4,,26624-0.0,,
25456-0.0,0.0044444444444444444,0.0009356664355590288,True,5.0,19.6,,25456-0.0,,
25080-0.0,0.0035555555555555557,0.0009346003785488059,True,5.0,19.6,,25080-0.0,,
25263-0.0,0.0013333333333333333,0.0009338640080298031,True,5.0,19.6,,25263-0.0,,
27296-0.0,0.0037777777777777775,0.0009332978832083242,True,1.3,1.4,,27296-0.0,,
27046-0.0,0.0028888888888888888,0.000931909226560971,True,1.3,1.4,,27046-0.0,,
26553-0.0,0.002,0.0009310541184934107,True,1.3,1.4,,26553-0.0,,
27652-0.0,0.003333333333333333,0.0009287403991926658,True,1.3,1.4,,27652-0.0,,
27546-0.0,0.004888888888888889,0.0009236314496049707,True,1.3,1.4,,27546-0.0,,
26792-0.0,0.0035555555555555557,0.0009202750246082553,True,1.3,1.4,,26792-0.0,,
25919-0.0,0.004888888888888889,0.0009191749151276315,True,0.0,0.0,,25919-0.0,,
25091-0.0,0.0008888888888888889,0.0009134351222449815,True,5.0,19.6,,25091-0.0,,
25242-0.0,0.0008888888888888889,0.0009061323426017027,True,5.0,19.6,,25242-0.0,,
27401-0.0,0.003111111111111111,0.0009046618550184671,True,1.3,1.4,,27401-0.0,,
25014-0.0,0.0035555555555555557,0.0009042290026061527,True,0.0,0.0,,25014-0.0,,
23115-0.0,0.0024444444444444444,0.0009031901514943118,False,1.2,2.0,,23115-0.0,,
27601-0.0,0.0031111111111111114,0.0009025784274966244,True,1.3,1.4,,27601-0.0,,
26763-0.0,0.0017777777777777776,0.000901288824512036,True,1.3,1.4,,26763-0.0,,
26541-0.0,0.0028888888888888888,0.00089991721278429,True,1.3,1.4,,26541-0.0,,
25473-0.0,0.0037777777777777775,0.0008973111915246844,True,5.0,19.6,,25473-0.0,,
2624-0.0_c2,0.003111111111111111,0.0008973011226749692,False,0.0,0.0,,2624-0.0_c2,,
25740-0.0,0.004,0.0008917310490144899,True,16.7,26.4,,25740-0.0,,
26524-0.0,0.005333333333333334,0.0008899329628369138,True,1.3,1.4,,26524-0.0,,
27411-0.0,0.0035555555555555557,0.000881211180807088,True,1.3,1.4,,27411-0.0,,
27018-0.0,0.00044444444444444447,0.0008792872834055855,True,1.3,1.4,,27018-0.0,,
26576-0.0,0.0024444444444444444,0.000875733324039904,True,1.3,1.4,,26576-0.0,,
25746-0.0,0.003333333333333333,0.0008750769508705744,True,5.0,19.6,,25746-0.0,,
26695-0.0,0.0037777777777777775,0.0008733116902812812,True,1.3,1.4,,26695-0.0,,
27553-0.0,0.005111111111111111,0.0008708861516851437,True,1.3,1.4,,27553-0.0,,
27517-0.0,0.002,0.0008670177208950347,True,1.3,1.4,,27517-0.0,,
26931-0.0,0.0044444444444444444,0.000859283527047751,True,1.3,1.4,,26931-0.0,,
25612-0.0,0.003333333333333333,0.0008568415836158039,True,5.0,19.6,,25612-0.0,,
25601-0.0,0.0031111111111111114,0.0008564624279772802,True,5.0,19.6,,25601-0.0,,
25124-0.0,0.005111111111111111,0.0008537079740766182,True,5.0,19.6,,25124-0.0,,
25844-0.0,0.005111111111111111,0.0008518693843731249,True,0.0,0.0,,25844-0.0,,
25140-0.0,0.0037777777777777775,0.0008505869076707764,True,5.0,19.6,,25140-0.0,,
26610-0.0,0.0035555555555555557,0.0008480870182181135,True,1.3,1.4,,26610-0.0,,
27162-0.0,0.004222222222222222,0.0008471689401669065,True,1.3,1.4,,27162-0.0,,
25036-0.0,0.0035555555555555553,0.0008464188909705526,True,9.0,11.5,,25036-0.0,,
27087-0.0,0.005333333333333333,0.000843154101838101,True,1.3,1.4,,27087-0.0,,
25093-0.0,0.0013333333333333333,0.0008428012020881117,True,5.0,19.6,,25093-0.0,,
27116-0.0,0.0008888888888888889,0.0008422779074054496,True,1.3,1.4,,27116-0.0,,
25020-0.0,0.006666666666666666,0.0008397408291200731,True,0.0,0.0,,25020-0.0,,
25415-0.0,0.0035555555555555557,0.0008393522981868091,True,5.0,19.6,,25415-0.0,,
26704-0.0,0.005333333333333334,0.0008347588917279791,True,1.3,1.4,,26704-0.0,,
25820-0.0,0.003111111111111111,0.0008297313382794399,True,0.0,0.0,,25820-0.0,,
27073-0.0,0.0017777777777777776,0.0008220802606689246,True,1.3,1.4,,27073-0.0,,
26692-0.0,0.0031111111111111114,0.0008183724704744872,True,1.3,1.4,,26692-0.0,,
25744-0.0,0.006222222222222222,0.0008152105894238813,True,4.1,9.5,,25744-0.0,,
27019-0.0,0.0017777777777777779,0.0008105730095013101,True,1.3,1.4,,27019-0.0,,
25558-0.0,0.0026666666666666666,0.000810522366229728,True,5.0,19.6,,25558-0.0,,
25869-0.0,0.0022222222222222222,0.0008088463982700323,True,0.0,0.0,,25869-0.0,,
30830-0.0,0.004,0.0008052503512789308,False,15.5,12.8,,30830-0.0,,
25129-0.0,0.0035555555555555553,0.0008017424084805895,True,5.0,19.6,,25129-0.0,,
26613-0.0,0.0035555555555555553,0.0008010021962636139,True,1.3,1.4,,26613-0.0,,
26637-0.0,0.003333333333333333,0.0007996206381580153,True,1.3,1.4,,26637-0.0,,
27306-0.0,0.0006666666666666668,0.0007980933396733665,True,1.3,1.4,,27306-0.0,,
25870-0.0,0.005111111111111111,0.0007958201268864917,True,0.0,0.0,,25870-0.0,,
25703-0.0,0.002,0.0007952554538777783,True,5.0,19.6,,25703-0.0,,
27432-0.0,0.0015555555555555555,0.0007926633519192734,True,1.3,1.4,,27432-0.0,,
26973-0.0,0.003333333333333333,0.0007921780104957433,True,1.3,1.4,,26973-0.0,,
27591-0.0,0.0015555555555555557,0.0007914080659783146,True,1.3,1.4,,27591-0.0,,
25573-0.0,0.0017777777777777779,0.0007889570974571787,True,5.0,19.6,,25573-0.0,,
27731-0.0,0.0037777777777777775,0.0007826731265143205,True,1.3,1.4,,27731-0.0,,
25496-0.0,0.002,0.000782444385230153,True,5.0,19.6,,25496-0.0,,
25764-0.0,0.004444444444444445,0.0007808300426523933,True,16.7,26.4,,25764-0.0,,
30680-0.0,0.005333333333333333,0.0007786453600391826,False,14.7,12.2,,30680-0.0,,
27443-0.0,0.0028888888888888888,0.0007758551221396742,True,1.3,1.4,,27443-0.0,,
25176-0.0,0.0022222222222222222,0.0007755579735819237,True,5.0,19.6,,25176-0.0,,
27124-0.0,0.0026666666666666666,0.000775403360336276,True,1.3,1.4,,27124-0.0,,
25790-0.0,0.0024444444444444444,0.0007751780964588015,True,0.0,0.0,,25790-0.0,,
26594-0.0,0.004222222222222223,0.0007750398316442496,True,1.3,1.4,,26594-0.0,,
26563-0.0,0.004,0.0007735748158682144,True,1.3,1.4,,26563-0.0,,
27518-0.0,0.0024444444444444444,0.0007734163264164905,True,1.3,1.4,,27518-0.0,,
25248-0.0,0.0015555555555555557,0.000769497361205834,True,5.0,19.6,,25248-0.0,,
25255-0.0,0.0006666666666666668,0.0007671005345057466,True,5.0,19.6,,25255-0.0,,
25102-0.0,0.003111111111111111,0.0007644218487014503,True,5.0,19.6,,25102-0.0,,
23125-0.0,0.0006666666666666668,0.0007633411142603343,False,1.2,2.0,,23125-0.0,,
26505-0.0,0.0026666666666666666,0.0007613167680658767,True,1.3,1.4,,26505-0.0,,
27062-0.0,0.0037777777777777775,0.0007594680305423299,True,1.3,1.4,,27062-0.0,,
26551-0.0,0.0037777777777777775,0.0007586312217880726,True,1.3,1.4,,26551-0.0,,
25246-0.0,0.0035555555555555557,0.0007580589321915907,True,5.0,19.6,,25246-0.0,,
27135-0.0,0.0013333333333333333,0.0007563925075555172,True,1.3,1.4,,27135-0.0,,
22038-0.0,0.0024444444444444444,0.0007557088199354299,False,16.7,25.7,,22038-0.0,,
23108-0.0,0.0022222222222222222,0.0007548758198551047,False,1.2,2.0,,23108-0.0,,
26542-0.0,0.0035555555555555553,0.000753824414615896,True,1.3,1.4,,26542-0.0,,
1920-0.0_c0,0.0035555555555555557,0.0007516225571830494,False,0.0,0.0,,1920-0.0_c0,,
25809-0.0,0.0028888888888888888,0.0007502868671159619,True,0.0,0.0,,25809-0.0,,
25188-0.0,0.0024444444444444444,0.0007458839636053586,True,5.0,19.6,,25188-0.0,,
25378-0.0,0.0013333333333333333,0.0007452869360974472,True,5.0,19.6,,25378-0.0,,
25805-0.0,0.0064444444444444445,0.0007445750164334819,True,0.0,0.0,,25805-0.0,,
26972-0.0,0.0017777777777777779,0.0007423350537238142,True,1.3,1.4,,26972-0.0,,
27143-0.0,0.00044444444444444447,0.0007375298424227044,True,1.3,1.4,,27143-0.0,,
27422-0.0,0.005555555555555556,0.0007361908583555704,True,1.3,1.4,,27422-0.0,,
27115-0.0,0.003777777777777778,0.0007352737579347072,True,1.3,1.4,,27115-0.0,,
26859-0.0,0.00044444444444444447,0.000734680968862953,True,1.3,1.4,,26859-0.0,,
25119-0.0,0.0024444444444444444,0.0007321461783986357,True,5.0,19.6,,25119-0.0,,
27460-0.0,0.0022222222222222222,0.0007320754931802861,True,1.3,1.4,,27460-0.0,,
27543-0.0,0.0026666666666666666,0.0007305070163883318,True,1.3,1.4,,27543-0.0,,
30000-0.0,0.003333333333333333,0.0007301030241648129,False,4.8,5.4,,30000-0.0,,
25521-0.0,0.004,0.0007288266340859968,True,5.0,19.6,,25521-0.0,,
25884-0.0,0.003777777777777778,0.0007284354675486129,True,0.0,0.0,,25884-0.0,,
30240-0.0,0.004,0.0007252167138210476,False,6.5,5.4,,30240-0.0,,
27308-0.0,0.004,0.0007240545108995937,True,1.3,1.4,,27308-0.0,,
25731-0.0,0.004666666666666667,0.0007220410441814189,True,0.0,0.0,,25731-0.0,,
27598-0.0,0.0024444444444444444,0.0007218579244738995,True,1.3,1.4,,27598-0.0,,
26844-0.0,0.0015555555555555555,0.0007205311537236673,True,1.3,1.4,,26844-0.0,,
25871-0.0,0.003333333333333333,0.0007197641436137958,True,0.0,0.0,,25871-0.0,,
30780-0.0,0.004444444444444445,0.0007194145117234266,False,6.7,8.1,,30780-0.0,,
25444-0.0,0.0026666666666666666,0.0007174092701710614,True,5.0,19.6,,25444-0.0,,
27325-0.0,0.0022222222222222222,0.0007166024405414828,True,1.3,1.4,,27325-0.0,,
25688-0.0,0.0035555555555555553,0.0007135535339472434,True,5.0,19.6,,25688-0.0,,
26679-0.0,0.0026666666666666666,0.0007131916947827189,True,1.3,1.4,,26679-0.0,,
25886-0.0,0.0022222222222222222,0.0007051665110392531,True,0.0,0.0,,25886-0.0,,
27355-0.0,0.0006666666666666668,0.0007044971970597084,True,1.3,1.4,,27355-0.0,,
27183-0.0,0.0008888888888888889,0.0007044644620502693,True,1.3,1.4,,27183-0.0,,
25672-0.0,0.0022222222222222222,0.0007037209378144808,True,5.0,19.6,,25672-0.0,,
27054-0.0,0.0031111111111111114,0.0007034820348475908,True,1.3,1.4,,27054-0.0,,
25423-0.0,0.0024444444444444444,0.0007034060432590053,True,5.0,19.6,,25423-0.0,,
30210-0.0,0.0017777777777777776,0.0007005973757234422,False,5.0,5.4,,30210-0.0,,
27379-0.0,0.002,0.0006980030583588179,True,1.3,1.4,,27379-0.0,,
26677-0.0,0.002,0.0006976922043277594,True,1.3,1.4,,26677-0.0,,
27754-0.0,0.004,0.0006962710927772425,True,1.3,1.4,,27754-0.0,,
27664-0.0,0.003777777777777778,0.0006903689657498755,True,1.4,1.4,,27664-0.0,,
27217-0.0,0.002,0.0006897091973523268,True,1.3,1.4,,27217-0.0,,
25198-0.0,0.003333333333333333,0.0006858852140592404,True,5.0,19.6,,25198-0.0,,
25505-0.0,0.0044444444444444444,0.0006854832072490991,True,5.0,19.6,,25505-0.0,,
27288-0.0,0.0057777777777777775,0.0006845915300060467,True,1.3,1.4,,27288-0.0,,
25132-0.0,0.0008888888888888889,0.0006799950771608842,True,5.0,19.6,,25132-0.0,,
25083-0.0,0.0017777777777777779,0.0006798087515461344,True,5.0,19.6,,25083-0.0,,
26561-0.0,0.003333333333333333,0.0006768751109404505,True,1.3,1.4,,26561-0.0,,
27334-0.0,0.0008888888888888889,0.0006749806890401596,True,1.3,1.4,,27334-0.0,,
26640-0.0,0.004666666666666667,0.0006743813457409185,True,1.3,1.4,,26640-0.0,,
27444-0.0,0.003111111111111111,0.0006688397913506909,True,1.3,1.4,,27444-0.0,,
27488-0.0,0.003111111111111111,0.0006635510153805755,True,1.3,1.4,,27488-0.0,,
25254-0.0,0.0015555555555555557,0.0006634472335020983,True,5.0,19.6,,25254-0.0,,
25785-0.0,0.0028888888888888888,0.0006633601211729397,True,0.0,0.0,,25785-0.0,,
23127-0.0,0.004,0.0006627773011275656,False,1.3,2.7,,23127-0.0,,
26523-0.0,0.002,0.0006602276559790374,True,1.3,1.4,,26523-0.0,,
2844-0.0_c1,0.0015555555555555557,0.0006588955325478579,False,0.0,0.0,,2844-0.0_c1,,
26861-0.0,0.004222222222222222,0.0006579710381502288,True,1.3,1.4,,26861-0.0,,
27129-0.0,0.0044444444444444444,0.0006568589461103123,True,1.3,1.4,,27129-0.0,,
25117-0.0,0.0026666666666666666,0.0006557409987907715,True,5.0,19.6,,25117-0.0,,
27384-0.0,0.0017777777777777779,0.0006553274390537033,True,1.3,1.4,,27384-0.0,,
26975-0.0,0.004222222222222222,0.0006541298846997679,True,1.3,1.4,,26975-0.0,,
27768-0.0,0.004666666666666666,0.00065289985493514,True,1.3,1.4,,27768-0.0,,
26854-0.0,0.0015555555555555557,0.000652250449324344,True,1.3,1.4,,26854-0.0,,
25458-0.0,0.0035555555555555553,0.0006466368122620053,True,5.0,19.6,,25458-0.0,,
26620-0.0,0.004222222222222222,0.0006438054112806504,True,1.3,1.4,,26620-0.0,,
25488-0.0,0.0033333333333333335,0.000638600100576164,True,5.0,19.6,,25488-0.0,,
27128-0.0,0.0013333333333333335,0.0006383790656039017,True,1.3,1.4,,27128-0.0,,
26767-0.0,0.0022222222222222222,0.0006378008210881403,True,1.3,1.4,,26767-0.0,,
25796-0.0,0.0015555555555555555,0.0006370684425073338,True,0.0,0.0,,25796-0.0,,
25552-0.0,0.0026666666666666666,0.0006364668412239429,True,5.0,19.6,,25552-0.0,,
25332-0.0,0.0022222222222222222,0.0006348342228627073,True,5.0,19.6,,25332-0.0,,
26996-0.0,0.0008888888888888889,0.0006335039208813423,True,1.3,1.4,,26996-0.0,,
92-0.0,0.0028888888888888888,0.0006299945298483557,False,26.7,16.9,,92-0.0,,
25723-0.0,0.003111111111111111,0.0006297415049896884,True,5.0,19.6,,25723-0.0,,
26690-0.0,0.0022222222222222222,0.0006274602348501618,True,1.3,1.4,,26690-0.0,,
27765-0.0,0.0035555555555555553,0.0006268765713026196,True,1.3,1.4,,27765-0.0,,
27393-0.0,0.005111111111111111,0.0006262372827114372,True,1.3,1.4,,27393-0.0,,
25419-0.0,0.0026666666666666666,0.0006245448344339077,True,5.0,19.6,,25419-0.0,,
25457-0.0,0.002,0.0006234059307926076,True,5.0,19.6,,25457-0.0,,
27001-0.0,0.0031111111111111114,0.0006228542251305037,True,1.3,1.4,,27001-0.0,,
26536-0.0,0.003111111111111111,0.0006145094230180112,True,1.3,1.4,,26536-0.0,,
25628-0.0,0.0035555555555555553,0.0006136751529962382,True,5.0,19.6,,25628-0.0,,
27301-0.0,0.003111111111111111,0.0006122702479563817,True,1.3,1.4,,27301-0.0,,
26706-0.0,0.004,0.0006100765047269948,True,1.3,1.4,,26706-0.0,,
26737-0.0,0.003333333333333333,0.0006084564918097395,True,1.3,1.4,,26737-0.0,,
27029-0.0,0.0022222222222222222,0.0006079546303556432,True,1.3,1.4,,27029-0.0,,
27735-0.0,0.0035555555555555553,0.000603752285565862,True,1.3,1.4,,27735-0.0,,
30510-0.0,0.003333333333333333,0.000602445600217769,False,3.1,3.4,,30510-0.0,,
27132-0.0,0.003111111111111111,0.0005997612195085592,True,1.3,1.4,,27132-0.0,,
25434-0.0,0.0028888888888888888,0.0005951208363343455,True,5.0,19.6,,25434-0.0,,
25586-0.0,0.0037777777777777775,0.0005932390906160958,True,5.0,19.6,,25586-0.0,,
20110-0.11_pos,0.0044444444444444444,0.0005930560937977391,False,0.0,0.0,,20110-0.11_pos,,
27612-0.0,0.003333333333333333,0.0005930307118313923,True,1.3,1.4,,27612-0.0,,
25461-0.0,0.0026666666666666666,0.0005917306260266158,True,5.0,19.6,,25461-0.0,,
25410-0.0,0.0017777777777777779,0.0005917117054837789,True,5.0,19.6,,25410-0.0,,
26944-0.0,0.003333333333333333,0.0005909040779324174,True,1.3,1.4,,26944-0.0,,
26773-0.0,0.003111111111111111,0.000590455444897142,True,1.3,1.4,,26773-0.0,,
25040-0.0,0.003333333333333333,0.0005901294030511064,True,16.7,26.4,,25040-0.0,,
27767-0.0,0.0035555555555555553,0.0005893833430905061,True,1.3,1.4,,27767-0.0,,
25504-0.0,0.0035555555555555557,0.0005892682550156978,True,5.0,19.6,,25504-0.0,,
26726-0.0,0.0017777777777777776,0.0005880110256307386,True,1.3,1.4,,26726-0.0,,
25291-0.0,0.0006666666666666668,0.0005860458172037962,True,5.0,19.6,,25291-0.0,,
25570-0.0,0.0028888888888888888,0.0005847602108148183,True,5.0,19.6,,25570-0.0,,
25048-0.0,0.002,0.0005843669636785748,True,16.7,26.4,,25048-0.0,,
27403-0.0,0.0035555555555555553,0.0005824459914265077,True,1.3,1.4,,27403-0.0,,
2774-0.0_c1,0.0006666666666666666,0.0005797761272871026,False,0.0,0.0,,2774-0.0_c1,,
27081-0.0,0.0011111111111111111,0.0005789461754549896,True,1.3,1.4,,27081-0.0,,
25742-0.0,0.0026666666666666666,0.0005785842283494884,True,16.7,26.4,,25742-0.0,,
27541-0.0,0.0035555555555555553,0.0005782749221016198,True,1.3,1.4,,27541-0.0,,
26573-0.0,0.0022222222222222222,0.000578246246534913,True,1.3,1.4,,26573-0.0,,
25230-0.0,0.003333333333333333,0.0005763513315434913,True,5.0,19.6,,25230-0.0,,
25665-0.0,0.0015555555555555555,0.0005755377183542575,True,5.0,19.6,,25665-0.0,,
25356-0.0,0.0024444444444444444,0.0005737341025830764,True,5.0,19.6,,25356-0.0,,
27028-0.0,0.0022222222222222222,0.0005675812149580446,True,1.3,1.4,,27028-0.0,,
27130-0.0,0.0015555555555555557,0.0005671803920085767,True,1.3,1.4,,27130-0.0,,
27468-0.0,0.0008888888888888889,0.0005666421424486616,True,1.3,1.4,,27468-0.0,,
27185-0.0,0.0013333333333333333,0.0005659995043940976,True,1.3,1.4,,27185-0.0,,
30110-0.0,0.0033333333333333335,0.0005653057813748257,False,4.8,5.4,,30110-0.0,,
27007-0.0,0.004888888888888889,0.0005636728583038803,True,1.3,1.4,,27007-0.0,,
25264-0.0,0.0011111111111111111,0.0005633431300640383,True,5.0,19.6,,25264-0.0,,
25443-0.0,0.0024444444444444444,0.0005620474117535769,True,5.0,19.6,,25443-0.0,,
27656-0.0,0.0024444444444444444,0.0005612860242740355,True,1.3,1.4,,27656-0.0,,
25522-0.0,0.003111111111111111,0.0005606595898589445,True,5.0,19.6,,25522-0.0,,
27216-0.0,0.0013333333333333335,0.0005596282726262978,True,1.3,1.4,,27216-0.0,,
26537-0.0,0.0024444444444444444,0.0005560423801883752,True,1.3,1.4,,26537-0.0,,
25139-0.0,0.0013333333333333333,0.0005535899764168183,True,5.0,19.6,,25139-0.0,,
2060-0.0_c0,0.005555555555555556,0.000553346509531062,False,0.0,0.0,,2060-0.0_c0,,
25896-0.0,0.0017777777777777779,0.0005532787300525969,True,0.0,0.0,,25896-0.0,,
25741-0.0,0.0026666666666666666,0.0005457440380839347,True,4.1,9.5,,25741-0.0,,
27169-0.0,0.0015555555555555557,0.0005444317404846388,True,1.3,1.4,,27169-0.0,,
25585-0.0,0.0024444444444444444,0.000543045953019567,True,5.0,19.6,,25585-0.0,,
27626-0.0,0.003111111111111111,0.0005413884099626827,True,1.3,1.4,,27626-0.0,,
25392-0.0,0.004888888888888889,0.00053609705405098,True,5.0,19.6,,25392-0.0,,
25082-0.0,0.0015555555555555555,0.0005340735880662451,True,5.0,19.6,,25082-0.0,,
26510-0.0,0.0015555555555555555,0.0005339469336368424,True,1.3,1.4,,26510-0.0,,
26678-0.0,0.002666666666666667,0.0005326036256495652,True,1.3,1.4,,26678-0.0,,
25627-0.0,0.0024444444444444444,0.0005315648121137109,True,5.0,19.6,,25627-0.0,,
25375-0.0,0.0006666666666666668,0.0005283395753194231,True,5.0,19.6,,25375-0.0,,
26512-0.0,0.0008888888888888889,0.0005266674990948043,True,1.3,1.4,,26512-0.0,,
26716-0.0,0.0028888888888888888,0.0005263874903798249,True,1.3,1.4,,26716-0.0,,
27695-0.0,0.002,0.0005260966718940892,True,1.3,1.4,,27695-0.0,,
27032-0.0,0.0011111111111111111,0.0005245771776522187,True,1.3,1.4,,27032-0.0,,
25302-0.0,0.0013333333333333333,0.0005196916572239608,True,5.0,19.6,,25302-0.0,,
30530-0.0,0.0026666666666666666,0.0005193103670686637,False,3.3,4.7,,30530-0.0,,
27751-0.0,0.003333333333333333,0.0005180421998898743,True,1.3,1.4,,27751-0.0,,
27602-0.0,0.002,0.0005177558241820772,True,1.3,1.4,,27602-0.0,,
25358-0.0,0.0028888888888888888,0.0005164471693298932,True,5.0,19.6,,25358-0.0,,
21002-0.0,0.0024444444444444444,0.0005146393138026999,False,0.1,0.7,,21002-0.0,,
27263-0.0,0.00022222222222222223,0.0005134286836033002,True,1.3,1.4,,27263-0.0,,
25459-0.0,0.0024444444444444444,0.0005125661306038188,True,5.0,19.6,,25459-0.0,,
25577-0.0,0.0015555555555555557,0.000511402859382989,True,5.0,19.6,,25577-0.0,,
25916-0.0,0.0024444444444444444,0.0005111379164330131,True,0.0,0.0,,25916-0.0,,
27280-0.0,0.0006666666666666668,0.0005093740190718464,True,1.3,1.4,,27280-0.0,,
25153-0.0,0.0024444444444444444,0.0005088675020121716,True,5.0,19.6,,25153-0.0,,
20008-0.0,0.0024444444444444444,0.0005078547172485101,False,33.2,18.2,,20008-0.0,,
27658-0.0,0.0026666666666666666,0.0005062106530705018,True,1.3,1.4,,27658-0.0,,
25880-0.0,0.0022222222222222222,0.0005050827735175016,True,0.0,0.0,,25880-0.0,,
25722-0.0,0.0015555555555555557,0.0005045424101582975,True,5.0,19.6,,25722-0.0,,
26934-0.0,0.0026666666666666666,0.0005023735513741393,True,1.3,1.4,,26934-0.0,,
26998-0.0,0.0026666666666666666,0.0005009677148520642,True,1.3,1.4,,26998-0.0,,
27331-0.0,0.002,0.0005007562263182516,True,1.3,1.4,,27331-0.0,,
27733-0.0,0.00022222222222222223,0.0004994129666910139,True,1.3,1.4,,27733-0.0,,
25834-0.0,0.0006666666666666666,0.0004992069400768905,True,0.0,0.0,,25834-0.0,,
26850-0.0,0.0035555555555555557,0.0004979259853436711,True,1.3,1.4,,26850-0.0,,
25847-0.0,0.0017777777777777779,0.0004944972441412697,True,0.0,0.0,,25847-0.0,,
26588-0.0,0.0017777777777777779,0.0004939113207600105,True,1.3,1.4,,26588-0.0,,
25435-0.0,0.0015555555555555557,0.0004925634275231589,True,5.0,19.6,,25435-0.0,,
25081-0.0,0.0035555555555555557,0.0004924234457031587,True,5.0,19.6,,25081-0.0,,
25719-0.0,0.0011111111111111111,0.0004914328359152617,True,5.0,19.6,,25719-0.0,,
26784-0.0,0.0026666666666666666,0.0004901156983716456,True,1.3,1.4,,26784-0.0,,
26663-0.0,0.003111111111111111,0.00048639121031136666,True,1.3,1.4,,26663-0.0,,
26642-0.0,0.0022222222222222222,0.00048569244153718737,True,1.3,1.4,,26642-0.0,,
26549-0.0,0.0026666666666666666,0.00048429390324600545,True,1.3,1.4,,26549-0.0,,
27078-0.0,0.0024444444444444444,0.00048389414034256885,True,1.3,1.4,,27078-0.0,,
27755-0.0,0.0017777777777777779,0.00048257417640891964,True,1.3,1.4,,27755-0.0,,
27586-0.0,0.0022222222222222227,0.00047843402163185166,True,1.3,1.4,,27586-0.0,,
26964-0.0,0.002,0.00047759498306594714,True,1.3,1.4,,26964-0.0,,
26833-0.0,0.0028888888888888888,0.00047574893652772035,True,1.3,1.4,,26833-0.0,,
27212-0.0,0.004666666666666667,0.00047568610863541405,True,1.3,1.4,,27212-0.0,,
25344-0.0,0.0024444444444444444,0.00047348571930906977,True,5.0,19.6,,25344-0.0,,
26554-0.0,0.0015555555555555555,0.00047317987319417127,True,1.3,1.4,,26554-0.0,,
26924-0.0,0.0035555555555555553,0.00047136517584648105,True,1.3,1.4,,26924-0.0,,
26508-0.0,0.002,0.0004710089897557962,True,1.3,1.4,,26508-0.0,,
26914-0.0,0.0026666666666666666,0.0004699927689751411,True,1.3,1.4,,26914-0.0,,
25812-0.0,0.0044444444444444444,0.0004681521791247286,True,0.0,0.0,,25812-0.0,,
26671-0.0,0.0017777777777777776,0.0004666539718226494,True,1.3,1.4,,26671-0.0,,
25463-0.0,0.0015555555555555555,0.00046554506649170704,True,5.0,19.6,,25463-0.0,,
27083-0.0,0.0037777777777777783,0.00046368623922754537,True,1.3,1.4,,27083-0.0,,
27305-0.0,0.0017777777777777776,0.00046306454149081135,True,1.3,1.4,,27305-0.0,,
27734-0.0,0.0024444444444444444,0.0004615614969263995,True,1.3,1.4,,27734-0.0,,
27629-0.0,0.002666666666666667,0.0004613757109502585,True,1.3,1.4,,27629-0.0,,
25610-0.0,0.0022222222222222222,0.0004607283749031386,True,5.0,19.6,,25610-0.0,,
943-0.0_c4,0.0022222222222222222,0.0004606056679817039,False,0.0,0.0,,943-0.0_c4,,
30100-0.0,0.002666666666666667,0.0004602606314840132,False,4.8,5.4,,30100-0.0,,
26711-0.0,0.0015555555555555555,0.0004598759446532885,True,1.3,1.4,,26711-0.0,,
25657-0.0,0.002,0.00045952145407824056,True,5.0,19.6,,25657-0.0,,
25677-0.0,0.0017777777777777779,0.0004592614604131535,True,5.0,19.6,,25677-0.0,,
981-0.0_c1,0.003777777777777778,0.00045845840898905754,False,0.0,0.0,,981-0.0_c1,,
26644-0.0,0.002,0.0004579845970252266,True,1.3,1.4,,26644-0.0,,
27679-0.0,0.004888888888888889,0.0004572131551747266,True,1.3,1.4,,27679-0.0,,
27383-0.0,0.0024444444444444444,0.00045700065471315223,True,1.4,1.4,,27383-0.0,,
27056-0.0,0.0011111111111111111,0.0004531455898103285,True,1.3,1.4,,27056-0.0,,
27490-0.0,0.0028888888888888888,0.00045030088914550976,True,1.3,1.4,,27490-0.0,,
26698-0.0,0.0022222222222222222,0.00044774406677391786,True,1.3,1.4,,26698-0.0,,
27381-0.0,0.002,0.00044752225739645084,True,1.3,1.4,,27381-0.0,,
25603-0.0,0.0024444444444444444,0.0004472720433177162,True,5.0,19.6,,25603-0.0,,
25212-0.0,0.0017777777777777779,0.0004467174077243894,True,5.0,19.6,,25212-0.0,,
26597-0.0,0.0026666666666666666,0.00044586004677029073,True,1.3,1.4,,26597-0.0,,
26857-0.0,0.0035555555555555553,0.00044527962821701907,True,1.3,1.4,,26857-0.0,,
27737-0.0,0.0026666666666666666,0.0004446586595345238,True,1.3,1.4,,27737-0.0,,
26987-0.0,0.0013333333333333335,0.00044464436661161976,True,1.3,1.4,,26987-0.0,,
27622-0.0,0.0013333333333333335,0.0004399444940726678,True,1.3,1.4,,27622-0.0,,
26920-0.0,0.0022222222222222222,0.00043856454351906944,True,1.3,1.4,,26920-0.0,,
27273-0.0,0.004666666666666666,0.0004378521317953228,True,1.3,1.4,,27273-0.0,,
25197-0.0,0.002,0.00043681541243099627,True,5.0,19.6,,25197-0.0,,
27642-0.0,0.0017777777777777779,0.00043522632747296767,True,1.3,1.4,,27642-0.0,,
27370-0.0,0.0024444444444444444,0.0004341061622569283,True,1.3,1.4,,27370-0.0,,
25019-0.0,0.0024444444444444444,0.00043354791325707104,True,0.0,0.0,,25019-0.0,,
25166-0.0,0.0017777777777777779,0.00043302471218488236,True,5.0,19.6,,25166-0.0,,
25861-0.0,0.0017777777777777779,0.0004319746621530633,True,0.0,0.0,,25861-0.0,,
26655-0.0,0.003111111111111111,0.0004319113752950143,True,1.3,1.4,,26655-0.0,,
25096-0.0,0.0006666666666666666,0.0004312697864383271,True,5.0,19.6,,25096-0.0,,
27356-0.0,0.0013333333333333333,0.00042924410954987716,True,1.3,1.4,,27356-0.0,,
25514-0.0,0.0026666666666666666,0.0004287252509479019,True,5.0,19.6,,25514-0.0,,
25022-0.0,0.00022222222222222223,0.0004258489144843303,True,0.0,0.0,,25022-0.0,,
26802-0.0,0.0024444444444444444,0.00042572011658841046,True,1.3,1.4,,26802-0.0,,
25395-0.0,0.0017777777777777776,0.0004238195289992264,True,5.0,19.6,,25395-0.0,,
26626-0.0,0.002,0.0004237740397164593,True,1.3,1.4,,26626-0.0,,
27063-0.0,0.0013333333333333335,0.00042291944005624644,True,1.3,1.4,,27063-0.0,,
27336-0.0,0.0024444444444444444,0.0004213569842534095,True,1.3,1.4,,27336-0.0,,
26855-0.0,0.0011111111111111111,0.0004212135862476817,True,1.3,1.4,,26855-0.0,,
26751-0.0,0.0013333333333333333,0.00042120864619791496,True,1.3,1.4,,26751-0.0,,
26868-0.0,0.003777777777777778,0.0004198598910307689,True,1.3,1.4,,26868-0.0,,
27203-0.0,0.0011111111111111111,0.00041920168799845894,True,1.3,1.4,,27203-0.0,,
27506-0.0,0.0017777777777777776,0.000419189634229224,True,1.3,1.4,,27506-0.0,,
25350-0.0,0.0017777777777777779,0.0004190246898161484,True,5.0,19.6,,25350-0.0,,
30280-0.0,0.0024444444444444444,0.00041829647827009515,False,6.5,5.4,,30280-0.0,,
25762-0.0,0.0015555555555555555,0.00041503218377827956,True,16.7,26.4,,25762-0.0,,
27289-0.0,0.00044444444444444447,0.00041201037009082396,True,1.3,1.4,,27289-0.0,,
27131-0.0,0.0013333333333333335,0.0004105522208512457,True,1.3,1.4,,27131-0.0,,
27350-0.0,0.0022222222222222222,0.0004102152643051767,True,1.3,1.4,,27350-0.0,,
26544-0.0,0.0035555555555555557,0.0004097378756198255,True,1.3,1.4,,26544-0.0,,
27721-0.0,0.0013333333333333333,0.00040958954753879477,True,1.3,1.4,,27721-0.0,,
23099-0.0,0.002,0.00040853469442343217,False,1.2,2.0,,23099-0.0,,
27041-0.0,0.002,0.000408125966488243,True,1.3,1.4,,27041-0.0,,
27235-0.0,0.004222222222222223,0.00040690315245947583,True,1.3,1.4,,27235-0.0,,
27196-0.0,0.0015555555555555555,0.0004062980102776695,True,1.3,1.4,,27196-0.0,,
27745-0.0,0.0028888888888888888,0.0004059673183578788,True,1.3,1.4,,27745-0.0,,
27365-0.0,0.0013333333333333335,0.0004051525083896227,True,1.3,1.4,,27365-0.0,,
26834-0.0,0.004222222222222222,0.00040499913627680724,True,1.3,1.4,,26834-0.0,,
25698-0.0,0.0035555555555555557,0.0004044731367024501,True,5.0,19.6,,25698-0.0,,
27423-0.0,0.0028888888888888888,0.00040409445467649385,True,1.3,1.4,,27423-0.0,,
27595-0.0,0.0028888888888888888,0.00040356958123692816,True,1.3,1.4,,27595-0.0,,
23130-0.0,0.0013333333333333335,0.0004024411301460401,False,1.3,2.7,,23130-0.0,,
27309-0.0,0.0015555555555555555,0.00040228948287029,True,1.3,1.4,,27309-0.0,,
25816-0.0,0.0017777777777777779,0.0004021566132027917,True,0.0,0.0,,25816-0.0,,
25285-0.0,0.0011111111111111111,0.00040190165129879574,True,5.0,19.6,,25285-0.0,,
26581-0.0,0.0028888888888888888,0.0004016558474864741,True,1.3,1.4,,26581-0.0,,
27010-0.0,0.0015555555555555555,0.0004014007534174236,True,1.3,1.4,,27010-0.0,,
26694-0.0,0.0017777777777777779,0.0004008444460983625,True,1.3,1.4,,26694-0.0,,
27747-0.0,0.0011111111111111113,0.00039998886011946615,True,1.3,1.4,,27747-0.0,,
30600-0.0,0.0026666666666666666,0.00039828933254573105,False,14.6,12.2,,30600-0.0,,
27251-0.0,0.0028888888888888888,0.0003976377901586869,True,1.3,1.4,,27251-0.0,,
25101-0.0,0.003333333333333333,0.0003974303892526124,True,5.0,19.6,,25101-0.0,,
27499-0.0,0.0024444444444444444,0.00039729393781449577,True,1.3,1.4,,27499-0.0,,
25293-0.0,0.0017777777777777779,0.0003964407559613763,True,5.0,19.6,,25293-0.0,,
26988-0.0,0.0011111111111111111,0.0003963207777396812,True,1.3,1.4,,26988-0.0,,
25662-0.0,0.0026666666666666666,0.00039551718283128935,True,5.0,19.6,,25662-0.0,,
25247-0.0,0.0017777777777777779,0.00039474879715696207,True,5.0,19.6,,25247-0.0,,
27025-0.0,0.0022222222222222222,0.0003933998465678845,True,1.3,1.4,,27025-0.0,,
27031-0.0,0.0008888888888888889,0.0003923618361577469,True,1.3,1.4,,27031-0.0,,
27703-0.0,0.0015555555555555555,0.00039047062889151983,True,1.3,1.4,,27703-0.0,,
25089-0.0,0.0015555555555555555,0.00038934650340927444,True,5.0,19.6,,25089-0.0,,
25874-0.0,0.0013333333333333333,0.00038759979340458647,True,0.0,0.0,,25874-0.0,,
26963-0.0,0.0015555555555555555,0.00038718305530469494,True,1.3,1.4,,26963-0.0,,
27690-0.0,0.0022222222222222222,0.0003850961578914189,True,1.3,1.4,,27690-0.0,,
25190-0.0,0.0022222222222222222,0.000384479442405808,True,5.0,19.6,,25190-0.0,,
26933-0.0,0.002,0.0003844333449594829,True,1.3,1.4,,26933-0.0,,
26770-0.0,0.0024444444444444444,0.00038420543752010715,True,1.3,1.4,,26770-0.0,,
27450-0.0,0.00022222222222222223,0.00038224861496111335,True,1.3,1.4,,27450-0.0,,
25394-0.0,0.0017777777777777779,0.00038117936931505065,True,5.0,19.6,,25394-0.0,,
25116-0.0,0.0011111111111111111,0.0003810591162747933,True,5.0,19.6,,25116-0.0,,
25065-0.0,0.0024444444444444444,0.0003808188089566948,True,5.0,19.6,,25065-0.0,,
26570-0.0,0.0028888888888888888,0.0003798473965041044,True,1.3,1.4,,26570-0.0,,
25825-0.0,0.002,0.0003796271781682456,True,0.0,0.0,,25825-0.0,,
25030-0.0,0.0024444444444444444,0.00037848282051974424,True,9.0,11.5,,25030-0.0,,
26715-0.0,0.0006666666666666666,0.0003774221140268953,True,1.3,1.4,,26715-0.0,,
25220-0.0,0.002666666666666667,0.0003767714062379435,True,5.0,19.6,,25220-0.0,,
27714-0.0,0.0017777777777777779,0.00037636879453353545,True,1.3,1.4,,27714-0.0,,
27267-0.0,0.0008888888888888889,0.0003761972042112943,True,1.3,1.4,,27267-0.0,,
25062-0.0,0.0013333333333333333,0.00037510603722888165,True,5.0,19.6,,25062-0.0,,
27707-0.0,0.0024444444444444444,0.000374682671784002,True,1.3,1.4,,27707-0.0,,
27683-0.0,0.0015555555555555557,0.00037352937382695414,True,1.3,1.4,,27683-0.0,,
25486-0.0,0.0031111111111111114,0.00037109020017959786,True,5.0,19.6,,25486-0.0,,
27376-0.0,0.0011111111111111113,0.0003709841288397407,True,1.3,1.4,,27376-0.0,,
25901-0.0,0.0033333333333333335,0.0003705050542860091,True,0.0,0.0,,25901-0.0,,
27191-0.0,0.0006666666666666668,0.0003695174145729558,True,1.3,1.4,,27191-0.0,,
26605-0.0,0.0015555555555555555,0.00036921818648113044,True,1.3,1.4,,26605-0.0,,
27221-0.0,0.0013333333333333333,0.00036794006754664024,True,1.3,1.4,,27221-0.0,,
25183-0.0,0.002,0.0003668949789099943,True,5.0,19.6,,25183-0.0,,
30720-0.0,0.002666666666666667,0.0003666319169490758,False,6.5,8.1,,30720-0.0,,
25686-0.0,0.0015555555555555557,0.0003660458625443351,True,5.0,19.6,,25686-0.0,,
25345-0.0,0.0022222222222222222,0.00036435291811218434,True,5.0,19.6,,25345-0.0,,
27427-0.0,0.00044444444444444447,0.0003629745296701887,True,1.3,1.4,,27427-0.0,,
25012-0.0,0.0015555555555555557,0.0003609346242825725,True,0.0,0.0,,25012-0.0,,
25766-0.0,0.0028888888888888888,0.0003607850860851122,True,16.7,26.4,,25766-0.0,,
25706-0.0,0.0008888888888888889,0.00035802323342722195,True,5.0,19.6,,25706-0.0,,
25126-0.0,0.0006666666666666668,0.0003537949635731869,True,5.0,19.6,,25126-0.0,,
27746-0.0,0.002,0.00035245004904022314,True,1.3,1.4,,27746-0.0,,
27113-0.0,0.0028888888888888888,0.0003500054378014454,True,1.3,1.4,,27113-0.0,,
26567-0.0,0.0006666666666666666,0.00034892740906620454,True,1.3,1.4,,26567-0.0,,
27593-0.0,0.0017777777777777779,0.0003487419268075428,True,1.3,1.4,,27593-0.0,,
26910-0.0,0.0026666666666666666,0.00034678918568501794,True,1.3,1.4,,26910-0.0,,
27603-0.0,0.002,0.00034673251173903677,True,1.3,1.4,,27603-0.0,,
27099-0.0,0.0015555555555555555,0.000346248439317517,True,1.3,1.4,,27099-0.0,,
26622-0.0,0.0017777777777777776,0.0003453660997451427,True,1.3,1.4,,26622-0.0,,
25794-0.0,0.002,0.0003452943203347238,True,0.0,0.0,,25794-0.0,,
25594-0.0,0.0017777777777777779,0.0003421194291116936,True,5.0,19.6,,25594-0.0,,
25328-0.0,0.0008888888888888889,0.0003411309024417829,True,5.0,19.6,,25328-0.0,,
2453-0.0_c0,0.0008888888888888889,0.0003407025608793276,False,0.0,0.0,,2453-0.0_c0,,
26869-0.0,0.0013333333333333333,0.0003406524906628597,True,1.3,1.4,,26869-0.0,,
27549-0.0,0.0026666666666666666,0.00033950330965966223,True,1.3,1.4,,27549-0.0,,
25136-0.0,0.0011111111111111111,0.000338320193113178,True,5.0,19.6,,25136-0.0,,
27583-0.0,0.0024444444444444444,0.00033830551466913544,True,1.3,1.4,,27583-0.0,,
30670-0.0,0.002,0.00033815636882764935,False,6.6,9.5,,30670-0.0,,
27727-0.0,0.0008888888888888889,0.00033745708472003615,True,1.3,1.4,,27727-0.0,,
25508-0.0,0.002,0.00033700488507236665,True,5.0,19.6,,25508-0.0,,
26733-0.0,0.0015555555555555557,0.0003360922883322337,True,1.3,1.4,,26733-0.0,,
25906-0.0,0.0015555555555555555,0.00033589192032996675,True,0.0,0.0,,25906-0.0,,
25412-0.0,0.002,0.0003350315935788345,True,5.0,19.6,,25412-0.0,,
23104-0.0,0.0013333333333333335,0.0003329583649258204,False,1.2,2.0,,23104-0.0,,
25578-0.0,0.0024444444444444444,0.00033244450605800804,True,5.0,19.6,,25578-0.0,,
27689-0.0,0.00022222222222222223,0.00033236819723953914,True,1.3,1.4,,27689-0.0,,
27114-0.0,0.0013333333333333333,0.00033230018951779176,True,1.3,1.4,,27114-0.0,,
26768-0.0,0.0015555555555555557,0.00033204574391644255,True,1.3,1.4,,26768-0.0,,
26587-0.0,0.0026666666666666666,0.00033168721372520355,True,1.3,1.4,,26587-0.0,,
26890-0.0,0.0028888888888888888,0.00033087872874841047,True,1.3,1.4,,26890-0.0,,
27194-0.0,0.0013333333333333333,0.00033059980200545196,True,1.3,1.4,,27194-0.0,,
26832-0.0,0.0008888888888888889,0.0003295553197921834,True,1.3,1.4,,26832-0.0,,
30180-0.0,0.0022222222222222222,0.0003290857240275616,False,5.0,5.4,,30180-0.0,,
25525-0.0,0.0008888888888888889,0.0003289397281234294,True,5.0,19.6,,25525-0.0,,
25881-0.0,0.0017777777777777779,0.00032812988580163997,True,0.0,0.0,,25881-0.0,,
25872-0.0,0.002,0.00032811737055726635,True,0.0,0.0,,25872-0.0,,
25288-0.0,0.0008888888888888889,0.0003273890841682507,True,5.0,19.6,,25288-0.0,,
27473-0.0,0.0013333333333333335,0.0003248864424382574,True,1.3,1.4,,27473-0.0,,
25245-0.0,0.0015555555555555557,0.0003248220593662693,True,5.0,19.6,,25245-0.0,,
27050-0.0,0.0008888888888888889,0.0003242236866455472,True,1.3,1.4,,27050-0.0,,
26952-0.0,0.0013333333333333333,0.00032384374638476507,True,1.3,1.4,,26952-0.0,,
30760-0.0,0.0013333333333333333,0.0003226232652886235,False,14.7,12.2,,30760-0.0,,
26961-0.0,0.0024444444444444444,0.00032237071304751214,True,1.3,1.4,,26961-0.0,,
23107-0.0,0.0011111111111111111,0.00032132371990798505,False,1.2,2.0,,23107-0.0,,
25201-0.0,0.0015555555555555555,0.0003213107015696775,True,5.0,19.6,,25201-0.0,,
27277-0.0,0.0028888888888888888,0.0003208444228653894,True,1.3,1.4,,27277-0.0,,
23112-0.0,0.0015555555555555557,0.0003197586458659915,False,1.2,2.0,,23112-0.0,,
25236-0.0,0.0011111111111111111,0.00031958399478990775,True,5.0,19.6,,25236-0.0,,
27580-0.0,0.0022222222222222222,0.0003182738349988614,True,1.3,1.4,,27580-0.0,,
27653-0.0,0.0024444444444444444,0.00031793259363751256,True,1.3,1.4,,27653-0.0,,
27692-0.0,0.0015555555555555557,0.00031683324911524724,True,1.3,1.4,,27692-0.0,,
26906-0.0,0.0022222222222222222,0.00031607470564165146,True,1.3,1.4,,26906-0.0,,
27558-0.0,0.0013333333333333333,0.0003147602939022282,True,1.3,1.4,,27558-0.0,,
27317-0.0,0.0028888888888888888,0.0003139582396685997,True,1.3,1.4,,27317-0.0,,
27224-0.0,0.002,0.0003136886066114656,True,1.3,1.4,,27224-0.0,,
27225-0.0,0.0015555555555555557,0.00031347463949852255,True,1.3,1.4,,27225-0.0,,
26888-0.0,0.0013333333333333333,0.00031133606267378755,True,1.3,1.4,,26888-0.0,,
27671-0.0,0.0011111111111111111,0.00031131516753437374,True,1.3,1.4,,27671-0.0,,
26535-0.0,0.002,0.00031013810499392935,True,1.3,1.4,,26535-0.0,,
27321-0.0,0.0015555555555555557,0.0003088316873539596,True,1.3,1.4,,27321-0.0,,
2070-0.0_c0,0.004,0.00030830086547270073,False,0.0,0.0,,2070-0.0_c0,,
30090-0.0,0.0024444444444444444,0.0003080757115042534,False,4.8,5.4,,30090-0.0,,
2277-0.0,0.0022222222222222222,0.0003074237891319506,False,1.6,2.7,,2277-0.0,,
26754-0.0,0.0017777777777777776,0.00030585205979852243,True,1.3,1.4,,26754-0.0,,
25542-0.0,0.0015555555555555557,0.00030517509776023576,True,5.0,19.6,,25542-0.0,,
25228-0.0,0.0013333333333333333,0.00030302223899944216,True,5.0,19.6,,25228-0.0,,
27610-0.0,0.0008888888888888889,0.00030059271752810233,True,1.3,1.4,,27610-0.0,,
25186-0.0,0.0013333333333333333,0.00029791416119999284,True,5.0,19.6,,25186-0.0,,
27249-0.0,0.0013333333333333335,0.0002976715544077981,True,1.3,1.4,,27249-0.0,,
25718-0.0,0.0011111111111111111,0.00029730347926953135,True,5.0,19.6,,25718-0.0,,
25502-0.0,0.0008888888888888889,0.0002967417614987161,True,5.0,19.6,,25502-0.0,,
27236-0.0,0.0017777777777777779,0.00029655873596695116,True,1.3,1.4,,27236-0.0,,
25498-0.0,0.0015555555555555555,0.0002960470721942719,True,5.0,19.6,,25498-0.0,,
27453-0.0,0.0022222222222222222,0.0002959388940859614,True,1.3,1.4,,27453-0.0,,
27479-0.0,0.0011111111111111111,0.00029570052232588966,True,1.3,1.4,,27479-0.0,,
25072-0.0,0.0011111111111111111,0.00029282820246936405,True,5.0,19.6,,25072-0.0,,
20010-0.0,0.0024444444444444444,0.0002927477286624791,False,26.7,16.9,,20010-0.0,,
22034-0.0,0.0024444444444444444,0.00029260828882330357,False,16.7,25.7,,22034-0.0,,
26590-0.0,0.0015555555555555555,0.0002924200865742702,True,1.3,1.4,,26590-0.0,,
26986-0.0,0.0013333333333333335,0.00029219859096761206,True,1.3,1.4,,26986-0.0,,
26645-0.0,0.0008888888888888889,0.0002921804995534437,True,1.3,1.4,,26645-0.0,,
26615-0.0,0.002,0.000292115447598136,True,1.3,1.4,,26615-0.0,,
25689-0.0,0.0006666666666666668,0.0002917232066928989,True,5.0,19.6,,25689-0.0,,
25645-0.0,0.0006666666666666666,0.0002910702329131885,True,5.0,19.6,,25645-0.0,,
25439-0.0,0.0022222222222222222,0.0002908112310903157,True,5.0,19.6,,25439-0.0,,
27108-0.0,0.0022222222222222222,0.0002902018046629347,True,1.3,1.4,,27108-0.0,,
25676-0.0,0.0013333333333333335,0.00028969557895229276,True,5.0,19.6,,25676-0.0,,
27530-0.0,0.0013333333333333335,0.0002892165392653903,True,1.3,1.4,,27530-0.0,,
25907-0.0,0.0015555555555555555,0.0002882734642174567,True,0.0,0.0,,25907-0.0,,
25387-0.0,0.00022222222222222223,0.0002872722663054397,True,5.0,19.6,,25387-0.0,,
27700-0.0,0.002,0.00028655137305719144,True,1.3,1.4,,27700-0.0,,
25213-0.0,0.0015555555555555557,0.00028465001055478074,True,5.0,19.6,,25213-0.0,,
26994-0.0,0.0022222222222222222,0.0002843823261291778,True,1.3,1.4,,26994-0.0,,
26879-0.0,0.0022222222222222222,0.00028353765736005093,True,1.3,1.4,,26879-0.0,,
26929-0.0,0.0013333333333333335,0.0002834878335035322,True,1.3,1.4,,26929-0.0,,
25460-0.0,0.002,0.00028295697556766615,True,5.0,19.6,,25460-0.0,,
25911-0.0,0.0013333333333333335,0.00028226966100197037,True,0.0,0.0,,25911-0.0,,
25475-0.0,0.0013333333333333333,0.0002821995646639967,True,5.0,19.6,,25475-0.0,,
27437-0.0,0.0006666666666666668,0.00028215714538646643,True,1.3,1.4,,27437-0.0,,
27378-0.0,0.002,0.0002821394665308977,True,1.3,1.4,,27378-0.0,,
25384-0.0,0.0008888888888888889,0.00028150218067631065,True,5.0,19.6,,25384-0.0,,
23109-0.0,0.002,0.0002794325120300508,False,1.2,2.0,,23109-0.0,,
25891-0.0,0.00044444444444444447,0.0002793930977491676,True,0.0,0.0,,25891-0.0,,
52-0.0_c0,0.0017777777777777779,0.0002776562298398192,False,0.0,0.0,,52-0.0_c0,,
27042-0.0,0.0006666666666666666,0.00027688353632478467,True,1.3,1.4,,27042-0.0,,
27071-0.0,0.0017777777777777779,0.00027410345086495837,True,1.3,1.4,,27071-0.0,,
23106-0.0,0.0022222222222222222,0.00027376351524523016,False,1.2,2.0,,23106-0.0,,
30770-0.0,0.0015555555555555555,0.00027363196375508733,False,7.0,8.1,,30770-0.0,,
25108-0.0,0.0011111111111111113,0.0002731560429946264,True,5.0,19.6,,25108-0.0,,
27673-0.0,0.0015555555555555557,0.0002724331584369941,True,1.3,1.4,,27673-0.0,,
25875-0.0,0.002,0.0002719330992040421,True,0.0,0.0,,25875-0.0,,
26680-0.0,0.0013333333333333333,0.0002715513100029923,True,1.3,1.4,,26680-0.0,,
25547-0.0,0.0008888888888888889,0.00027149363782218063,True,5.0,19.6,,25547-0.0,,
27117-0.0,0.0017777777777777779,0.0002705187239909182,True,1.3,1.4,,27117-0.0,,
27016-0.0,0.002,0.0002689002895203531,True,1.3,1.4,,27016-0.0,,
27389-0.0,0.002,0.00026846671644853686,True,1.3,1.4,,27389-0.0,,
25664-0.0,0.0008888888888888889,0.0002669599257909947,True,5.0,19.6,,25664-0.0,,
25111-0.0,0.0008888888888888889,0.000266695861814088,True,5.0,19.6,,25111-0.0,,
25024-0.0,0.0011111111111111111,0.0002656910988199111,True,0.0,0.0,,25024-0.0,,
30710-0.0,0.0013333333333333333,0.00026522823779446414,False,6.7,8.1,,30710-0.0,,
30870-0.0,0.0006666666666666668,0.0002651741863212287,False,6.6,8.1,,30870-0.0,,
27204-0.0,0.0017777777777777779,0.00026346039986583145,True,1.3,1.4,,27204-0.0,,
27433-0.0,0.0011111111111111111,0.000260411859167761,True,1.3,1.4,,27433-0.0,,
26578-0.0,0.0017777777777777779,0.00025944962906681863,True,1.3,1.4,,26578-0.0,,
26538-0.0,0.0011111111111111113,0.0002593171006935,True,1.3,1.4,,26538-0.0,,
25209-0.0,0.002,0.0002589910411880184,True,5.0,19.6,,25209-0.0,,
26703-0.0,0.0008888888888888889,0.0002570635212393994,True,1.3,1.4,,26703-0.0,,
25229-0.0,0.0011111111111111111,0.0002567861305913453,True,5.0,19.6,,25229-0.0,,
25278-0.0,0.0006666666666666668,0.00025634733178225844,True,5.0,19.6,,25278-0.0,,
25533-0.0,0.002,0.0002559645256528304,True,5.0,19.6,,25533-0.0,,
27207-0.0,0.0015555555555555555,0.0002550502782609174,True,1.3,1.4,,27207-0.0,,
27666-0.0,0.0011111111111111113,0.000254927530788051,True,1.3,1.4,,27666-0.0,,
26732-0.0,0.002,0.0002546969266426687,True,1.3,1.4,,26732-0.0,,
25539-0.0,0.00044444444444444447,0.000253729525572212,True,5.0,19.6,,25539-0.0,,
25239-0.0,0.0008888888888888889,0.00025355032742361086,True,5.0,19.6,,25239-0.0,,
27569-0.0,0.0006666666666666668,0.0002523607611195538,True,1.3,1.4,,27569-0.0,,
25067-0.0,0.0017777777777777779,0.0002520965604705935,True,5.0,19.6,,25067-0.0,,
25118-0.0,0.0008888888888888889,0.00025142796529850246,True,5.0,19.6,,25118-0.0,,
27718-0.0,0.0008888888888888889,0.0002512224662900285,True,1.3,1.4,,27718-0.0,,
26531-0.0,0.0013333333333333335,0.0002499453778343232,True,1.3,1.4,,26531-0.0,,
26780-0.0,0.0013333333333333335,0.0002496326625166893,True,1.3,1.4,,26780-0.0,,
25908-0.0,0.0015555555555555557,0.00024942194897858045,True,0.0,0.0,,25908-0.0,,
27380-0.0,0.00022222222222222223,0.00024905305528430497,True,1.3,1.4,,27380-0.0,,
25009-0.0,0.0017777777777777779,0.0002487598069443759,True,0.0,0.0,,25009-0.0,,
25468-0.0,0.0017777777777777779,0.00024818351616009835,True,5.0,19.6,,25468-0.0,,
30010-0.0,0.0017777777777777779,0.0002476115913238173,False,4.8,5.4,,30010-0.0,,
25562-0.0,0.0011111111111111111,0.0002473060556052738,True,5.0,19.6,,25562-0.0,,
1835-0.0_c0,0.0015555555555555557,0.0002467164999888919,False,0.0,0.0,,1835-0.0_c0,,
27374-0.0,0.0011111111111111111,0.0002463776747128666,True,1.3,1.4,,27374-0.0,,
26796-0.0,0.0006666666666666668,0.00024633638598510986,True,1.3,1.4,,26796-0.0,,
27043-0.0,0.0008888888888888889,0.0002460845966328155,True,1.3,1.4,,27043-0.0,,
25630-0.0,0.0015555555555555557,0.0002450570597489313,True,5.0,19.6,,25630-0.0,,
26917-0.0,0.0008888888888888889,0.00024418193551828805,True,1.3,1.4,,26917-0.0,,
27605-0.0,0.0013333333333333333,0.00024375261060313735,True,1.3,1.4,,27605-0.0,,
25088-0.0,0.0011111111111111111,0.00024350682580448656,True,5.0,19.6,,25088-0.0,,
25207-0.0,0.0011111111111111111,0.00024331513719990082,True,5.0,19.6,,25207-0.0,,
1920-0.0_c1,0.0008888888888888889,0.0002425505799940124,False,0.0,0.0,,1920-0.0_c1,,
25634-0.0,0.0017777777777777779,0.00024189563048279688,True,5.0,19.6,,25634-0.0,,
26992-0.0,0.0008888888888888889,0.0002416590398674674,True,1.3,1.4,,26992-0.0,,
25227-0.0,0.0006666666666666666,0.00024151897501032825,True,5.0,19.6,,25227-0.0,,
26699-0.0,0.0013333333333333335,0.0002414538664591558,True,1.3,1.4,,26699-0.0,,
25788-0.0,0.0015555555555555557,0.00024141984789940885,True,0.0,0.0,,25788-0.0,,
27049-0.0,0.0011111111111111111,0.0002411973945286227,True,1.3,1.4,,27049-0.0,,
25561-0.0,0.0008888888888888889,0.00024099253150978485,True,5.0,19.6,,25561-0.0,,
25386-0.0,0.0008888888888888889,0.00024043767702855285,True,5.0,19.6,,25386-0.0,,
27146-0.0,0.0015555555555555557,0.00023985320953821734,True,1.3,1.4,,27146-0.0,,
22037-0.0,0.0013333333333333335,0.0002394893920754131,False,16.7,25.7,,22037-0.0,,
27522-0.0,0.0011111111111111111,0.00023915837082541844,True,1.3,1.4,,27522-0.0,,
25017-0.0,0.0028888888888888888,0.00023824317580738622,True,0.0,0.0,,25017-0.0,,
27110-0.0,0.0008888888888888889,0.00023805984728950371,True,1.3,1.4,,27110-0.0,,
27592-0.0,0.0006666666666666666,0.00023804112595309163,True,1.3,1.4,,27592-0.0,,
27182-0.0,0.0017777777777777779,0.0002377054254964848,True,1.3,1.4,,27182-0.0,,
26804-0.0,0.0008888888888888889,0.00023727089120557005,True,1.3,1.4,,26804-0.0,,
26575-0.0,0.0013333333333333333,0.00023599919904630432,True,1.3,1.4,,26575-0.0,,
27743-0.0,0.0011111111111111111,0.00023451864272524257,True,1.3,1.4,,27743-0.0,,
27342-0.0,0.0015555555555555557,0.00023423789619446953,True,1.3,1.4,,27342-0.0,,
26683-0.0,0.00044444444444444447,0.0002340839427311941,True,1.3,1.4,,26683-0.0,,
25138-0.0,0.0017777777777777779,0.00023271454859861526,True,5.0,19.6,,25138-0.0,,
25145-0.0,0.00022222222222222223,0.00023229128271960836,True,5.0,19.6,,25145-0.0,,
27186-0.0,0.0008888888888888889,0.0002309753964501309,True,1.3,1.4,,27186-0.0,,
27682-0.0,0.002,0.00022989212919861596,True,1.3,1.4,,27682-0.0,,
20160-0.0_c2,0.0013333333333333333,0.00022980663340388562,False,0.0,0.0,,20160-0.0_c2,,
27513-0.0,0.0013333333333333333,0.00022951186913855817,True,1.3,1.4,,27513-0.0,,
27529-0.0,0.0017777777777777779,0.00022927124017512119,True,1.3,1.4,,27529-0.0,,
26797-0.0,0.0024444444444444444,0.00022899785459861165,True,1.3,1.4,,26797-0.0,,
25710-0.0,0.002,0.00022882656481642161,True,5.0,19.6,,25710-0.0,,
23120-0.0,0.0015555555555555555,0.00022880155074243613,False,1.2,2.0,,23120-0.0,,
25725-0.0,0.0013333333333333333,0.00022830859357229538,True,5.0,19.6,,25725-0.0,,
27485-0.0,0.00044444444444444447,0.00022788167559427904,True,1.3,1.4,,27485-0.0,,
25110-0.0,0.0013333333333333335,0.00022785240755891922,True,5.0,19.6,,25110-0.0,,
27097-0.0,0.0013333333333333335,0.00022779347029199806,True,1.3,1.4,,27097-0.0,,
25758-0.0,0.0011111111111111111,0.0002276548321155629,True,0.0,0.0,,25758-0.0,,
27681-0.0,0.0011111111111111113,0.00022723176765872534,True,1.3,1.4,,27681-0.0,,
25214-0.0,0.0006666666666666668,0.00022554306967108648,True,5.0,19.6,,25214-0.0,,
26560-0.0,0.00044444444444444447,0.00022538472044014607,True,1.3,1.4,,26560-0.0,,
25509-0.0,0.00044444444444444447,0.00022484265125420177,True,5.0,19.6,,25509-0.0,,
25450-0.0,0.0008888888888888889,0.00022465726204383678,True,5.0,19.6,,25450-0.0,,
27020-0.0,0.0013333333333333335,0.00022368817451151612,True,1.3,1.4,,27020-0.0,,
27105-0.0,0.0011111111111111111,0.00022360165633767125,True,1.3,1.4,,27105-0.0,,
1011-0.0_c4,0.0011111111111111111,0.00022177056335318164,False,0.0,0.0,,1011-0.0_c4,,
27482-0.0,0.0006666666666666668,0.00022127454441067782,True,1.3,1.4,,27482-0.0,,
25675-0.0,0.0015555555555555555,0.00022121005531037434,True,5.0,19.6,,25675-0.0,,
26625-0.0,0.00044444444444444447,0.000221020522672722,True,1.3,1.4,,26625-0.0,,
25446-0.0,0.0015555555555555557,0.00022047078031658772,True,5.0,19.6,,25446-0.0,,
25560-0.0,0.0013333333333333333,0.00022027049901063357,True,5.0,19.6,,25560-0.0,,
26649-0.0,0.0011111111111111113,0.00022021439696709222,True,1.3,1.4,,26649-0.0,,
27455-0.0,0.0028888888888888888,0.00021945102510756735,True,1.3,1.4,,27455-0.0,,
25112-0.0,0.00044444444444444447,0.0002192547801357377,True,5.0,19.6,,25112-0.0,,
25828-0.0,0.0013333333333333335,0.00021858542576808662,True,0.0,0.0,,25828-0.0,,
26783-0.0,0.0008888888888888889,0.000218166523499621,True,1.3,1.4,,26783-0.0,,
25035-0.0,0.0011111111111111113,0.00021810039331140877,True,9.0,11.5,,25035-0.0,,
25708-0.0,0.0011111111111111113,0.00021757117009985294,True,5.0,19.6,,25708-0.0,,
25789-0.0,0.0015555555555555555,0.00021732815819903891,True,0.0,0.0,,25789-0.0,,
25171-0.0,0.0008888888888888889,0.0002171809071833582,True,5.0,19.6,,25171-0.0,,
25893-0.0,0.0015555555555555557,0.00021710776051145537,True,0.0,0.0,,25893-0.0,,
25134-0.0,0.00044444444444444447,0.0002168679088013375,True,5.0,19.6,,25134-0.0,,
27702-0.0,0.0015555555555555555,0.00021683901657118266,True,1.3,1.4,,27702-0.0,,
27396-0.0,0.0008888888888888889,0.00021677885097252022,True,1.3,1.4,,27396-0.0,,
25400-0.0,0.0011111111111111111,0.00021658738262096542,True,5.0,19.6,,25400-0.0,,
27762-0.0,0.0006666666666666668,0.00021633440846754846,True,1.3,1.4,,27762-0.0,,
26954-0.0,0.0013333333333333333,0.00021619773013711386,True,1.3,1.4,,26954-0.0,,
27349-0.0,0.00022222222222222223,0.00021596183762874414,True,1.3,1.4,,27349-0.0,,
25836-0.0,0.0011111111111111111,0.00021560328322427932,True,0.0,0.0,,25836-0.0,,
26534-0.0,0.0006666666666666668,0.00021551094700048124,True,1.3,1.4,,26534-0.0,,
27188-0.0,0.0011111111111111111,0.00021514968066542472,True,1.3,1.4,,27188-0.0,,
27663-0.0,0.0008888888888888889,0.00021500141922278323,True,1.3,1.4,,27663-0.0,,
30630-0.0,0.0015555555555555557,0.00021386988560080465,False,15.1,12.8,,30630-0.0,,
3637-0.0_c4,0.0011111111111111111,0.0002132329341659732,False,0.0,0.0,,3637-0.0_c4,,
26761-0.0,0.002,0.00021246750784972154,True,1.3,1.4,,26761-0.0,,
27069-0.0,0.0015555555555555557,0.0002118724375719112,True,1.3,1.4,,27069-0.0,,
26935-0.0,0.0013333333333333335,0.00021176478845724985,True,1.3,1.4,,26935-0.0,,
25687-0.0,0.0011111111111111111,0.0002117354150649768,True,5.0,19.6,,25687-0.0,,
27503-0.0,0.0011111111111111111,0.0002117128963962237,True,1.3,1.4,,27503-0.0,,
30160-0.0,0.0008888888888888889,0.00021093637420605354,False,5.0,5.4,,30160-0.0,,
27141-0.0,0.0011111111111111111,0.00021075706539584873,True,1.3,1.4,,27141-0.0,,
25835-0.0,0.0008888888888888889,0.0002101884354445366,True,0.0,0.0,,25835-0.0,,
26900-0.0,0.0013333333333333333,0.0002096558441905367,True,1.3,1.4,,26900-0.0,,
26995-0.0,0.0011111111111111111,0.0002096460180330211,True,1.3,1.4,,26995-0.0,,
26958-0.0,0.0013333333333333333,0.0002094949895788895,True,1.3,1.4,,26958-0.0,,
25004-0.0,0.0013333333333333335,0.00020841031455769133,True,0.0,0.0,,25004-0.0,,
25056-0.0,0.0013333333333333335,0.00020821537196862066,True,5.0,19.6,,25056-0.0,,
27556-0.0,0.0006666666666666668,0.00020806808037100586,True,1.3,1.4,,27556-0.0,,
27552-0.0,0.0015555555555555557,0.00020804915092042522,True,1.3,1.4,,27552-0.0,,
25781-0.0,0.0011111111111111111,0.00020777082611144607,True,3.0,14.2,,25781-0.0,,
26941-0.0,0.0015555555555555557,0.0002074444369237187,True,1.3,1.4,,26941-0.0,,
26978-0.0,0.0008888888888888889,0.00020735044117123247,True,1.3,1.4,,26978-0.0,,
27674-0.0,0.002,0.00020676325724252177,True,1.3,1.4,,27674-0.0,,
1249-0.0_c1,0.002,0.0002062785488424547,False,0.0,0.0,,1249-0.0_c1,,
25554-0.0,0.0008888888888888889,0.00020565385115581456,True,5.0,19.6,,25554-0.0,,
25478-0.0,0.00044444444444444447,0.00020542497656908377,True,5.0,19.6,,25478-0.0,,
27477-0.0,0.0013333333333333333,0.00020520954100084228,True,1.3,1.4,,27477-0.0,,
25691-0.0,0.00044444444444444447,0.00020350086185350337,True,5.0,19.6,,25691-0.0,,
26841-0.0,0.0008888888888888889,0.00020316623004698863,True,1.3,1.4,,26841-0.0,,
25018-0.0,0.0008888888888888889,0.00020274660498137117,True,0.0,0.0,,25018-0.0,,
27510-0.0,0.0006666666666666666,0.00020268002609679376,True,1.3,1.4,,27510-0.0,,
27311-0.0,0.0013333333333333333,0.00020222899309688477,True,1.3,1.4,,27311-0.0,,
27208-0.0,0.0015555555555555557,0.00020189748915635795,True,1.3,1.4,,27208-0.0,,
25312-0.0,0.00044444444444444447,0.0002017981748044726,True,5.0,19.6,,25312-0.0,,
25182-0.0,0.0011111111111111111,0.00020170282118371188,True,5.0,19.6,,25182-0.0,,
25098-0.0,0.0011111111111111111,0.00020163540800734008,True,5.0,19.6,,25098-0.0,,
25787-0.0,0.0015555555555555557,0.00020158587226521793,True,0.0,0.0,,25787-0.0,,
27548-0.0,0.0011111111111111111,0.00020081689855264487,True,1.3,1.4,,27548-0.0,,
27632-0.0,0.0008888888888888889,0.000199829769561817,True,1.3,1.4,,27632-0.0,,
25856-0.0,0.0015555555555555557,0.00019968801150849511,True,0.0,0.0,,25856-0.0,,
26760-0.0,0.0008888888888888889,0.0001991018946488131,True,1.3,1.4,,26760-0.0,,
27613-0.0,0.0008888888888888889,0.00019850478085336288,True,1.3,1.4,,27613-0.0,,
25631-0.0,0.00044444444444444447,0.0001981712873141337,True,5.0,19.6,,25631-0.0,,
25363-0.0,0.0006666666666666668,0.00019778244091728922,True,5.0,19.6,,25363-0.0,,
25360-0.0,0.0006666666666666666,0.00019743770668966999,True,5.0,19.6,,25360-0.0,,
30130-0.0,0.0008888888888888889,0.00019728185841351068,False,5.0,5.4,,30130-0.0,,
25917-0.0,0.0008888888888888889,0.00019709482200382458,True,0.0,0.0,,25917-0.0,,
20127-0.0,0.0013333333333333333,0.00019638216993808692,False,15.9,21.6,,20127-0.0,,
27061-0.0,0.0008888888888888889,0.00019619570493999654,True,1.3,1.4,,27061-0.0,,
25565-0.0,0.0015555555555555557,0.0001955286942693583,True,5.0,19.6,,25565-0.0,,
25292-0.0,0.0011111111111111111,0.00019515213414066893,True,5.0,19.6,,25292-0.0,,
26950-0.0,0.0011111111111111111,0.00019496093509608036,True,1.3,1.4,,26950-0.0,,
27410-0.0,0.0011111111111111111,0.00019450887560763314,True,1.3,1.4,,27410-0.0,,
25234-0.0,0.0015555555555555557,0.00019445457331336243,True,5.0,19.6,,25234-0.0,,
26709-0.0,0.0011111111111111111,0.0001942012139651629,True,1.3,1.4,,26709-0.0,,
25409-0.0,0.0011111111111111111,0.00019377588901772145,True,5.0,19.6,,25409-0.0,,
27199-0.0,0.0011111111111111111,0.00019353120829545411,True,1.3,1.4,,27199-0.0,,
27250-0.0,0.0013333333333333333,0.00019174841250802898,True,1.3,1.4,,27250-0.0,,
27563-0.0,0.0006666666666666668,0.00019151868141262796,True,1.3,1.4,,27563-0.0,,
25191-0.0,0.0015555555555555557,0.0001908104620970804,True,5.0,19.6,,25191-0.0,,
26943-0.0,0.0013333333333333333,0.00018945775627194088,True,1.3,1.4,,26943-0.0,,
26820-0.0,0.0015555555555555555,0.00018820126168123374,True,1.3,1.4,,26820-0.0,,
27643-0.0,0.0011111111111111111,0.0001881786243348976,True,1.3,1.4,,27643-0.0,,
27542-0.0,0.0013333333333333333,0.000187863489447577,True,1.3,1.4,,27542-0.0,,
25231-0.0,0.0008888888888888889,0.00018678058166800437,True,5.0,19.6,,25231-0.0,,
26866-0.0,0.0011111111111111111,0.00018668616622215248,True,1.3,1.4,,26866-0.0,,
27540-0.0,0.0011111111111111111,0.00018633286084663336,True,1.3,1.4,,27540-0.0,,
25258-0.0,0.0013333333333333333,0.00018556317469192138,True,5.0,19.6,,25258-0.0,,
25416-0.0,0.0008888888888888889,0.00018540825145758904,True,5.0,19.6,,25416-0.0,,
27386-0.0,0.0006666666666666668,0.0001852176946234442,True,1.3,1.4,,27386-0.0,,
27750-0.0,0.0013333333333333333,0.00018475761815294956,True,1.3,1.4,,27750-0.0,,
26981-0.0,0.0013333333333333333,0.00018471661421372277,True,1.3,1.4,,26981-0.0,,
25524-0.0,0.0008888888888888889,0.0001836704692058378,True,5.0,19.6,,25524-0.0,,
25579-0.0,0.00044444444444444447,0.0001833616975834083,True,5.0,19.6,,25579-0.0,,
27708-0.0,0.0011111111111111113,0.00018229176786386945,True,1.3,1.4,,27708-0.0,,
30860-0.0,0.002,0.00018187580732537662,False,14.8,12.8,,30860-0.0,,
27400-0.0,0.0006666666666666668,0.00018131642867962288,True,1.3,1.4,,27400-0.0,,
25218-0.0,0.0006666666666666668,0.0001812969791940317,True,5.0,19.6,,25218-0.0,,
25084-0.0,0.00044444444444444447,0.0001810872016489802,True,5.0,19.6,,25084-0.0,,
25380-0.0,0.0013333333333333333,0.00018093510654288163,True,5.0,19.6,,25380-0.0,,
27709-0.0,0.0008888888888888889,0.00018058309802289284,True,1.3,1.4,,27709-0.0,,
27093-0.0,0.0011111111111111111,0.00018045869802991847,True,1.3,1.4,,27093-0.0,,
27604-0.0,0.0011111111111111111,0.0001804357122875691,True,1.3,1.4,,27604-0.0,,
26818-0.0,0.0011111111111111111,0.00017973884427699045,True,1.3,1.4,,26818-0.0,,
26769-0.0,0.0008888888888888889,0.00017919579647703078,True,1.3,1.4,,26769-0.0,,
25724-0.0,0.00044444444444444447,0.00017916590394635723,True,5.0,19.6,,25724-0.0,,
25028-0.0,0.0008888888888888889,0.00017824857762423768,True,9.0,11.5,,25028-0.0,,
25194-0.0,0.0008888888888888889,0.00017811595174626148,True,5.0,19.6,,25194-0.0,,
27599-0.0,0.00044444444444444447,0.00017798011517677114,True,1.3,1.4,,27599-0.0,,
27531-0.0,0.0008888888888888889,0.0001775844339143065,True,1.4,1.4,,27531-0.0,,
27139-0.0,0.0008888888888888889,0.00017747411650001374,True,1.3,1.4,,27139-0.0,,
27243-0.0,0.0008888888888888889,0.00017741252777802924,True,1.3,1.4,,27243-0.0,,
27055-0.0,0.0011111111111111111,0.00017736430196080465,True,1.3,1.4,,27055-0.0,,
30270-0.0,0.0008888888888888889,0.00017669574778399257,False,6.5,5.4,,30270-0.0,,
25063-0.0,0.0015555555555555555,0.00017637339630568986,True,5.0,19.6,,25063-0.0,,
2257-0.0_c0,0.00022222222222222223,0.00017585049824860589,False,0.0,0.0,,2257-0.0_c0,,
25684-0.0,0.0006666666666666666,0.00017582482479003544,True,5.0,19.6,,25684-0.0,,
26829-0.0,0.0008888888888888889,0.00017533197008637538,True,1.3,1.4,,26829-0.0,,
25222-0.0,0.0011111111111111111,0.00017410695031881687,True,5.0,19.6,,25222-0.0,,
25273-0.0,0.0011111111111111111,0.0001740281995251796,True,5.0,19.6,,25273-0.0,,
25162-0.0,0.0008888888888888889,0.0001738041526072181,True,5.0,19.6,,25162-0.0,,
27657-0.0,0.0006666666666666668,0.00017304198475138842,True,1.3,1.4,,27657-0.0,,
27413-0.0,0.0006666666666666668,0.00017254021838249522,True,1.3,1.4,,27413-0.0,,
26693-0.0,0.0008888888888888889,0.00017198893270121643,True,1.3,1.4,,26693-0.0,,
25149-0.0,0.0006666666666666666,0.00017187265710808658,True,5.0,19.6,,25149-0.0,,
27759-0.0,0.00044444444444444447,0.00017177468085925258,True,1.3,1.4,,27759-0.0,,
25483-0.0,0.0013333333333333333,0.0001717496105854425,True,5.0,19.6,,25483-0.0,,
25125-0.0,0.00044444444444444447,0.00017133410188075536,True,5.0,19.6,,25125-0.0,,
27594-0.0,0.0011111111111111111,0.00017022298513323626,True,1.3,1.4,,27594-0.0,,
25852-0.0,0.0008888888888888889,0.0001702212627551135,True,0.0,0.0,,25852-0.0,,
27213-0.0,0.0013333333333333333,0.00016986825633718742,True,1.3,1.4,,27213-0.0,,
26985-0.0,0.0013333333333333333,0.00016970307346745868,True,1.3,1.4,,26985-0.0,,
26930-0.0,0.0011111111111111111,0.00016947765352149703,True,1.3,1.4,,26930-0.0,,
27104-0.0,0.0015555555555555555,0.000168154139004134,True,1.3,1.4,,27104-0.0,,
27574-0.0,0.0013333333333333335,0.00016741807698989215,True,1.3,1.4,,27574-0.0,,
27538-0.0,0.0013333333333333335,0.0001672461221438246,True,1.3,1.4,,27538-0.0,,
27136-0.0,0.0008888888888888889,0.00016697348288813036,True,1.3,1.4,,27136-0.0,,
26759-0.0,0.0015555555555555557,0.00016694751870946798,True,1.3,1.4,,26759-0.0,,
25397-0.0,0.00044444444444444447,0.00016569114305813203,True,5.0,19.6,,25397-0.0,,
27274-0.0,0.0011111111111111111,0.00016544348398210855,True,1.3,1.4,,27274-0.0,,
26608-0.0,0.0006666666666666668,0.00016491054353797742,True,1.3,1.4,,26608-0.0,,
26724-0.0,0.0013333333333333335,0.00016457219139741973,True,1.3,1.4,,26724-0.0,,
26556-0.0,0.00044444444444444447,0.0001643573924178004,True,1.3,1.4,,26556-0.0,,
25885-0.0,0.0006666666666666666,0.00016386894613030928,True,0.0,0.0,,25885-0.0,,
27231-0.0,0.0008888888888888889,0.0001635626579777077,True,1.3,1.4,,27231-0.0,,
1050-0.0,0.0006666666666666668,0.00016323813943098443,False,5.2,6.1,,1050-0.0,,
25694-0.0,0.0013333333333333335,0.00016159467433070825,True,5.0,19.6,,25694-0.0,,
26654-0.0,0.0008888888888888889,0.00016153581745301747,True,1.3,1.4,,26654-0.0,,
27167-0.0,0.00044444444444444447,0.00016129059322520629,True,1.3,1.4,,27167-0.0,,
27119-0.0,0.0006666666666666668,0.00016128175916542122,True,1.3,1.4,,27119-0.0,,
46-0.0,0.0013333333333333333,0.00016024663366892564,False,0.3,0.7,,46-0.0,,
27076-0.0,0.0008888888888888889,0.00016020146458181508,True,1.3,1.4,,27076-0.0,,
26743-0.0,0.00044444444444444447,0.00016013825405059126,True,1.3,1.4,,26743-0.0,,
25233-0.0,0.0013333333333333333,0.000159369555302503,True,5.0,19.6,,25233-0.0,,
25338-0.0,0.00044444444444444447,0.00015919319385648855,True,5.0,19.6,,25338-0.0,,
25454-0.0,0.0011111111111111111,0.00015892548994775823,True,5.0,19.6,,25454-0.0,,
6141-0.0_neg,0.00022222222222222223,0.0001588342344830655,False,0.0,0.0,,6141-0.0_neg,,
27348-0.0,0.00044444444444444447,0.00015871283803896579,True,1.3,1.4,,27348-0.0,,
26707-0.0,0.0008888888888888889,0.00015860513259666035,True,1.3,1.4,,26707-0.0,,
27187-0.0,0.0008888888888888889,0.0001583498780182719,True,1.3,1.4,,27187-0.0,,
27644-0.0,0.0011111111111111111,0.00015763059571969717,True,1.3,1.4,,27644-0.0,,
26550-0.0,0.0013333333333333333,0.00015747518035152903,True,1.3,1.4,,26550-0.0,,
27646-0.0,0.0013333333333333333,0.00015737960655960877,True,1.3,1.4,,27646-0.0,,
27340-0.0,0.0015555555555555555,0.0001572109026645578,True,1.3,1.4,,27340-0.0,,
27607-0.0,0.0006666666666666668,0.00015720988434173586,True,1.3,1.4,,27607-0.0,,
27160-0.0,0.0017777777777777779,0.0001571741024723945,True,1.3,1.4,,27160-0.0,,
25926-0.0,0.0008888888888888889,0.00015683452566464897,True,1.7,2.7,,25926-0.0,,
27729-0.0,0.0006666666666666668,0.00015663840416225083,True,1.3,1.4,,27729-0.0,,
25803-0.0,0.0011111111111111111,0.00015633701133182596,True,0.0,0.0,,25803-0.0,,
25052-0.0,0.0008888888888888889,0.00015536382962600943,True,16.7,26.4,,25052-0.0,,
26501-0.0,0.0006666666666666668,0.00015535551841813015,True,1.3,1.4,,26501-0.0,,
26522-0.0,0.00044444444444444447,0.00015478368188374662,True,1.3,1.4,,26522-0.0,,
27483-0.0,0.0008888888888888889,0.0001540119288783896,True,1.3,1.4,,27483-0.0,,
25818-0.0,0.0008888888888888889,0.00015348444228985503,True,0.0,0.0,,25818-0.0,,
26946-0.0,0.0013333333333333335,0.0001531325433249819,True,1.3,1.4,,26946-0.0,,
27648-0.0,0.0006666666666666668,0.00015308444315475028,True,1.3,1.4,,27648-0.0,,
27072-0.0,0.0008888888888888889,0.00015272435332888047,True,1.3,1.4,,27072-0.0,,
30300-0.0,0.00044444444444444447,0.0001526374371519057,False,6.5,5.4,,30300-0.0,,
25591-0.0,0.00022222222222222223,0.0001524527736235562,True,5.0,19.6,,25591-0.0,,
27037-0.0,0.0013333333333333335,0.00015202594443798894,True,1.3,1.4,,27037-0.0,,
3062-0.0,0.0013333333333333335,0.00015197063775991456,False,7.7,14.2,,3062-0.0,,
26511-0.0,0.0011111111111111111,0.00014998504549450491,True,1.3,1.4,,26511-0.0,,
25404-0.0,0.0013333333333333333,0.00014992800424975074,True,5.0,19.6,,25404-0.0,,
25727-0.0,0.0013333333333333333,0.000149902983022488,True,5.0,19.6,,25727-0.0,,
27226-0.0,0.0017777777777777779,0.00014924456604069206,True,1.3,1.4,,27226-0.0,,
27387-0.0,0.0008888888888888889,0.00014887819353893785,True,1.3,1.4,,27387-0.0,,
2492-0.0_c0,0.00022222222222222223,0.00014868107763770576,False,0.0,0.0,,2492-0.0_c0,,
30200-0.0,0.0008888888888888889,0.00014851648660828745,False,5.0,5.4,,30200-0.0,,
23116-0.0,0.0006666666666666668,0.00014839028387042744,False,1.2,2.0,,23116-0.0,,
26947-0.0,0.0015555555555555555,0.00014772435021885122,True,1.3,1.4,,26947-0.0,,
27421-0.0,0.0006666666666666668,0.00014573865746415126,True,1.3,1.4,,27421-0.0,,
25391-0.0,0.0013333333333333333,0.0001456824363731586,True,5.0,19.6,,25391-0.0,,
25903-0.0,0.0013333333333333333,0.00014542872479631004,True,0.0,0.0,,25903-0.0,,
27436-0.0,0.0013333333333333335,0.00014498988921209067,True,1.3,1.4,,27436-0.0,,
26851-0.0,0.0006666666666666666,0.00014300481101880148,True,1.3,1.4,,26851-0.0,,
27572-0.0,0.0006666666666666668,0.00014297010337778105,True,1.3,1.4,,27572-0.0,,
2139-0.0,0.0013333333333333333,0.00014292651000903092,False,7.4,6.1,,2139-0.0,,
25100-0.0,0.0006666666666666668,0.00014271425455205207,True,5.0,19.6,,25100-0.0,,
874-0.0,0.0006666666666666666,0.00014264487395514898,False,11.9,16.2,,874-0.0,,
25580-0.0,0.0006666666666666668,0.00014230812763720254,True,5.0,19.6,,25580-0.0,,
25275-0.0,0.0006666666666666668,0.0001421263518240605,True,5.0,19.6,,25275-0.0,,
27035-0.0,0.0006666666666666666,0.00014189506610039952,True,1.3,1.4,,27035-0.0,,
26618-0.0,0.0013333333333333333,0.0001418785484535109,True,1.3,1.4,,26618-0.0,,
26777-0.0,0.0008888888888888889,0.0001417050767187532,True,1.3,1.4,,26777-0.0,,
27730-0.0,0.0008888888888888889,0.00014166193499468572,True,1.3,1.4,,27730-0.0,,
2050-0.0_c0,0.0006666666666666666,0.00014155516704262777,False,0.0,0.0,,2050-0.0_c0,,
27582-0.0,0.0011111111111111111,0.00014144733207645108,True,1.3,1.4,,27582-0.0,,
25644-0.0,0.0008888888888888889,0.00014142037419266363,True,5.0,19.6,,25644-0.0,,
1940-0.0_c1,0.0011111111111111111,0.00014081488762546676,False,0.0,0.0,,1940-0.0_c1,,
25037-0.0,0.0006666666666666668,0.00014053269292686396,True,9.0,11.5,,25037-0.0,,
6142-0.1_pos,0.0008888888888888889,0.00014052188635541547,False,0.0,0.0,,6142-0.1_pos,,
26948-0.0,0.00044444444444444447,0.0001401924991991839,True,1.3,1.4,,26948-0.0,,
27106-0.0,0.0006666666666666668,0.00014011678287077274,True,1.3,1.4,,27106-0.0,,
30290-0.0,0.0008888888888888889,0.00013987511001399433,False,6.5,5.4,,30290-0.0,,
27286-0.0,0.0008888888888888889,0.00013978259698785113,True,1.3,1.4,,27286-0.0,,
25690-0.0,0.0008888888888888889,0.00013963326327071283,True,5.0,19.6,,25690-0.0,,
27464-0.0,0.0006666666666666666,0.0001394151608479317,True,1.3,1.4,,27464-0.0,,
27501-0.0,0.0011111111111111111,0.0001387324713103422,True,1.3,1.4,,27501-0.0,,
27570-0.0,0.00044444444444444447,0.00013872382572007212,True,1.3,1.4,,27570-0.0,,
27227-0.0,0.0013333333333333333,0.00013853520441255474,True,1.3,1.4,,27227-0.0,,
25544-0.0,0.0008888888888888889,0.000138151339393935,True,5.0,19.6,,25544-0.0,,
25784-0.0,0.0008888888888888889,0.00013809765235524998,True,0.0,0.0,,25784-0.0,,
27619-0.0,0.0011111111111111111,0.00013765258193207367,True,1.3,1.4,,27619-0.0,,
27414-0.0,0.00044444444444444447,0.0001373559584169479,True,1.3,1.4,,27414-0.0,,
2188-0.0_c1,0.00022222222222222223,0.00013727990227632453,False,0.0,0.0,,2188-0.0_c1,,
27447-0.0,0.0008888888888888889,0.000137073364472324,True,1.3,1.4,,27447-0.0,,
27500-0.0,0.0008888888888888889,0.00013698102730324066,True,1.3,1.4,,27500-0.0,,
25426-0.0,0.0008888888888888889,0.00013651701569537586,True,5.0,19.6,,25426-0.0,,
26742-0.0,0.0011111111111111111,0.00013621281381074446,True,1.3,1.4,,26742-0.0,,
25782-0.0,0.0008888888888888889,0.00013574801367213806,True,0.0,0.0,,25782-0.0,,
26774-0.0,0.00044444444444444447,0.00013526916104953654,True,1.3,1.4,,26774-0.0,,
27434-0.0,0.0013333333333333335,0.00013518943274369518,True,1.3,1.4,,27434-0.0,,
26960-0.0,0.0008888888888888889,0.00013472152343713313,True,1.3,1.4,,26960-0.0,,
26813-0.0,0.0008888888888888889,0.00013393799678279746,True,1.3,1.4,,26813-0.0,,
25607-0.0,0.00044444444444444447,0.0001332637794478922,True,5.0,19.6,,25607-0.0,,
27367-0.0,0.0006666666666666668,0.00013284448900671443,True,1.3,1.4,,27367-0.0,,
27627-0.0,0.0008888888888888889,0.0001327775599338517,True,1.3,1.4,,27627-0.0,,
26894-0.0,0.00044444444444444447,0.00013261924294028562,True,1.3,1.4,,26894-0.0,,
25685-0.0,0.0008888888888888889,0.0001325695739179008,True,5.0,19.6,,25685-0.0,,
27200-0.0,0.00022222222222222223,0.00013245422693461753,True,1.3,1.4,,27200-0.0,,
50-0.0,0.0006666666666666666,0.0001323434102308041,False,0.1,0.0,,50-0.0,,
27300-0.0,0.00044444444444444447,0.00013223526102334218,True,1.3,1.4,,27300-0.0,,
26904-0.0,0.0011111111111111111,0.00013210458353375183,True,1.3,1.4,,26904-0.0,,
27771-0.0,0.0008888888888888889,0.0001320360366260837,True,1.3,1.4,,27771-0.0,,
27022-0.0,0.0011111111111111113,0.0001317583072005582,True,1.3,1.4,,27022-0.0,,
26838-0.0,0.00044444444444444447,0.00013114462808754628,True,1.3,1.4,,26838-0.0,,
25614-0.0,0.0008888888888888889,0.00013113084527937574,True,5.0,19.6,,25614-0.0,,
26593-0.0,0.0006666666666666666,0.0001310299612785597,True,1.3,1.4,,26593-0.0,,
25402-0.0,0.0011111111111111111,0.00013089477146252404,True,5.0,19.6,,25402-0.0,,
26823-0.0,0.0015555555555555555,0.00013075752454297574,True,1.3,1.4,,26823-0.0,,
27363-0.0,0.0006666666666666668,0.0001302425604209724,True,1.3,1.4,,27363-0.0,,
27060-0.0,0.0006666666666666668,0.00012967647791751354,True,1.3,1.4,,27060-0.0,,
400-0.0,0.0006666666666666668,0.0001295407830326876,False,2.1,6.1,,400-0.0,,
25008-0.0,0.0017777777777777776,0.0001284896712624009,True,0.0,0.0,,25008-0.0,,
27615-0.0,0.0006666666666666668,0.00012788366118202858,True,1.3,1.4,,27615-0.0,,
26959-0.0,0.0008888888888888889,0.000127732084660266,True,1.3,1.4,,26959-0.0,,
27435-0.0,0.0011111111111111111,0.0001275543161043083,True,1.3,1.4,,27435-0.0,,
25016-0.0,0.0008888888888888889,0.00012736231207084327,True,0.0,0.0,,25016-0.0,,
27361-0.0,0.0008888888888888889,0.00012731143758665833,True,1.3,1.4,,27361-0.0,,
25526-0.0,0.0006666666666666668,0.00012716334547849877,True,5.0,19.6,,25526-0.0,,
26676-0.0,0.00044444444444444447,0.00012704994388111724,True,1.3,1.4,,26676-0.0,,
25398-0.0,0.0013333333333333335,0.00012703978305223245,True,5.0,19.6,,25398-0.0,,
25168-0.0,0.0008888888888888889,0.00012597419825592535,True,5.0,19.6,,25168-0.0,,
27712-0.0,0.0006666666666666668,0.00012580841281759596,True,1.3,1.4,,27712-0.0,,
25196-0.0,0.00022222222222222223,0.00012566508638567976,True,5.0,19.6,,25196-0.0,,
27616-0.0,0.0008888888888888889,0.00012477880329387608,True,1.3,1.4,,27616-0.0,,
25711-0.0,0.0006666666666666666,0.0001238620643245532,True,5.0,19.6,,25711-0.0,,
25179-0.0,0.0006666666666666668,0.00012372710366635284,True,5.0,19.6,,25179-0.0,,
26937-0.0,0.00044444444444444447,0.00012365821392677946,True,1.3,1.4,,26937-0.0,,
27497-0.0,0.0006666666666666666,0.00012347583648221962,True,1.3,1.4,,27497-0.0,,
25707-0.0,0.0006666666666666668,0.00012307569260954992,True,5.0,19.6,,25707-0.0,,
27454-0.0,0.00044444444444444447,0.00012300247614418537,True,1.3,1.4,,27454-0.0,,
26565-0.0,0.00044444444444444447,0.00012254972035234305,True,1.3,1.4,,26565-0.0,,
27744-0.0,0.0008888888888888889,0.00012246713174516238,True,1.3,1.4,,27744-0.0,,
27462-0.0,0.0011111111111111111,0.00012212532345347527,True,1.3,1.4,,27462-0.0,,
25256-0.0,0.0008888888888888889,0.00012160325626887966,True,5.0,19.6,,25256-0.0,,
25406-0.0,0.0008888888888888889,0.00012138773133929871,True,5.0,19.6,,25406-0.0,,
27717-0.0,0.00044444444444444447,0.00012074241925259414,True,1.3,1.4,,27717-0.0,,
27316-0.0,0.00044444444444444447,0.00012069035745289396,True,1.3,1.4,,27316-0.0,,
26584-0.0,0.0006666666666666668,0.0001197265017985306,True,1.3,1.4,,26584-0.0,,
27283-0.0,0.00044444444444444447,0.00011954129698911243,True,1.3,1.4,,27283-0.0,,
27628-0.0,0.0008888888888888889,0.00011934864082363474,True,1.3,1.4,,27628-0.0,,
25284-0.0,0.0006666666666666668,0.0001192547834763999,True,5.0,19.6,,25284-0.0,,
27064-0.0,0.0008888888888888889,0.00011888146650684947,True,1.3,1.4,,27064-0.0,,
27550-0.0,0.00044444444444444447,0.00011875195327468575,True,1.3,1.4,,27550-0.0,,
27313-0.0,0.0011111111111111111,0.0001179132822631993,True,1.3,1.4,,27313-0.0,,
26648-0.0,0.0006666666666666668,0.00011738473794619487,True,1.3,1.4,,26648-0.0,,
27424-0.0,0.0006666666666666668,0.00011731358168347105,True,1.3,1.4,,27424-0.0,,
27633-0.0,0.00044444444444444447,0.00011623416614153712,True,1.3,1.4,,27633-0.0,,
27051-0.0,0.00044444444444444447,0.00011609937197930417,True,1.3,1.4,,27051-0.0,,
25329-0.0,0.0008888888888888889,0.00011583701572712133,True,5.0,19.6,,25329-0.0,,
2473-0.0_c0,0.00044444444444444447,0.00011577371161453208,False,0.0,0.0,,2473-0.0_c0,,
23128-0.0,0.00044444444444444447,0.0001157664624026092,False,1.3,2.7,,23128-0.0,,
27398-0.0,0.0006666666666666668,0.00011552683534710334,True,1.3,1.4,,27398-0.0,,
1408-0.0_c0,0.0006666666666666666,0.00011539335104892287,False,0.0,0.0,,1408-0.0_c0,,
27332-0.0,0.0008888888888888889,0.00011535359938285218,True,1.3,1.4,,27332-0.0,,
26748-0.0,0.0008888888888888889,0.00011498196467354539,True,1.3,1.4,,26748-0.0,,
25390-0.0,0.0006666666666666666,0.00011492887907189998,True,5.0,19.6,,25390-0.0,,
27677-0.0,0.0006666666666666668,0.00011492436945180856,True,1.3,1.4,,27677-0.0,,
27156-0.0,0.0008888888888888889,0.00011448892165509991,True,1.3,1.4,,27156-0.0,,
26800-0.0,0.0008888888888888889,0.00011372977511768914,True,1.3,1.4,,26800-0.0,,
26681-0.0,0.0008888888888888889,0.00011336797841356017,True,1.3,1.4,,26681-0.0,,
25715-0.0,0.0011111111111111111,0.00011306872491686812,True,5.0,19.6,,25715-0.0,,
25902-0.0,0.00044444444444444447,0.00011258825193723092,True,0.0,0.0,,25902-0.0,,
25804-0.0,0.0011111111111111111,0.00011255251523471887,True,0.0,0.0,,25804-0.0,,
26738-0.0,0.0006666666666666668,0.00011195748069542301,True,1.3,1.4,,26738-0.0,,
27011-0.0,0.0006666666666666668,0.00011195157643993496,True,1.3,1.4,,27011-0.0,,
27675-0.0,0.0006666666666666668,0.0001117262845284845,True,1.3,1.4,,27675-0.0,,
27120-0.0,0.0006666666666666668,0.00011155889853379383,True,1.3,1.4,,27120-0.0,,
25681-0.0,0.0008888888888888889,0.00011151663366641146,True,5.0,19.6,,25681-0.0,,
27547-0.0,0.00044444444444444447,0.00011147651408816909,True,1.3,1.4,,27547-0.0,,
25795-0.0,0.0006666666666666668,0.00011129684592086211,True,0.0,0.0,,25795-0.0,,
25440-0.0,0.0011111111111111111,0.00011115416197068296,True,5.0,19.6,,25440-0.0,,
26971-0.0,0.0006666666666666668,0.00011103809477115104,True,1.3,1.4,,26971-0.0,,
25534-0.0,0.00044444444444444447,0.00011087216415193409,True,5.0,19.6,,25534-0.0,,
27256-0.0,0.0008888888888888889,0.00011062665881490826,True,1.3,1.4,,27256-0.0,,
27512-0.0,0.0006666666666666668,0.0001106114121656723,True,1.3,1.4,,27512-0.0,,
25160-0.0,0.0008888888888888889,0.00011016588284025403,True,5.0,19.6,,25160-0.0,,
27360-0.0,0.0008888888888888889,0.00010979473650424127,True,1.3,1.4,,27360-0.0,,
25189-0.0,0.0006666666666666666,0.00010892209609065784,True,5.0,19.6,,25189-0.0,,
27155-0.0,0.0008888888888888889,0.00010868614779725605,True,1.3,1.4,,27155-0.0,,
26741-0.0,0.0006666666666666668,0.00010866802993643419,True,1.3,1.4,,26741-0.0,,
26744-0.0,0.0008888888888888889,0.00010826785973167081,True,1.3,1.4,,26744-0.0,,
25057-0.0,0.0006666666666666668,0.00010810149050889503,True,5.0,19.6,,25057-0.0,,
26700-0.0,0.00044444444444444447,0.00010801151558350351,True,1.3,1.4,,26700-0.0,,
25448-0.0,0.0008888888888888889,0.00010792403544000489,True,5.0,19.6,,25448-0.0,,
25647-0.0,0.00044444444444444447,0.00010760285531793837,True,5.0,19.6,,25647-0.0,,
25422-0.0,0.0006666666666666668,0.00010749427083317584,True,5.0,19.6,,25422-0.0,,
26619-0.0,0.00044444444444444447,0.00010743715066792873,True,1.3,1.4,,26619-0.0,,
26789-0.0,0.00022222222222222223,0.00010738310428914084,True,1.3,1.4,,26789-0.0,,
22033-0.0,0.0008888888888888889,0.00010724165382766153,False,16.7,25.7,,22033-0.0,,
27242-0.0,0.0006666666666666668,0.00010714142037151263,True,1.3,1.4,,27242-0.0,,
23102-0.0,0.00022222222222222223,0.00010687018893679634,False,1.2,2.0,,23102-0.0,,
27764-0.0,0.0006666666666666668,0.00010686115275929357,True,1.3,1.4,,27764-0.0,,
26558-0.0,0.00044444444444444447,0.00010662347536747792,True,1.3,1.4,,26558-0.0,,
25913-0.0,0.0006666666666666668,0.00010595551381206982,True,0.0,0.0,,25913-0.0,,
26927-0.0,0.0011111111111111111,0.00010579737403796185,True,1.3,1.4,,26927-0.0,,
25556-0.0,0.0006666666666666668,0.00010567444072667813,True,5.0,19.6,,25556-0.0,,
27190-0.0,0.00022222222222222223,0.00010535438395813168,True,1.3,1.4,,27190-0.0,,
27402-0.0,0.0011111111111111111,0.00010535069302395871,True,1.3,1.4,,27402-0.0,,
25520-0.0,0.0006666666666666668,0.00010493481028344299,True,5.0,19.6,,25520-0.0,,
25211-0.0,0.0006666666666666666,0.00010484023307012137,True,5.0,19.6,,25211-0.0,,
6142-0.0_pos,0.0008888888888888889,0.00010474243463623241,False,0.0,0.0,,6142-0.0_pos,,
25407-0.0,0.00044444444444444447,0.00010371950466069583,True,5.0,19.6,,25407-0.0,,
26682-0.0,0.0006666666666666668,0.00010349217805492392,True,1.3,1.4,,26682-0.0,,
27230-0.0,0.00044444444444444447,0.00010343678306299648,True,1.3,1.4,,27230-0.0,,
25674-0.0,0.00044444444444444447,0.00010322155703961476,True,5.0,19.6,,25674-0.0,,
26876-0.0,0.00044444444444444447,0.00010319388409081205,True,1.3,1.4,,26876-0.0,,
25060-0.0,0.00044444444444444447,0.00010310831808337968,True,5.0,19.6,,25060-0.0,,
26540-0.0,0.00044444444444444447,0.00010310295734315308,True,1.3,1.4,,26540-0.0,,
25354-0.0,0.0008888888888888889,0.00010232995350638762,True,5.0,19.6,,25354-0.0,,
131287-0.0_c2,0.0006666666666666666,0.00010225925501837921,False,0.0,0.0,,131287-0.0_c2,,
26814-0.0,0.00022222222222222223,0.00010217882835232259,True,1.3,1.4,,26814-0.0,,
25817-0.0,0.00044444444444444447,0.00010200020746609235,True,0.0,0.0,,25817-0.0,,
25343-0.0,0.0006666666666666666,0.00010155948905805085,True,5.0,19.6,,25343-0.0,,
25155-0.0,0.0006666666666666666,0.00010154590363589475,True,5.0,19.6,,25155-0.0,,
25850-0.0,0.0008888888888888889,0.00010150473439099246,True,0.0,0.0,,25850-0.0,,
25882-0.0,0.0006666666666666668,0.00010132624514476096,True,0.0,0.0,,25882-0.0,,
26847-0.0,0.0008888888888888889,0.00010078625204999112,True,1.3,1.4,,26847-0.0,,
27693-0.0,0.0008888888888888889,0.00010024546193503066,True,1.3,1.4,,27693-0.0,,
25411-0.0,0.00044444444444444447,0.00010016942974509222,True,5.0,19.6,,25411-0.0,,
1060-0.0,0.0006666666666666666,9.996302710032416e-05,False,4.9,6.1,,1060-0.0,,
26589-0.0,0.00022222222222222223,9.993488528070798e-05,True,1.3,1.4,,26589-0.0,,
27748-0.0,0.00044444444444444447,9.990711055123648e-05,True,1.3,1.4,,27748-0.0,,
25359-0.0,0.0006666666666666668,9.980391653899666e-05,True,5.0,19.6,,25359-0.0,,
27218-0.0,0.00022222222222222223,9.961527803069517e-05,True,1.3,1.4,,27218-0.0,,
27495-0.0,0.0008888888888888889,9.956243206935342e-05,True,1.3,1.4,,27495-0.0,,
25767-0.0,0.0011111111111111111,9.944400421977963e-05,True,16.7,26.4,,25767-0.0,,
25535-0.0,0.0006666666666666666,9.917586562300826e-05,True,5.0,19.6,,25535-0.0,,
26871-0.0,0.0006666666666666666,9.88723655341743e-05,True,1.3,1.4,,26871-0.0,,
27527-0.0,0.0008888888888888889,9.877852648663193e-05,True,1.3,1.4,,27527-0.0,,
25810-0.0,0.0006666666666666668,9.875703092516018e-05,True,0.0,0.0,,25810-0.0,,
894-0.0,0.0006666666666666668,9.846547677562254e-05,False,21.6,25.0,,894-0.0,,
25237-0.0,0.00044444444444444447,9.836088291110165e-05,True,5.0,19.6,,25237-0.0,,
27738-0.0,0.0006666666666666668,9.828778808674752e-05,True,1.4,1.4,,27738-0.0,,
27452-0.0,0.0006666666666666668,9.82844645634116e-05,True,1.3,1.4,,27452-0.0,,
27008-0.0,0.00044444444444444447,9.824119052856619e-05,True,1.3,1.4,,27008-0.0,,
27772-0.0,0.0006666666666666666,9.792777190495894e-05,True,1.3,1.4,,27772-0.0,,
26912-0.0,0.00044444444444444447,9.761525166160496e-05,True,1.3,1.4,,26912-0.0,,
27153-0.0,0.0006666666666666668,9.743516123076374e-05,True,1.3,1.4,,27153-0.0,,
2443-0.0_c1,0.0008888888888888889,9.687483342850107e-05,False,0.0,0.0,,2443-0.0_c1,,
25721-0.0,0.0008888888888888889,9.635895243963762e-05,True,5.0,19.6,,25721-0.0,,
27590-0.0,0.0006666666666666668,9.626361594343807e-05,True,1.4,1.4,,27590-0.0,,
25266-0.0,0.00044444444444444447,9.620192424002019e-05,True,5.0,19.6,,25266-0.0,,
27537-0.0,0.00044444444444444447,9.610104779997911e-05,True,1.3,1.4,,27537-0.0,,
27134-0.0,0.0008888888888888889,9.582211016814589e-05,True,1.3,1.4,,27134-0.0,,
27579-0.0,0.0006666666666666668,9.563371581636903e-05,True,1.3,1.4,,27579-0.0,,
26918-0.0,0.0006666666666666668,9.55313888195964e-05,True,1.3,1.4,,26918-0.0,,
1717-0.0_c2,0.00044444444444444447,9.535191780375833e-05,False,0.0,0.0,,1717-0.0_c2,,
26606-0.0,0.0006666666666666668,9.527640661777047e-05,True,1.3,1.4,,26606-0.0,,
4598-0.0_c1,0.00044444444444444447,9.527019541827501e-05,False,0.0,0.0,,4598-0.0_c1,,
26656-0.0,0.00044444444444444447,9.496744796957485e-05,True,1.3,1.4,,26656-0.0,,
25069-0.0,0.0006666666666666666,9.488196526180113e-05,True,5.0,19.6,,25069-0.0,,
27102-0.0,0.0006666666666666668,9.484654714929394e-05,True,1.3,1.4,,27102-0.0,,
25833-0.0,0.0006666666666666666,9.468643592898213e-05,True,0.0,0.0,,25833-0.0,,
26853-0.0,0.0006666666666666668,9.468258821290666e-05,True,1.3,1.4,,26853-0.0,,
25506-0.0,0.0008888888888888889,9.466428541190907e-05,True,5.0,19.6,,25506-0.0,,
30810-0.0,0.0006666666666666668,9.43909234424445e-05,False,14.8,12.2,,30810-0.0,,
27711-0.0,0.0008888888888888889,9.416565250129136e-05,True,1.3,1.4,,27711-0.0,,
26705-0.0,0.0006666666666666668,9.402257737571541e-05,True,1.3,1.4,,26705-0.0,,
25924-0.0,0.00022222222222222223,9.315621073431096e-05,True,12.8,18.2,,25924-0.0,,
25589-0.0,0.00022222222222222223,9.304548439467963e-05,True,5.0,19.6,,25589-0.0,,
26638-0.0,0.0006666666666666666,9.248569770564319e-05,True,1.3,1.4,,26638-0.0,,
21001-0.0,0.00044444444444444447,9.139267000906679e-05,False,0.1,0.7,,21001-0.0,,
26710-0.0,0.00044444444444444447,9.135923048855698e-05,True,1.3,1.4,,26710-0.0,,
27034-0.0,0.0006666666666666668,9.125100192849518e-05,True,1.3,1.4,,27034-0.0,,
27341-0.0,0.0008888888888888889,9.118096553847973e-05,True,1.3,1.4,,27341-0.0,,
26928-0.0,0.0006666666666666668,9.046062107808094e-05,True,1.3,1.4,,26928-0.0,,
25581-0.0,0.00044444444444444447,9.04524029479705e-05,True,5.0,19.6,,25581-0.0,,
27699-0.0,0.00044444444444444447,9.032670938757375e-05,True,1.3,1.4,,27699-0.0,,
3637-0.0_c0,0.00022222222222222223,9.002751521104983e-05,False,0.0,0.0,,3637-0.0_c0,,
27716-0.0,0.00044444444444444447,8.99535451790179e-05,True,1.3,1.4,,27716-0.0,,
27761-0.0,0.0008888888888888889,8.993053961514754e-05,True,1.3,1.4,,27761-0.0,,
26728-0.0,0.00044444444444444447,8.988572290302039e-05,True,1.3,1.4,,26728-0.0,,
27534-0.0,0.0006666666666666668,8.986546989483476e-05,True,1.3,1.4,,27534-0.0,,
25123-0.0,0.00044444444444444447,8.984938628654703e-05,True,5.0,19.6,,25123-0.0,,
26968-0.0,0.00044444444444444447,8.953261687753863e-05,True,1.3,1.4,,26968-0.0,,
27650-0.0,0.0006666666666666666,8.934241955212686e-05,True,1.3,1.4,,27650-0.0,,
27044-0.0,0.00022222222222222223,8.893729613672225e-05,True,1.3,1.4,,27044-0.0,,
26735-0.0,0.00044444444444444447,8.86833002391803e-05,True,1.3,1.4,,26735-0.0,,
26940-0.0,0.0006666666666666668,8.867372363951495e-05,True,1.3,1.4,,26940-0.0,,
27364-0.0,0.00022222222222222223,8.851480292675144e-05,True,1.3,1.4,,27364-0.0,,
4653-0.0_c0,0.00044444444444444447,8.845658404509608e-05,False,0.0,0.0,,4653-0.0_c0,,
26877-0.0,0.0006666666666666668,8.821230398096819e-05,True,1.3,1.4,,26877-0.0,,
27609-0.0,0.0006666666666666668,8.799969640847121e-05,True,1.3,1.4,,27609-0.0,,
25011-0.0,0.00044444444444444447,8.788205711318383e-05,True,0.0,0.0,,25011-0.0,,
26530-0.0,0.00044444444444444447,8.780046451281807e-05,True,1.3,1.4,,26530-0.0,,
27581-0.0,0.00044444444444444447,8.770308019639881e-05,True,1.3,1.4,,27581-0.0,,
25840-0.0,0.00022222222222222223,8.696008769565129e-05,True,0.0,0.0,,25840-0.0,,
25914-0.0,0.0006666666666666668,8.695597837933634e-05,True,0.0,0.0,,25914-0.0,,
26886-0.0,0.00044444444444444447,8.674772659865916e-05,True,1.3,1.4,,26886-0.0,,
26898-0.0,0.00022222222222222223,8.646957078301444e-05,True,1.3,1.4,,26898-0.0,,
25648-0.0,0.0006666666666666668,8.635299940723125e-05,True,5.0,19.6,,25648-0.0,,
1279-0.0,0.00044444444444444447,8.63268928560373e-05,False,9.2,9.5,,1279-0.0,,
25549-0.0,0.0006666666666666668,8.609393458307542e-05,True,5.0,19.6,,25549-0.0,,
27088-0.0,0.0006666666666666668,8.597870855960936e-05,True,1.3,1.4,,27088-0.0,,
1021-0.0_c1,0.00044444444444444447,8.574365087480819e-05,False,0.0,0.0,,1021-0.0_c1,,
26915-0.0,0.0006666666666666668,8.463684426148058e-05,True,1.3,1.4,,26915-0.0,,
26632-0.0,0.0006666666666666668,8.455985284538202e-05,True,1.3,1.4,,26632-0.0,,
27285-0.0,0.00022222222222222223,8.417669329741668e-05,True,1.3,1.4,,27285-0.0,,
27179-0.0,0.00022222222222222223,8.408445051979143e-05,True,1.3,1.4,,27179-0.0,,
26686-0.0,0.0006666666666666668,8.387807978297456e-05,True,1.3,1.4,,26686-0.0,,
25485-0.0,0.00044444444444444447,8.380498970433582e-05,True,5.0,19.6,,25485-0.0,,
26533-0.0,0.00044444444444444447,8.37924607391393e-05,True,1.3,1.4,,26533-0.0,,
26502-0.0,0.0006666666666666668,8.352590877513334e-05,True,1.3,1.4,,26502-0.0,,
25829-0.0,0.00044444444444444447,8.307296663145485e-05,True,0.0,0.0,,25829-0.0,,
27038-0.0,0.00044444444444444447,8.280607303285231e-05,True,1.3,1.4,,27038-0.0,,
27065-0.0,0.0008888888888888889,8.255242559637775e-05,True,1.3,1.4,,27065-0.0,,
25683-0.0,0.00022222222222222223,8.238480509006417e-05,True,5.0,19.6,,25683-0.0,,
26701-0.0,0.0006666666666666668,8.156154316610187e-05,True,1.3,1.4,,26701-0.0,,
27154-0.0,0.00022222222222222223,8.133610383704983e-05,True,1.3,1.4,,27154-0.0,,
26926-0.0,0.00044444444444444447,8.121421448127134e-05,True,1.3,1.4,,26926-0.0,,
27621-0.0,0.00044444444444444447,8.113750539437257e-05,True,1.3,1.4,,27621-0.0,,
25714-0.0,0.0006666666666666668,8.101799832076984e-05,True,5.0,19.6,,25714-0.0,,
26955-0.0,0.00022222222222222223,8.09608931346322e-05,True,1.3,1.4,,26955-0.0,,
25428-0.0,0.0008888888888888889,8.022635728986286e-05,True,5.0,19.6,,25428-0.0,,
1797-0.0_c0,0.00044444444444444447,8.016463322109229e-05,False,0.0,0.0,,1797-0.0_c0,,
27127-0.0,0.00044444444444444447,7.98932864522198e-05,True,1.3,1.4,,27127-0.0,,
25797-0.0,0.00044444444444444447,7.989029282240257e-05,True,0.0,0.0,,25797-0.0,,
25276-0.0,0.00044444444444444447,7.896598370763237e-05,True,5.0,19.6,,25276-0.0,,
25904-0.0,0.0006666666666666666,7.890569361940997e-05,True,0.0,0.0,,25904-0.0,,
25883-0.0,0.0006666666666666668,7.88700205714031e-05,True,0.0,0.0,,25883-0.0,,
27013-0.0,0.00022222222222222223,7.872893152421961e-05,True,1.3,1.4,,27013-0.0,,
26991-0.0,0.00044444444444444447,7.846815732490466e-05,True,1.3,1.4,,26991-0.0,,
27168-0.0,0.0006666666666666668,7.813983916470301e-05,True,1.3,1.4,,27168-0.0,,
27753-0.0,0.0006666666666666668,7.791453169388278e-05,True,1.3,1.4,,27753-0.0,,
26786-0.0,0.0006666666666666668,7.771139578124387e-05,True,1.3,1.4,,26786-0.0,,
26775-0.0,0.00044444444444444447,7.716848263446526e-05,True,1.3,1.4,,26775-0.0,,
23126-0.0,0.00044444444444444447,7.704443553473705e-05,False,1.2,2.0,,23126-0.0,,
25892-0.0,0.00044444444444444447,7.680733995267214e-05,True,0.0,0.0,,25892-0.0,,
25073-0.0,0.0006666666666666666,7.669061407644415e-05,True,5.0,19.6,,25073-0.0,,
27466-0.0,0.0008888888888888889,7.652038515351282e-05,True,1.3,1.4,,27466-0.0,,
27756-0.0,0.00044444444444444447,7.624838985672739e-05,True,1.3,1.4,,27756-0.0,,
27080-0.0,0.00044444444444444447,7.620666498348812e-05,True,1.3,1.4,,27080-0.0,,
25801-0.0,0.0006666666666666668,7.607760969240114e-05,True,0.0,0.0,,25801-0.0,,
25598-0.0,0.0006666666666666666,7.578409889531048e-05,True,5.0,19.6,,25598-0.0,,
27475-0.0,0.00044444444444444447,7.578294847703732e-05,True,1.3,1.4,,27475-0.0,,
25900-0.0,0.00044444444444444447,7.567066518174268e-05,True,0.0,0.0,,25900-0.0,,
3063-0.0,0.0006666666666666668,7.525741667120371e-05,False,7.7,14.2,,3063-0.0,,
26612-0.0,0.0006666666666666668,7.52261565295356e-05,True,1.3,1.4,,26612-0.0,,
27254-0.0,0.00022222222222222223,7.501843722130123e-05,True,1.3,1.4,,27254-0.0,,
26657-0.0,0.00044444444444444447,7.463384457919939e-05,True,1.3,1.4,,26657-0.0,,
26919-0.0,0.00044444444444444447,7.415956780167897e-05,True,1.3,1.4,,26919-0.0,,
27694-0.0,0.00044444444444444447,7.41494678335597e-05,True,1.3,1.4,,27694-0.0,,
26650-0.0,0.0006666666666666668,7.413321027516431e-05,True,1.3,1.4,,26650-0.0,,
25269-0.0,0.00044444444444444447,7.411930361849389e-05,True,5.0,19.6,,25269-0.0,,
25877-0.0,0.0006666666666666668,7.410330948336391e-05,True,0.0,0.0,,25877-0.0,,
25557-0.0,0.0006666666666666668,7.406586016006704e-05,True,5.0,19.6,,25557-0.0,,
134-0.0,0.0006666666666666666,7.378765672234883e-05,False,0.0,0.0,,134-0.0,,
25611-0.0,0.00022222222222222223,7.35164674740574e-05,True,5.0,19.6,,25611-0.0,,
25311-0.0,0.00044444444444444447,7.319439962363321e-05,True,5.0,19.6,,25311-0.0,,
25240-0.0,0.0006666666666666668,7.308375500915138e-05,True,5.0,19.6,,25240-0.0,,
25163-0.0,0.00044444444444444447,7.255781760812639e-05,True,5.0,19.6,,25163-0.0,,
25452-0.0,0.00044444444444444447,7.233159287408832e-05,True,5.0,19.6,,25452-0.0,,
26798-0.0,0.00022222222222222223,7.220271726946004e-05,True,1.3,1.4,,26798-0.0,,
25843-0.0,0.0006666666666666668,7.214659103876415e-05,True,0.0,0.0,,25843-0.0,,
27545-0.0,0.00044444444444444447,7.191252744123989e-05,True,1.3,1.4,,27545-0.0,,
25813-0.0,0.00044444444444444447,7.182769974143591e-05,True,0.0,0.0,,25813-0.0,,
26902-0.0,0.00044444444444444447,7.176354106793111e-05,True,1.3,1.4,,26902-0.0,,
27715-0.0,0.00044444444444444447,7.170380249155329e-05,True,1.3,1.4,,27715-0.0,,
25094-0.0,0.00044444444444444447,7.163032909567556e-05,True,5.0,19.6,,25094-0.0,,
27375-0.0,0.00022222222222222223,7.128656855245357e-05,True,1.3,1.4,,27375-0.0,,
25464-0.0,0.00022222222222222223,7.112649091503435e-05,True,5.0,19.6,,25464-0.0,,
2090-0.0_c0,0.0011111111111111111,7.098257063033386e-05,False,0.0,0.0,,2090-0.0_c0,,
25693-0.0,0.0006666666666666666,7.090779460251014e-05,True,5.0,19.6,,25693-0.0,,
26810-0.0,0.0006666666666666666,7.05981910732027e-05,True,1.3,1.4,,26810-0.0,,
26903-0.0,0.00022222222222222223,7.044785394872426e-05,True,1.3,1.4,,26903-0.0,,
27312-0.0,0.00022222222222222223,7.037599144959866e-05,True,1.3,1.4,,27312-0.0,,
27239-0.0,0.00044444444444444447,7.037347740663327e-05,True,1.3,1.4,,27239-0.0,,
2060-0.0_c1,0.00044444444444444447,7.028278974814511e-05,False,0.0,0.0,,2060-0.0_c1,,
25467-0.0,0.00044444444444444447,7.023483974641942e-05,True,5.0,19.6,,25467-0.0,,
25910-0.0,0.0006666666666666668,6.989555386631678e-05,True,0.0,0.0,,25910-0.0,,
25451-0.0,0.00022222222222222223,6.981509766707067e-05,True,5.0,19.6,,25451-0.0,,
25204-0.0,0.00044444444444444447,6.963485367622622e-05,True,5.0,19.6,,25204-0.0,,
25148-0.0,0.00044444444444444447,6.959054663617806e-05,True,5.0,19.6,,25148-0.0,,
25337-0.0,0.00044444444444444447,6.947391854819109e-05,True,5.0,19.6,,25337-0.0,,
26795-0.0,0.0006666666666666666,6.916401349383062e-05,True,1.3,1.4,,26795-0.0,,
4570-0.0_c1,0.00044444444444444447,6.914416709256082e-05,False,0.0,0.0,,4570-0.0_c1,,
25738-0.0,0.0006666666666666668,6.862662131167258e-05,True,10.8,14.2,,25738-0.0,,
25756-0.0,0.00022222222222222223,6.839781444412911e-05,True,0.0,0.0,,25756-0.0,,
27220-0.0,0.00044444444444444447,6.832757191361988e-05,True,1.3,1.4,,27220-0.0,,
26835-0.0,0.0006666666666666666,6.736845610414586e-05,True,1.3,1.4,,26835-0.0,,
27303-0.0,0.00044444444444444447,6.729432474847245e-05,True,1.3,1.4,,27303-0.0,,
25858-0.0,0.00044444444444444447,6.728744231345428e-05,True,0.0,0.0,,25858-0.0,,
1458-0.0,0.00044444444444444447,6.660226903864242e-05,False,0.1,0.0,,1458-0.0,,
25548-0.0,0.00022222222222222223,6.623342817573035e-05,True,5.0,19.6,,25548-0.0,,
27486-0.0,0.00022222222222222223,6.60010216902404e-05,True,1.3,1.4,,27486-0.0,,
27559-0.0,0.00044444444444444447,6.591652223623493e-05,True,1.3,1.4,,27559-0.0,,
27722-0.0,0.00044444444444444447,6.591121626007403e-05,True,1.3,1.4,,27722-0.0,,
25487-0.0,0.00044444444444444447,6.59041090603982e-05,True,5.0,19.6,,25487-0.0,,
25477-0.0,0.0006666666666666668,6.587803387934361e-05,True,5.0,19.6,,25477-0.0,,
25909-0.0,0.00044444444444444447,6.576545463654344e-05,True,0.0,0.0,,25909-0.0,,
1031-0.0_c1,0.00044444444444444447,6.565113382675976e-05,False,0.0,0.0,,1031-0.0_c1,,
25013-0.0,0.00044444444444444447,6.532615241829252e-05,True,0.0,0.0,,25013-0.0,,
25244-0.0,0.00044444444444444447,6.516414515672463e-05,True,5.0,19.6,,25244-0.0,,
25274-0.0,0.00044444444444444447,6.494745154028548e-05,True,5.0,19.6,,25274-0.0,,
27415-0.0,0.0006666666666666666,6.466749841260228e-05,True,1.3,1.4,,27415-0.0,,
25537-0.0,0.00022222222222222223,6.421072207237678e-05,True,5.0,19.6,,25537-0.0,,
27630-0.0,0.00044444444444444447,6.41681889489356e-05,True,1.3,1.4,,27630-0.0,,
25623-0.0,0.00022222222222222223,6.364129784588234e-05,True,5.0,19.6,,25623-0.0,,
25038-0.0,0.0006666666666666666,6.342322906798191e-05,True,9.0,11.5,,25038-0.0,,
1160-0.0,0.0006666666666666666,6.29975284204515e-05,False,0.2,0.7,,1160-0.0,,
26925-0.0,0.00044444444444444447,6.26610259685226e-05,True,1.3,1.4,,26925-0.0,,
25595-0.0,0.00044444444444444447,6.244786394214954e-05,True,5.0,19.6,,25595-0.0,,
27625-0.0,0.00044444444444444447,6.229668194255592e-05,True,1.3,1.4,,27625-0.0,,
27672-0.0,0.0006666666666666668,6.225026122710429e-05,True,1.3,1.4,,27672-0.0,,
27101-0.0,0.00022222222222222223,6.217234829757123e-05,True,1.3,1.4,,27101-0.0,,
27192-0.0,0.00044444444444444447,6.203269336237918e-05,True,1.3,1.4,,27192-0.0,,
1269-0.0,0.00022222222222222223,6.196731878467644e-05,False,4.9,4.1,,1269-0.0,,
1787-0.0_c2,0.00044444444444444447,6.178910187704906e-05,False,0.0,0.0,,1787-0.0_c2,,
23110-0.0,0.00044444444444444447,6.171468668901304e-05,False,1.2,2.0,,23110-0.0,,
25027-0.0,0.00044444444444444447,6.139488693377407e-05,True,9.0,11.5,,25027-0.0,,
25259-0.0,0.00022222222222222223,6.134761042904764e-05,True,5.0,19.6,,25259-0.0,,
25695-0.0,0.0006666666666666668,6.133556679924255e-05,True,5.0,19.6,,25695-0.0,,
27307-0.0,0.00044444444444444447,6.087698297189625e-05,True,1.3,1.4,,27307-0.0,,
25806-0.0,0.00022222222222222223,6.0842964687966836e-05,True,0.0,0.0,,25806-0.0,,
27631-0.0,0.00044444444444444447,6.070154054669695e-05,True,1.3,1.4,,27631-0.0,,
25830-0.0,0.0006666666666666668,6.055589136923306e-05,True,0.0,0.0,,25830-0.0,,
26600-0.0,0.00044444444444444447,6.050844335463817e-05,True,1.3,1.4,,26600-0.0,,
25476-0.0,0.0006666666666666666,6.046587397034699e-05,True,5.0,19.6,,25476-0.0,,
25563-0.0,0.00022222222222222223,6.042513822415348e-05,True,5.0,19.6,,25563-0.0,,
26862-0.0,0.00044444444444444447,6.030022740766392e-05,True,1.3,1.4,,26862-0.0,,
27678-0.0,0.00044444444444444447,6.025960382929693e-05,True,1.3,1.4,,27678-0.0,,
25152-0.0,0.00044444444444444447,6.023202311794367e-05,True,5.0,19.6,,25152-0.0,,
25765-0.0,0.00044444444444444447,5.999197937839468e-05,True,16.7,26.4,,25765-0.0,,
25663-0.0,0.00022222222222222223,5.9395311781966275e-05,True,5.0,19.6,,25663-0.0,,
25845-0.0,0.00044444444444444447,5.9347247694357896e-05,True,0.0,0.0,,25845-0.0,,
25566-0.0,0.00044444444444444447,5.9175766979832294e-05,True,5.0,19.6,,25566-0.0,,
25122-0.0,0.00022222222222222223,5.9039129908676266e-05,True,5.0,19.6,,25122-0.0,,
26870-0.0,0.0008888888888888889,5.8957172378778445e-05,True,1.3,1.4,,26870-0.0,,
20126-0.0_c0,0.00022222222222222223,5.8932851990772276e-05,False,0.0,0.0,,20126-0.0_c0,,
26824-0.0,0.00044444444444444447,5.880631222118679e-05,True,1.3,1.4,,26824-0.0,,
26674-0.0,0.00044444444444444447,5.8705567697288336e-05,True,1.3,1.4,,26674-0.0,,
27244-0.0,0.00022222222222222223,5.870364445325554e-05,True,1.3,1.4,,27244-0.0,,
25529-0.0,0.00022222222222222223,5.860688189541627e-05,True,5.0,19.6,,25529-0.0,,
27420-0.0,0.00022222222222222223,5.854825812539966e-05,True,1.3,1.4,,27420-0.0,,
26945-0.0,0.00044444444444444447,5.839311223025732e-05,True,1.3,1.4,,26945-0.0,,
26739-0.0,0.00044444444444444447,5.8226182897690965e-05,True,1.3,1.4,,26739-0.0,,
26714-0.0,0.00044444444444444447,5.8139053432890105e-05,True,1.3,1.4,,26714-0.0,,
25364-0.0,0.00044444444444444447,5.783990556938917e-05,True,5.0,19.6,,25364-0.0,,
26846-0.0,0.00022222222222222223,5.782226277547355e-05,True,1.3,1.4,,26846-0.0,,
25728-0.0,0.00022222222222222223,5.7813093718102564e-05,True,5.0,19.6,,25728-0.0,,
27705-0.0,0.00044444444444444447,5.7659847043341756e-05,True,1.3,1.4,,27705-0.0,,
26822-0.0,0.00044444444444444447,5.763361162504577e-05,True,1.3,1.4,,26822-0.0,,
27697-0.0,0.00022222222222222223,5.7597205989446045e-05,True,1.3,1.4,,27697-0.0,,
25621-0.0,0.00044444444444444447,5.755631374226301e-05,True,5.0,19.6,,25621-0.0,,
27749-0.0,0.00044444444444444447,5.731166499306291e-05,True,1.3,1.4,,27749-0.0,,
27478-0.0,0.00022222222222222223,5.728187126087425e-05,True,1.3,1.4,,27478-0.0,,
25299-0.0,0.00044444444444444447,5.72663325784809e-05,True,5.0,19.6,,25299-0.0,,
25615-0.0,0.00044444444444444447,5.696232008708261e-05,True,5.0,19.6,,25615-0.0,,
27157-0.0,0.00022222222222222223,5.6813672494873996e-05,True,1.3,1.4,,27157-0.0,,
25352-0.0,0.00022222222222222223,5.67190677886148e-05,True,5.0,19.6,,25352-0.0,,
26702-0.0,0.00022222222222222223,5.669728873289282e-05,True,1.3,1.4,,26702-0.0,,
20111-0.4_neg,0.0006666666666666666,5.6488519774592045e-05,False,0.0,0.0,,20111-0.4_neg,,
26845-0.0,0.00022222222222222223,5.631273946988035e-05,True,1.3,1.4,,26845-0.0,,
26897-0.0,0.00044444444444444447,5.6268813184155034e-05,True,1.3,1.4,,26897-0.0,,
27573-0.0,0.00044444444444444447,5.6262233735186775e-05,True,1.3,1.4,,27573-0.0,,
27040-0.0,0.00044444444444444447,5.621908521283174e-05,True,1.3,1.4,,27040-0.0,,
27234-0.0,0.00022222222222222223,5.600437185031037e-05,True,1.3,1.4,,27234-0.0,,
25802-0.0,0.00044444444444444447,5.561268820489665e-05,True,0.0,0.0,,25802-0.0,,
27189-0.0,0.00044444444444444447,5.558008007661357e-05,True,1.3,1.4,,27189-0.0,,
27661-0.0,0.00044444444444444447,5.529004678818783e-05,True,1.3,1.4,,27661-0.0,,
1369-0.0_c3,0.00044444444444444447,5.527775253290967e-05,False,0.0,0.0,,1369-0.0_c3,,
27345-0.0,0.00022222222222222223,5.4959110936137216e-05,True,1.3,1.4,,27345-0.0,,
25660-0.0,0.00044444444444444447,5.495495281515532e-05,True,5.0,19.6,,25660-0.0,,
26779-0.0,0.00022222222222222223,5.4951062877524425e-05,True,1.3,1.4,,26779-0.0,,
27391-0.0,0.00022222222222222223,5.46865475061048e-05,True,1.3,1.4,,27391-0.0,,
27150-0.0,0.00022222222222222223,5.466285083990523e-05,True,1.3,1.4,,27150-0.0,,
27551-0.0,0.00044444444444444447,5.444578033742271e-05,True,1.3,1.4,,27551-0.0,,
27003-0.0,0.00022222222222222223,5.4337910388442026e-05,True,1.3,1.4,,27003-0.0,,
26562-0.0,0.00044444444444444447,5.427244114052351e-05,True,1.3,1.4,,26562-0.0,,
26793-0.0,0.00044444444444444447,5.426528826445857e-05,True,1.3,1.4,,26793-0.0,,
25827-0.0,0.00044444444444444447,5.398913849704678e-05,True,0.0,0.0,,25827-0.0,,
6164-0.2_pos,0.00044444444444444447,5.390646328792342e-05,False,0.0,0.0,,6164-0.2_pos,,
27357-0.0,0.00044444444444444447,5.38085752307311e-05,True,1.3,1.4,,27357-0.0,,
27611-0.0,0.00044444444444444447,5.380304347718393e-05,True,1.3,1.4,,27611-0.0,,
25838-0.0,0.00044444444444444447,5.3719530485031884e-05,True,0.0,0.0,,25838-0.0,,
27304-0.0,0.00022222222222222223,5.357718509196969e-05,True,1.3,1.4,,27304-0.0,,
26727-0.0,0.00022222222222222223,5.3575851015270814e-05,True,1.3,1.4,,26727-0.0,,
27021-0.0,0.00044444444444444447,5.3430611437368417e-05,True,1.3,1.4,,27021-0.0,,
25131-0.0,0.00022222222222222223,5.3265189653808695e-05,True,5.0,19.6,,25131-0.0,,
27123-0.0,0.00044444444444444447,5.314754035409335e-05,True,1.3,1.4,,27123-0.0,,
27158-0.0,0.00044444444444444447,5.302823052620206e-05,True,1.3,1.4,,27158-0.0,,
2247-0.0_c1,0.00022222222222222223,5.300513185948105e-05,False,0.0,0.0,,2247-0.0_c1,,
27170-0.0,0.0006666666666666668,5.2888437044068076e-05,True,1.3,1.4,,27170-0.0,,
25469-0.0,0.00022222222222222223,5.266509471300755e-05,True,5.0,19.6,,25469-0.0,,
1070-0.0,0.00022222222222222223,5.169214064731597e-05,False,0.3,0.0,,1070-0.0,,
25396-0.0,0.00022222222222222223,5.165237140013536e-05,True,5.0,19.6,,25396-0.0,,
47-0.0,0.00044444444444444447,5.1398366151187554e-05,False,0.3,0.0,,47-0.0,,
25334-0.0,0.00044444444444444447,5.121318060333662e-05,True,5.0,19.6,,25334-0.0,,
27252-0.0,0.00022222222222222223,5.115396251914258e-05,True,1.3,1.4,,27252-0.0,,
26873-0.0,0.00044444444444444447,5.1104648363934573e-05,True,1.3,1.4,,26873-0.0,,
26962-0.0,0.00022222222222222223,5.10969961429275e-05,True,1.3,1.4,,26962-0.0,,
26794-0.0,0.00022222222222222223,5.080724342618541e-05,True,1.3,1.4,,26794-0.0,,
26852-0.0,0.00022222222222222223,5.0610524703491896e-05,True,1.3,1.4,,26852-0.0,,
27095-0.0,0.00022222222222222223,5.017233836631417e-05,True,1.3,1.4,,27095-0.0,,
27278-0.0,0.00044444444444444447,5.015012335581928e-05,True,1.3,1.4,,27278-0.0,,
26936-0.0,0.00044444444444444447,5.011174420471704e-05,True,1.3,1.4,,26936-0.0,,
27206-0.0,0.00044444444444444447,5.006378165149154e-05,True,1.3,1.4,,27206-0.0,,
26725-0.0,0.00022222222222222223,4.9809162239093e-05,True,1.3,1.4,,26725-0.0,,
2217-0.0,0.00044444444444444447,4.977492593771123e-05,False,15.1,6.1,,2217-0.0,,
27752-0.0,0.00044444444444444447,4.9686724235418935e-05,True,1.3,1.4,,27752-0.0,,
27165-0.0,0.00022222222222222223,4.95339082190643e-05,True,1.3,1.4,,27165-0.0,,
26977-0.0,0.00022222222222222223,4.9393759019677296e-05,True,1.3,1.4,,26977-0.0,,
27268-0.0,0.00044444444444444447,4.9382774292334705e-05,True,1.3,1.4,,27268-0.0,,
26831-0.0,0.00022222222222222223,4.913991775418361e-05,True,1.3,1.4,,26831-0.0,,
25679-0.0,0.00044444444444444447,4.902720370724864e-05,True,5.0,19.6,,25679-0.0,,
25920-0.0,0.00044444444444444447,4.9021481042873805e-05,True,0.0,0.0,,25920-0.0,,
27476-0.0,0.00044444444444444447,4.88648741085228e-05,True,1.3,1.4,,27476-0.0,,
25668-0.0,0.00044444444444444447,4.876820054764184e-05,True,5.0,19.6,,25668-0.0,,
26819-0.0,0.00022222222222222223,4.861866912084886e-05,True,1.3,1.4,,26819-0.0,,
27685-0.0,0.0006666666666666666,4.836803933015711e-05,True,1.3,1.4,,27685-0.0,,
26816-0.0,0.00022222222222222223,4.834967327529804e-05,True,1.3,1.4,,26816-0.0,,
25177-0.0,0.00022222222222222223,4.833604613086869e-05,True,5.0,19.6,,25177-0.0,,
26736-0.0,0.00044444444444444447,4.817723464807235e-05,True,1.3,1.4,,26736-0.0,,
27571-0.0,0.00022222222222222223,4.8089567468538244e-05,True,1.3,1.4,,27571-0.0,,
26993-0.0,0.00022222222222222223,4.791143181939397e-05,True,1.3,1.4,,26993-0.0,,
27057-0.0,0.0006666666666666668,4.772648106922345e-05,True,1.3,1.4,,27057-0.0,,
26848-0.0,0.00022222222222222223,4.7626927824332664e-05,True,1.3,1.4,,26848-0.0,,
27333-0.0,0.00044444444444444447,4.761873182355929e-05,True,1.3,1.4,,27333-0.0,,
25492-0.0,0.00022222222222222223,4.732638834457759e-05,True,5.0,19.6,,25492-0.0,,
27623-0.0,0.00044444444444444447,4.673952574538139e-05,True,1.3,1.4,,27623-0.0,,
26532-0.0,0.00044444444444444447,4.6718009175485955e-05,True,1.3,1.4,,26532-0.0,,
25154-0.0,0.00022222222222222223,4.660681276863389e-05,True,5.0,19.6,,25154-0.0,,
25216-0.0,0.00022222222222222223,4.6130573297235836e-05,True,5.0,19.6,,25216-0.0,,
27359-0.0,0.00044444444444444447,4.582621993884171e-05,True,1.3,1.4,,27359-0.0,,
27480-0.0,0.00044444444444444447,4.577439007848583e-05,True,1.3,1.4,,27480-0.0,,
27472-0.0,0.00044444444444444447,4.571619602899685e-05,True,1.3,1.4,,27472-0.0,,
26864-0.0,0.00044444444444444447,4.56055307523005e-05,True,1.3,1.4,,26864-0.0,,
2178-0.0_c0,0.00044444444444444447,4.544762068234398e-05,False,0.0,0.0,,2178-0.0_c0,,
26878-0.0,0.00044444444444444447,4.543621085832024e-05,True,1.3,1.4,,26878-0.0,,
25499-0.0,0.00044444444444444447,4.542369370254659e-05,True,5.0,19.6,,25499-0.0,,
26983-0.0,0.00044444444444444447,4.4910838566495616e-05,True,1.3,1.4,,26983-0.0,,
27173-0.0,0.00044444444444444447,4.4840375363798655e-05,True,1.3,1.4,,27173-0.0,,
27676-0.0,0.00044444444444444447,4.460331681590637e-05,True,1.3,1.4,,27676-0.0,,
1883-0.0,0.00022222222222222223,4.447574509660087e-05,False,1.3,0.7,,1883-0.0,,
25701-0.0,0.00022222222222222223,4.4306740984374234e-05,True,5.0,19.6,,25701-0.0,,
1747-0.0_c4,0.00022222222222222223,4.399765270274651e-05,False,0.0,0.0,,1747-0.0_c4,,
26750-0.0,0.00022222222222222223,4.3862681855419906e-05,True,1.3,1.4,,26750-0.0,,
26696-0.0,0.00044444444444444447,4.376009821397205e-05,True,1.3,1.4,,26696-0.0,,
20126-0.0_c3,0.00044444444444444447,4.315271145642252e-05,False,0.0,0.0,,20126-0.0_c3,,
25347-0.0,0.00022222222222222223,4.309762400264686e-05,True,5.0,19.6,,25347-0.0,,
25640-0.0,0.00022222222222222223,4.3092542057353e-05,True,5.0,19.6,,25640-0.0,,
1210-0.0_c1,0.00044444444444444447,4.277408091848605e-05,False,0.0,0.0,,1210-0.0_c1,,
25371-0.0,0.00044444444444444447,4.2679034593464245e-05,True,5.0,19.6,,25371-0.0,,
27047-0.0,0.00022222222222222223,4.265373894841152e-05,True,1.3,1.4,,27047-0.0,,
25210-0.0,0.00044444444444444447,4.25495652550821e-05,True,5.0,19.6,,25210-0.0,,
26887-0.0,0.00044444444444444447,4.249741819215057e-05,True,1.3,1.4,,26887-0.0,,
25368-0.0,0.00022222222222222223,4.23502008008021e-05,True,5.0,19.6,,25368-0.0,,
25297-0.0,0.00022222222222222223,4.225562184239452e-05,True,5.0,19.6,,25297-0.0,,
26601-0.0,0.00044444444444444447,4.221728914313807e-05,True,1.3,1.4,,26601-0.0,,
27465-0.0,0.00022222222222222223,4.2134048402595774e-05,True,1.3,1.4,,27465-0.0,,
943-0.0_c5,0.00022222222222222223,4.201208171554307e-05,False,0.0,0.0,,943-0.0_c5,,
27094-0.0,0.00044444444444444447,4.197435873737526e-05,True,1.3,1.4,,27094-0.0,,
1538-0.0_c0,0.00044444444444444447,4.19297276311194e-05,False,0.0,0.0,,1538-0.0_c0,,
26665-0.0,0.00022222222222222223,4.155660457723311e-05,True,1.3,1.4,,26665-0.0,,
22039-0.0,0.00044444444444444447,4.148616799306519e-05,False,16.7,25.7,,22039-0.0,,
25761-0.0,0.00022222222222222223,4.126411621137962e-05,True,16.7,26.4,,25761-0.0,,
25559-0.0,0.00044444444444444447,4.095412317510242e-05,True,5.0,19.6,,25559-0.0,,
27760-0.0,0.00022222222222222223,4.078532032702279e-05,True,1.3,1.4,,27760-0.0,,
26965-0.0,0.00044444444444444447,4.0663085143495255e-05,True,1.3,1.4,,26965-0.0,,
23105-0.0,0.00022222222222222223,4.054706990704422e-05,False,1.2,2.0,,23105-0.0,,
25156-0.0,0.00022222222222222223,4.0464487568369824e-05,True,5.0,19.6,,25156-0.0,,
2443-0.0_c0,0.00044444444444444447,4.0096165149810294e-05,False,0.0,0.0,,2443-0.0_c0,,
27525-0.0,0.00022222222222222223,3.990095482148121e-05,True,1.3,1.4,,27525-0.0,,
26713-0.0,0.00022222222222222223,3.986148539820445e-05,True,1.3,1.4,,26713-0.0,,
25600-0.0,0.00044444444444444447,3.962134391213866e-05,True,5.0,19.6,,25600-0.0,,
27458-0.0,0.00022222222222222223,3.927523583970969e-05,True,1.3,1.4,,27458-0.0,,
27698-0.0,0.00022222222222222223,3.919625184683848e-05,True,1.3,1.4,,27698-0.0,,
26722-0.0,0.00044444444444444447,3.903969588423168e-05,True,1.3,1.4,,26722-0.0,,
26521-0.0,0.00022222222222222223,3.8815875575351345e-05,True,1.3,1.4,,26521-0.0,,
26949-0.0,0.00044444444444444447,3.879658602392891e-05,True,1.3,1.4,,26949-0.0,,
25374-0.0,0.00044444444444444447,3.869647236375021e-05,True,5.0,19.6,,25374-0.0,,
2624-0.0_c5,0.00022222222222222223,3.8602625388783986e-05,False,0.0,0.0,,2624-0.0_c5,,
27667-0.0,0.00022222222222222223,3.8577803149415524e-05,True,1.3,1.4,,27667-0.0,,
25120-0.0,0.00022222222222222223,3.829741336483526e-05,True,5.0,19.6,,25120-0.0,,
26729-0.0,0.00044444444444444447,3.8281184135219654e-05,True,1.3,1.4,,26729-0.0,,
25144-0.0,0.00022222222222222223,3.783851406442767e-05,True,5.0,19.6,,25144-0.0,,
25915-0.0,0.00022222222222222223,3.765620043201122e-05,True,0.0,0.0,,25915-0.0,,
27726-0.0,0.00022222222222222223,3.7543153444588676e-05,True,1.3,1.4,,27726-0.0,,
2110-0.0_c4,0.00022222222222222223,3.746626087928909e-05,False,0.0,0.0,,2110-0.0_c4,,
26721-0.0,0.00022222222222222223,3.7258081136651666e-05,True,1.3,1.4,,26721-0.0,,
25370-0.0,0.00022222222222222223,3.7178001362768285e-05,True,5.0,19.6,,25370-0.0,,
25417-0.0,0.00022222222222222223,3.7071984145445243e-05,True,5.0,19.6,,25417-0.0,,
25697-0.0,0.00022222222222222223,3.696151154878321e-05,True,5.0,19.6,,25697-0.0,,
27260-0.0,0.00022222222222222223,3.6738631552402016e-05,True,1.3,1.4,,27260-0.0,,
25303-0.0,0.00044444444444444447,3.660268445528234e-05,True,5.0,19.6,,25303-0.0,,
23100-0.0,0.00022222222222222223,3.6452048466907804e-05,False,1.3,2.0,,23100-0.0,,
27459-0.0,0.00022222222222222223,3.6443549317579064e-05,True,1.3,1.4,,27459-0.0,,
25265-0.0,0.00022222222222222223,3.643407763304462e-05,True,5.0,19.6,,25265-0.0,,
25342-0.0,0.00044444444444444447,3.6329238518571624e-05,True,5.0,19.6,,25342-0.0,,
25425-0.0,0.00044444444444444447,3.6318888404683085e-05,True,5.0,19.6,,25425-0.0,,
1428-0.0_c0,0.00022222222222222223,3.623973806099752e-05,False,0.0,0.0,,1428-0.0_c0,,
25807-0.0,0.00022222222222222223,3.588621949874075e-05,True,0.0,0.0,,25807-0.0,,
27584-0.0,0.00022222222222222223,3.558787291457755e-05,True,1.3,1.4,,27584-0.0,,
27684-0.0,0.00022222222222222223,3.542206316225385e-05,True,1.3,1.4,,27684-0.0,,
26966-0.0,0.00022222222222222223,3.5399263743505345e-05,True,1.3,1.4,,26966-0.0,,
20107-0.2_pos,0.00044444444444444447,3.518187419647013e-05,False,0.0,0.0,,20107-0.2_pos,,
5485-0.0_c1,0.00022222222222222223,3.511506880982397e-05,False,0.0,0.0,,5485-0.0_c1,,
27637-0.0,0.00022222222222222223,3.499806201442232e-05,True,1.3,1.4,,27637-0.0,,
27539-0.0,0.00022222222222222223,3.498626049807407e-05,True,1.3,1.4,,27539-0.0,,
1478-0.0_c0,0.00022222222222222223,3.486350858804935e-05,False,0.0,0.0,,1478-0.0_c0,,
49-0.0,0.00044444444444444447,3.471716298402553e-05,False,0.1,0.0,,49-0.0,,
27338-0.0,0.00022222222222222223,3.459494794099414e-05,True,1.3,1.4,,27338-0.0,,
25170-0.0,0.00022222222222222223,3.4468484503712096e-05,True,5.0,19.6,,25170-0.0,,
25075-0.0,0.00022222222222222223,3.4264919322504545e-05,True,5.0,19.6,,25075-0.0,,
25249-0.0,0.00022222222222222223,3.415428710837605e-05,True,5.0,19.6,,25249-0.0,,
27575-0.0,0.00022222222222222223,3.410320821186593e-05,True,1.3,1.4,,27575-0.0,,
26885-0.0,0.00022222222222222223,3.390101506994123e-05,True,1.3,1.4,,26885-0.0,,
25713-0.0,0.00022222222222222223,3.381679257857571e-05,True,5.0,19.6,,25713-0.0,,
2020-0.0_c0,0.00022222222222222223,3.374824318446085e-05,False,0.0,0.0,,2020-0.0_c0,,
22040-0.0,0.00044444444444444447,3.330201792070032e-05,False,16.7,25.7,,22040-0.0,,
26684-0.0,0.00022222222222222223,3.3156751858341826e-05,True,1.3,1.4,,26684-0.0,,
25606-0.0,0.00022222222222222223,3.311588557274202e-05,True,5.0,19.6,,25606-0.0,,
25389-0.0,0.00022222222222222223,3.2885953014510794e-05,True,5.0,19.6,,25389-0.0,,
25010-0.0,0.00022222222222222223,3.281410191136627e-05,True,0.0,0.0,,25010-0.0,,
25517-0.0,0.00022222222222222223,3.2321748877404835e-05,True,5.0,19.6,,25517-0.0,,
25620-0.0,0.00022222222222222223,3.2140335392341084e-05,True,5.0,19.6,,25620-0.0,,
27027-0.0,0.00022222222222222223,3.212793768463852e-05,True,1.3,1.4,,27027-0.0,,
26836-0.0,0.00022222222222222223,3.2075563741288176e-05,True,1.3,1.4,,26836-0.0,,
25512-0.0,0.00022222222222222223,3.202577501383447e-05,True,5.0,19.6,,25512-0.0,,
27112-0.0,0.00022222222222222223,3.200172262571516e-05,True,1.3,1.4,,27112-0.0,,
26896-0.0,0.00022222222222222223,3.193680127188051e-05,True,1.3,1.4,,26896-0.0,,
27302-0.0,0.00022222222222222223,3.1810861699897596e-05,True,1.3,1.4,,27302-0.0,,
27366-0.0,0.00022222222222222223,3.168463277558145e-05,True,1.3,1.4,,27366-0.0,,
25763-0.0,0.00022222222222222223,3.166631137169541e-05,True,16.7,26.4,,25763-0.0,,
27487-0.0,0.00022222222222222223,3.143834619030874e-05,True,1.3,1.4,,27487-0.0,,
27067-0.0,0.00022222222222222223,3.1238129413703456e-05,True,1.3,1.4,,27067-0.0,,
27264-0.0,0.00022222222222222223,3.097789539532818e-05,True,1.3,1.4,,27264-0.0,,
25868-0.0,0.00022222222222222223,3.0821225530037905e-05,True,0.0,0.0,,25868-0.0,,
27766-0.0,0.00022222222222222223,3.057638377552028e-05,True,1.3,1.4,,27766-0.0,,
27026-0.0,0.00022222222222222223,3.057334692513659e-05,True,1.3,1.4,,27026-0.0,,
25878-0.0,0.00022222222222222223,3.056252374470605e-05,True,0.0,0.0,,25878-0.0,,
25143-0.0,0.00022222222222222223,3.055895838053991e-05,True,5.0,19.6,,25143-0.0,,
27720-0.0,0.00022222222222222223,3.0496487572456944e-05,True,1.3,1.4,,27720-0.0,,
26617-0.0,0.00022222222222222223,3.045742459911357e-05,True,1.3,1.4,,26617-0.0,,
26666-0.0,0.00022222222222222223,3.0353334072977966e-05,True,1.3,1.4,,26666-0.0,,
25523-0.0,0.00022222222222222223,3.0351493866137995e-05,True,5.0,19.6,,25523-0.0,,
25636-0.0,0.00022222222222222223,3.03185961271422e-05,True,5.0,19.6,,25636-0.0,,
26828-0.0,0.00022222222222222223,3.023516632523897e-05,True,1.3,1.4,,26828-0.0,,
27258-0.0,0.00022222222222222223,3.013551333927147e-05,True,1.3,1.4,,27258-0.0,,
884-0.0,0.00022222222222222223,2.998354900798009e-05,False,2.4,3.4,,884-0.0,,
27215-0.0,0.00022222222222222223,2.9745442091466205e-05,True,1.3,1.4,,27215-0.0,,
924-0.0_c1,0.00022222222222222223,2.9710269389867203e-05,False,0.0,0.0,,924-0.0_c1,,
27284-0.0,0.00022222222222222223,2.9662923265989348e-05,True,1.3,1.4,,27284-0.0,,
25438-0.0,0.00022222222222222223,2.9608645053076927e-05,True,5.0,19.6,,25438-0.0,,
27588-0.0,0.00044444444444444447,2.9523363509023167e-05,True,1.3,1.4,,27588-0.0,,
26571-0.0,0.00022222222222222223,2.9499368632590768e-05,True,1.3,1.4,,26571-0.0,,
26513-0.0,0.00022222222222222223,2.9485434807296884e-05,True,1.3,1.4,,26513-0.0,,
1140-0.0_c0,0.00022222222222222223,2.9464265724513077e-05,False,0.0,0.0,,1140-0.0_c0,,
4559-0.0_c0,0.00022222222222222223,2.9409976190412538e-05,False,0.0,0.0,,4559-0.0_c0,,
924-0.0_c2,0.00022222222222222223,2.9040237784732493e-05,False,0.0,0.0,,924-0.0_c2,,
27471-0.0,0.00022222222222222223,2.893073730629857e-05,True,1.3,1.4,,27471-0.0,,
27126-0.0,0.00022222222222222223,2.8818362996898552e-05,True,1.3,1.4,,27126-0.0,,
27174-0.0,0.00022222222222222223,2.8803502156153453e-05,True,1.3,1.4,,27174-0.0,,
27330-0.0,0.00022222222222222223,2.872771802244321e-05,True,1.3,1.4,,27330-0.0,,
26790-0.0,0.00022222222222222223,2.8655942958767997e-05,True,1.3,1.4,,26790-0.0,,
25865-0.0,0.00022222222222222223,2.8611908827908236e-05,True,0.0,0.0,,25865-0.0,,
25203-0.0,0.00022222222222222223,2.8595281501928755e-05,True,5.0,19.6,,25203-0.0,,
27710-0.0,0.00022222222222222223,2.8262014765426957e-05,True,1.3,1.4,,27710-0.0,,
25437-0.0,0.00022222222222222223,2.808727951934349e-05,True,5.0,19.6,,25437-0.0,,
3731-0.0_c2,0.00022222222222222223,2.8014601050979393e-05,False,0.0,0.0,,3731-0.0_c2,,
26808-0.0,0.00022222222222222223,2.7878873538645627e-05,True,1.3,1.4,,26808-0.0,,
25279-0.0,0.00022222222222222223,2.7831493724820388e-05,True,5.0,19.6,,25279-0.0,,
20111-0.10_pos,0.00022222222222222223,2.777776379582507e-05,False,0.0,0.0,,20111-0.10_pos,,
26653-0.0,0.00022222222222222223,2.754420595294976e-05,True,1.3,1.4,,26653-0.0,,
26697-0.0,0.00022222222222222223,2.7428234338174685e-05,True,1.3,1.4,,26697-0.0,,
27608-0.0,0.00022222222222222223,2.7424872509565178e-05,True,1.3,1.4,,27608-0.0,,
25651-0.0,0.00022222222222222223,2.7293613282833393e-05,True,5.0,19.6,,25651-0.0,,
27298-0.0,0.00022222222222222223,2.725478223879549e-05,True,1.3,1.4,,27298-0.0,,
27140-0.0,0.00022222222222222223,2.6919750272269308e-05,True,1.3,1.4,,27140-0.0,,
27757-0.0,0.00022222222222222223,2.6785177319555163e-05,True,1.3,1.4,,27757-0.0,,
6150-0.1_pos,0.00022222222222222223,2.6611410516800573e-05,False,0.0,0.0,,6150-0.1_pos,,
21000-0.0_c1,0.00022222222222222223,2.650573792763413e-05,False,0.0,0.0,,21000-0.0_c1,,
1950-0.0_c0,0.00022222222222222223,2.644968398146532e-05,False,0.0,0.0,,1950-0.0_c0,,
27725-0.0,0.00022222222222222223,2.6198904146939283e-05,True,1.3,1.4,,27725-0.0,,
27209-0.0,0.00022222222222222223,2.6133425945932624e-05,True,1.3,1.4,,27209-0.0,,
26990-0.0,0.00022222222222222223,2.60544099352568e-05,True,1.3,1.4,,26990-0.0,,
6154-0.0_pos,0.00022222222222222223,2.597784724151168e-05,False,0.0,0.0,,6154-0.0_pos,,
26543-0.0,0.00022222222222222223,2.5974635598946632e-05,True,1.3,1.4,,26543-0.0,,
1080-0.0,0.00022222222222222223,2.5770475348867096e-05,False,1.6,2.7,,1080-0.0,,
27228-0.0,0.00022222222222222223,2.5744262730823672e-05,True,1.3,1.4,,27228-0.0,,
25357-0.0,0.00022222222222222223,2.567839833355969e-05,True,5.0,19.6,,25357-0.0,,
27193-0.0,0.00022222222222222223,2.567134473333634e-05,True,1.3,1.4,,27193-0.0,,
25455-0.0,0.00022222222222222223,2.5493541973310677e-05,True,5.0,19.6,,25455-0.0,,
27122-0.0,0.00022222222222222223,2.547805999166981e-05,True,1.3,1.4,,27122-0.0,,
27145-0.0,0.00022222222222222223,2.5377520183288938e-05,True,1.3,1.4,,27145-0.0,,
25851-0.0,0.00022222222222222223,2.53259164254623e-05,True,0.0,0.0,,25851-0.0,,
25593-0.0,0.00044444444444444447,2.5202109445696545e-05,True,5.0,19.6,,25593-0.0,,
26974-0.0,0.00022222222222222223,2.518972232361454e-05,True,1.3,1.4,,26974-0.0,,
25113-0.0,0.00022222222222222223,2.5160639144151063e-05,True,5.0,19.6,,25113-0.0,,
27229-0.0,0.00022222222222222223,2.5025247710675877e-05,True,1.3,1.4,,27229-0.0,,
30690-0.0,0.00022222222222222223,2.4979731925609553e-05,False,6.5,8.1,,30690-0.0,,
25527-0.0,0.00022222222222222223,2.493061693496053e-05,True,5.0,19.6,,25527-0.0,,
25876-0.0,0.00022222222222222223,2.4880729842775553e-05,True,0.0,0.0,,25876-0.0,,
3637-0.0_c6,0.00022222222222222223,2.476854526839915e-05,False,0.0,0.0,,3637-0.0_c6,,
27638-0.0,0.00022222222222222223,2.4719052716270326e-05,True,1.3,1.4,,27638-0.0,,
1289-0.0,0.00022222222222222223,2.4643056771381583e-05,False,0.5,2.0,,1289-0.0,,
30050-0.0,0.00022222222222222223,2.4535065628142143e-05,False,4.8,5.4,,30050-0.0,,
27686-0.0,0.00022222222222222223,2.4528367748806474e-05,True,1.3,1.4,,27686-0.0,,
27023-0.0,0.00022222222222222223,2.4477658930085598e-05,True,1.3,1.4,,27023-0.0,,
27732-0.0,0.00022222222222222223,2.438909481464888e-05,True,1.3,1.4,,27732-0.0,,
1468-0.0_c0,0.00022222222222222223,2.4355146660895074e-05,False,0.0,0.0,,1468-0.0_c0,,
27163-0.0,0.00022222222222222223,2.423459184334586e-05,True,1.3,1.4,,27163-0.0,,
27322-0.0,0.00022222222222222223,2.4196325821600938e-05,True,1.3,1.4,,27322-0.0,,
26627-0.0,0.00022222222222222223,2.4124334564985303e-05,True,1.3,1.4,,26627-0.0,,
27210-0.0,0.00022222222222222223,2.4088633960513907e-05,True,1.3,1.4,,27210-0.0,,
27394-0.0,0.00022222222222222223,2.403528524169168e-05,True,1.3,1.4,,27394-0.0,,
26858-0.0,0.00022222222222222223,2.3905871388353525e-05,True,1.3,1.4,,26858-0.0,,
25379-0.0,0.00022222222222222223,2.3861746477232916e-05,True,5.0,19.6,,25379-0.0,,
26895-0.0,0.00022222222222222223,2.384117473064074e-05,True,1.3,1.4,,26895-0.0,,
27265-0.0,0.00022222222222222223,2.3824238670324434e-05,True,1.3,1.4,,27265-0.0,,
2624-0.0_c1,0.00022222222222222223,2.3742199255354486e-05,False,0.0,0.0,,2624-0.0_c1,,
25574-0.0,0.00022222222222222223,2.3643394433178953e-05,True,5.0,19.6,,25574-0.0,,
25441-0.0,0.00022222222222222223,2.331190829310975e-05,True,5.0,19.6,,25441-0.0,,
27152-0.0,0.00022222222222222223,2.3279487559951534e-05,True,1.3,1.4,,27152-0.0,,
26740-0.0,0.00022222222222222223,2.319567308853632e-05,True,1.3,1.4,,26740-0.0,,
27149-0.0,0.00022222222222222223,2.3189476391350858e-05,True,1.3,1.4,,27149-0.0,,
25104-0.0,0.00022222222222222223,2.3181338731814998e-05,True,5.0,19.6,,25104-0.0,,
27074-0.0,0.00022222222222222223,2.305259264509237e-05,True,1.3,1.4,,27074-0.0,,
25348-0.0,0.00022222222222222223,2.279498870832491e-05,True,5.0,19.6,,25348-0.0,,
27205-0.0,0.00022222222222222223,2.2771906010223448e-05,True,1.3,1.4,,27205-0.0,,
25815-0.0,0.00022222222222222223,2.2638765363074213e-05,True,0.0,0.0,,25815-0.0,,
27659-0.0,0.00022222222222222223,2.2551101163224676e-05,True,1.3,1.4,,27659-0.0,,
25393-0.0,0.00022222222222222223,2.23783563549461e-05,True,5.0,19.6,,25393-0.0,,
23124-0.0,0.00022222222222222223,2.2174707182745582e-05,False,1.2,2.0,,23124-0.0,,
1528-0.0,0.00022222222222222223,2.2059527343510578e-05,False,0.4,0.7,,1528-0.0,,
2188-0.0_c2,0.00022222222222222223,2.1871682294879704e-05,False,0.0,0.0,,2188-0.0_c2,,
25887-0.0,0.00022222222222222223,2.1727346944264314e-05,True,0.0,0.0,,25887-0.0,,
27090-0.0,0.00022222222222222223,2.1668033122679187e-05,True,1.3,1.4,,27090-0.0,,
25326-0.0,0.00022222222222222223,2.137380008484237e-05,True,5.0,19.6,,25326-0.0,,
25895-0.0,0.00022222222222222223,2.1370743971876818e-05,True,0.0,0.0,,25895-0.0,,
27282-0.0,0.00022222222222222223,2.132746995648577e-05,True,1.3,1.4,,27282-0.0,,
27555-0.0,0.00022222222222222223,2.1308098358207023e-05,True,1.3,1.4,,27555-0.0,,
26899-0.0,0.00022222222222222223,2.1283920200958946e-05,True,1.3,1.4,,26899-0.0,,
27111-0.0,0.00022222222222222223,2.124835978182921e-05,True,1.3,1.4,,27111-0.0,,
27719-0.0,0.00022222222222222223,2.1235811201815396e-05,True,1.3,1.4,,27719-0.0,,
25912-0.0,0.00022222222222222223,2.1189829602618108e-05,True,0.0,0.0,,25912-0.0,,
1090-0.0,0.00022222222222222223,2.1138988423892454e-05,False,0.8,0.7,,1090-0.0,,
26805-0.0,0.00022222222222222223,2.1131184106814468e-05,True,1.3,1.4,,26805-0.0,,
27451-0.0,0.00022222222222222223,2.1000213162761733e-05,True,1.3,1.4,,27451-0.0,,
25622-0.0,0.00022222222222222223,2.0954253034853283e-05,True,5.0,19.6,,25622-0.0,,
27515-0.0,0.00022222222222222223,2.0824784649788763e-05,True,1.3,1.4,,27515-0.0,,
25470-0.0,0.00022222222222222223,2.0814266958802253e-05,True,5.0,19.6,,25470-0.0,,
25039-0.0,0.00022222222222222223,2.074075448290166e-05,True,9.0,11.5,,25039-0.0,,
25633-0.0,0.00022222222222222223,2.066182699422844e-05,True,5.0,19.6,,25633-0.0,,
25006-0.0,0.00022222222222222223,2.0487129153260774e-05,True,0.0,0.0,,25006-0.0,,
27470-0.0,0.00022222222222222223,2.0439128396984432e-05,True,1.3,1.4,,27470-0.0,,
25616-0.0,0.00022222222222222223,2.043021825497118e-05,True,5.0,19.6,,25616-0.0,,
26803-0.0,0.00022222222222222223,2.0394162325357022e-05,True,1.3,1.4,,26803-0.0,,
26660-0.0,0.00022222222222222223,2.0389215939731764e-05,True,1.3,1.4,,26660-0.0,,
27399-0.0,0.00022222222222222223,1.9632812876340486e-05,True,1.3,1.4,,27399-0.0,,
27696-0.0,0.00022222222222222223,1.9434714450719015e-05,True,1.3,1.4,,27696-0.0,,
25519-0.0,0.00022222222222222223,1.9410373793753185e-05,True,5.0,19.6,,25519-0.0,,
27075-0.0,0.00022222222222222223,1.938309602338149e-05,True,1.3,1.4,,27075-0.0,,
25308-0.0,0.00022222222222222223,1.9377179075525554e-05,True,5.0,19.6,,25308-0.0,,
25823-0.0,0.00022222222222222223,1.9313285092120087e-05,True,0.0,0.0,,25823-0.0,,
25635-0.0,0.00022222222222222223,1.9216328280507484e-05,True,5.0,19.6,,25635-0.0,,
25202-0.0,0.00022222222222222223,1.9184711683032792e-05,True,5.0,19.6,,25202-0.0,,
27431-0.0,0.00022222222222222223,1.9155750272241892e-05,True,1.3,1.4,,27431-0.0,,
26980-0.0,0.00022222222222222223,1.8943343781963557e-05,True,1.3,1.4,,26980-0.0,,
25798-0.0,0.00022222222222222223,1.8771430310348223e-05,True,0.0,0.0,,25798-0.0,,
27353-0.0,0.00022222222222222223,1.8715576694835806e-05,True,1.3,1.4,,27353-0.0,,
25841-0.0,0.00022222222222222223,1.8619409214855414e-05,True,0.0,0.0,,25841-0.0,,
1598-0.0,0.00022222222222222223,1.852369439741155e-05,False,24.0,16.9,,1598-0.0,,
26787-0.0,0.00022222222222222223,1.843001761466392e-05,True,1.3,1.4,,26787-0.0,,
27030-0.0,0.00022222222222222223,1.8421336340706712e-05,True,1.3,1.4,,27030-0.0,,
25261-0.0,0.00022222222222222223,1.839219725301148e-05,True,5.0,19.6,,25261-0.0,,
25414-0.0,0.00022222222222222223,1.8261054748257194e-05,True,5.0,19.6,,25414-0.0,,
25682-0.0,0.00022222222222222223,1.8108295838198526e-05,True,5.0,19.6,,25682-0.0,,
1873-0.0,0.00022222222222222223,1.798462865142809e-05,False,1.3,0.7,,1873-0.0,,
51-0.0,0.00022222222222222223,1.7940670813669706e-05,False,1.4,2.7,,51-0.0,,
1618-0.0_c0,0.00022222222222222223,1.7432098796136702e-05,False,0.0,0.0,,1618-0.0_c0,,
27059-0.0,0.00022222222222222223,1.7267274596899014e-05,True,1.3,1.4,,27059-0.0,,
1120-0.0_c2,0.00022222222222222223,1.7260411772734065e-05,False,0.0,0.0,,1120-0.0_c2,,
26863-0.0,0.00022222222222222223,1.7163247972660897e-05,True,1.3,1.4,,26863-0.0,,
26967-0.0,0.00022222222222222223,1.6830254545913352e-05,True,1.3,1.4,,26967-0.0,,
27742-0.0,0.00022222222222222223,1.653929008581952e-05,True,1.3,1.4,,27742-0.0,,
27275-0.0,0.00022222222222222223,1.652290646626982e-05,True,1.3,1.4,,27275-0.0,,
25717-0.0,0.00022222222222222223,1.6514412691157243e-05,True,5.0,19.6,,25717-0.0,,
1200-0.0_c0,0.00022222222222222223,1.5515375279277393e-05,False,0.0,0.0,,1200-0.0_c0,,
27557-0.0,0.00022222222222222223,1.55119812565077e-05,True,1.3,1.4,,27557-0.0,,
27416-0.0,0.00022222222222222223,1.5459541468825884e-05,True,1.3,1.4,,27416-0.0,,
2395-0.0_c2,0.00022222222222222223,1.4989861199810687e-05,False,0.0,0.0,,2395-0.0_c2,,
27368-0.0,0.00022222222222222223,1.4542010008167574e-05,True,1.3,1.4,,27368-0.0,,
25369-0.0,0.00022222222222222223,1.4424536091409968e-05,True,5.0,19.6,,25369-0.0,,
25864-0.0,0.00022222222222222223,1.275470655439457e-05,True,0.0,0.0,,25864-0.0,,
25267-0.0,0.00022222222222222223,1.2487331184951316e-05,True,5.0,19.6,,25267-0.0,,
27033-0.0,0.00022222222222222223,1.2360163880485093e-05,True,1.3,1.4,,27033-0.0,,
