Features,Cover,Gain,IsImaging,NA_full,NA_target,Path,Field,ValueType,Units
26641-0.0,0.00044444444444444447,0.8567605976403436,True,1.3,3.2,,26641-0.0,,
26555-0.0,0.03044444444444444,0.4624221418341773,True,1.3,3.2,,26555-0.0,,
26621-0.0,0.00022222222222222223,0.439568284619109,True,1.3,3.2,,26621-0.0,,
26643-0.0,0.015333333333333334,0.40995122932854394,True,1.3,3.2,,26643-0.0,,
25094-0.0,0.00022222222222222223,0.3849404295683467,True,5.0,27.4,,25094-0.0,,
25558-0.0,0.00022222222222222223,0.18993506224711676,True,5.0,27.4,,25558-0.0,,
26625-0.0,0.0028888888888888888,0.15211472493343225,True,1.3,3.2,,26625-0.0,,
25781-0.0,0.00022222222222222223,0.1417176590440796,True,3.0,16.1,,25781-0.0,,
25629-0.0,0.00044444444444444447,0.11831503881376372,True,5.0,27.4,,25629-0.0,,
25602-0.0,0.003777777777777778,0.10769477730904331,True,5.0,27.4,,25602-0.0,,
25087-0.0,0.002,0.09334947679958193,True,5.0,27.4,,25087-0.0,,
25656-0.0,0.024444444444444446,0.09017575189795318,True,5.0,27.4,,25656-0.0,,
27679-0.0,0.00044444444444444447,0.0832189279847087,True,1.3,3.2,,27679-0.0,,
27456-0.0,0.00022222222222222223,0.08216816739762088,True,1.3,3.2,,27456-0.0,,
25890-0.0,0.0024444444444444444,0.0771082714996962,True,0.0,0.0,,25890-0.0,,
25902-0.0,0.0011111111111111111,0.07382825708775918,True,0.0,0.0,,25902-0.0,,
25675-0.0,0.00022222222222222223,0.067635231652358,True,5.0,27.4,,25675-0.0,,
25869-0.0,0.0006666666666666668,0.06410951858862453,True,0.0,0.0,,25869-0.0,,
27473-0.0,0.014444444444444446,0.05158186566087346,True,1.3,3.2,,27473-0.0,,
27103-0.0,0.0015555555555555557,0.050363826183266194,True,1.3,3.2,,27103-0.0,,
26624-0.0,0.002,0.047781097880597645,True,1.3,3.2,,26624-0.0,,
25521-0.0,0.00022222222222222223,0.04588450741337226,True,5.0,27.4,,25521-0.0,,
25202-0.0,0.0015555555555555557,0.042393707948998965,True,5.0,27.4,,25202-0.0,,
25496-0.0,0.0011111111111111111,0.04104508513256292,True,5.0,27.4,,25496-0.0,,
25098-0.0,0.00022222222222222223,0.04101307992932393,True,5.0,27.4,,25098-0.0,,
26682-0.0,0.006666666666666666,0.040440045364696156,True,1.3,3.2,,26682-0.0,,
25666-0.0,0.0024444444444444444,0.03932449985353907,True,5.0,27.4,,25666-0.0,,
25333-0.0,0.0006666666666666668,0.038592180091238035,True,5.0,27.4,,25333-0.0,,
25245-0.0,0.00022222222222222223,0.03839836415534912,True,5.0,27.4,,25245-0.0,,
25381-0.0,0.0035555555555555557,0.03793220916253979,True,5.0,27.4,,25381-0.0,,
30210-0.0,0.0024444444444444444,0.03765459998295547,False,5.0,8.1,,30210-0.0,,
26537-0.0,0.003111111111111111,0.03708054743578417,True,1.3,3.2,,26537-0.0,,
26648-0.0,0.00022222222222222223,0.03232862746734738,True,1.3,3.2,,26648-0.0,,
26598-0.0,0.00022222222222222223,0.030258863477051146,True,1.3,3.2,,26598-0.0,,
26898-0.0,0.0013333333333333333,0.028866563871341157,True,1.3,3.2,,26898-0.0,,
30070-0.0,0.007333333333333334,0.02781159871540833,False,4.8,8.1,,30070-0.0,,
26646-0.0,0.04666666666666666,0.02399260336771423,True,1.3,3.2,,26646-0.0,,
26608-0.0,0.006222222222222223,0.02211067742665996,True,1.3,3.2,,26608-0.0,,
25522-0.0,0.0006666666666666668,0.021202624741044226,True,5.0,27.4,,25522-0.0,,
26984-0.0,0.00022222222222222223,0.021165718342289603,True,1.3,3.2,,26984-0.0,,
25513-0.0,0.00022222222222222223,0.017533272999710282,True,5.0,27.4,,25513-0.0,,
26585-0.0,0.04422222222222222,0.008160636299350878,True,1.3,3.2,,26585-0.0,,
25167-0.0,0.05466666666666667,0.00803518137567423,True,5.0,27.4,,25167-0.0,,
25552-0.0,0.060666666666666674,0.00783671271974757,True,5.0,27.4,,25552-0.0,,
26511-0.0,0.02311111111111111,0.006390618228596241,True,1.3,3.2,,26511-0.0,,
25734-0.0,0.06733333333333333,0.006317094743090906,True,0.0,0.0,,25734-0.0,,
25198-0.0,0.059555555555555556,0.006137759297561503,True,5.0,27.4,,25198-0.0,,
25866-0.0,0.052444444444444446,0.005883249831636874,True,0.0,0.0,,25866-0.0,,
1608-0.0,0.050444444444444445,0.005264469648264615,False,23.9,16.1,,1608-0.0,,
25195-0.0,0.019777777777777776,0.003932417263050206,True,5.0,27.4,,25195-0.0,,
26709-0.0,0.03733333333333333,0.0037270370174280806,True,1.3,3.2,,26709-0.0,,
27029-0.0,0.03155555555555556,0.003617772787074134,True,1.3,3.2,,27029-0.0,,
25791-0.0,0.023555555555555555,0.0029650300495342972,True,0.0,0.0,,25791-0.0,,
25811-0.0,0.018666666666666668,0.002791560868127853,True,0.0,0.0,,25811-0.0,,
26611-0.0,0.04022222222222222,0.0026877459787139272,True,1.3,3.2,,26611-0.0,,
25854-0.0,0.03733333333333333,0.0026506663001719653,True,0.0,0.0,,25854-0.0,,
25870-0.0,0.03,0.002604487008799262,True,0.0,0.0,,25870-0.0,,
27056-0.0,0.02288888888888889,0.0025929604732377693,True,1.3,3.2,,27056-0.0,,
25317-0.0,0.013333333333333334,0.0024436355526121934,True,5.0,27.4,,25317-0.0,,
30620-0.0,0.03977777777777778,0.002441022148253206,False,6.6,8.1,,30620-0.0,,
26614-0.0,0.04133333333333333,0.0024324707894588958,True,1.3,3.2,,26614-0.0,,
27100-0.0,0.02111111111111111,0.002418304361927805,True,1.3,3.2,,27100-0.0,,
1011-0.0_c1,0.016888888888888887,0.0024145685862747438,False,0.0,0.0,,1011-0.0_c1,,
25012-0.0,0.007777777777777778,0.002220195296713563,True,0.0,0.0,,25012-0.0,,
26726-0.0,0.03222222222222222,0.002188753753691397,True,1.3,3.2,,26726-0.0,,
25003-0.0,0.012,0.002137059558752785,True,0.0,0.0,,25003-0.0,,
25463-0.0,0.023555555555555552,0.0020757535324802605,True,5.0,27.4,,25463-0.0,,
26546-0.0,0.016444444444444442,0.0019592980183205655,True,1.3,3.2,,26546-0.0,,
4079-0.0,0.021555555555555553,0.0019372992926460935,False,6.1,6.5,,4079-0.0,,
25729-0.0,0.021777777777777778,0.0018923471438680966,True,5.0,27.4,,25729-0.0,,
26538-0.0,0.010222222222222223,0.001837205184152612,True,1.3,3.2,,26538-0.0,,
27678-0.0,0.006666666666666666,0.0017688757269938601,True,1.3,3.2,,27678-0.0,,
26793-0.0,0.01688888888888889,0.001752058775230022,True,1.3,3.2,,26793-0.0,,
27723-0.0,0.012444444444444444,0.001692369898351795,True,1.3,3.2,,27723-0.0,,
27460-0.0,0.02288888888888889,0.0016173131768847466,True,1.3,3.2,,27460-0.0,,
27467-0.0,0.00688888888888889,0.0015382688852838028,True,1.3,3.2,,27467-0.0,,
26924-0.0,0.019111111111111113,0.001529209436972104,True,1.3,3.2,,26924-0.0,,
30660-0.0,0.018444444444444444,0.0014594763479940363,False,19.2,17.7,,30660-0.0,,
25711-0.0,0.009555555555555555,0.0014554060548568754,True,5.0,27.4,,25711-0.0,,
25161-0.0,0.01688888888888889,0.0014122712237129575,True,5.0,27.4,,25161-0.0,,
25679-0.0,0.010222222222222223,0.0013989339300893066,True,5.0,27.4,,25679-0.0,,
1279-0.0,0.024444444444444446,0.001317056313069337,False,9.2,3.2,,1279-0.0,,
25704-0.0,0.009333333333333334,0.0013127798391142202,True,5.0,27.4,,25704-0.0,,
25218-0.0,0.010666666666666668,0.0012341894213011206,True,5.0,27.4,,25218-0.0,,
26653-0.0,0.008444444444444445,0.0012269078845734117,True,1.3,3.2,,26653-0.0,,
25926-0.0,0.023777777777777776,0.0012127156571582127,True,1.7,3.2,,25926-0.0,,
26545-0.0,0.026444444444444444,0.0012107581003621831,True,1.3,3.2,,26545-0.0,,
25028-0.0,0.021777777777777778,0.0012052233602875113,True,9.0,14.5,,25028-0.0,,
30650-0.0,0.020888888888888887,0.0012042556653593277,False,6.9,8.1,,30650-0.0,,
27624-0.0,0.008,0.0011786823629606079,True,1.3,3.2,,27624-0.0,,
25801-0.0,0.019333333333333334,0.0011633612162592114,True,0.0,0.0,,25801-0.0,,
27337-0.0,0.019555555555555555,0.0011583502704392444,True,1.3,3.2,,27337-0.0,,
27009-0.0,0.012444444444444444,0.0011581288988317339,True,1.3,3.2,,27009-0.0,,
27607-0.0,0.018666666666666668,0.0011035714884660127,True,1.3,3.2,,27607-0.0,,
27033-0.0,0.01777777777777778,0.001080040917165416,True,1.3,3.2,,27033-0.0,,
25898-0.0,0.009111111111111111,0.0010778330900960628,True,0.0,0.0,,25898-0.0,,
27596-0.0,0.015111111111111112,0.0010758339098778439,True,1.3,3.2,,27596-0.0,,
25435-0.0,0.015111111111111112,0.0010535604660690185,True,5.0,27.4,,25435-0.0,,
27508-0.0,0.01577777777777778,0.0010360121128673266,True,1.3,3.2,,27508-0.0,,
30640-0.0,0.007777777777777778,0.0009616190366593722,False,7.0,9.7,,30640-0.0,,
25786-0.0,0.012888888888888889,0.0009596431726039597,True,0.0,0.0,,25786-0.0,,
25170-0.0,0.014,0.0009237453775764276,True,5.0,27.4,,25170-0.0,,
27045-0.0,0.012888888888888889,0.0009205343432528349,True,1.3,3.2,,27045-0.0,,
25857-0.0,0.020444444444444446,0.0009138200747664573,True,0.0,0.0,,25857-0.0,,
25487-0.0,0.016,0.0008791692509721923,True,5.0,27.4,,25487-0.0,,
27177-0.0,0.014666666666666668,0.000873951940996589,True,1.3,3.2,,27177-0.0,,
26628-0.0,0.008666666666666666,0.0008721799917818598,True,1.3,3.2,,26628-0.0,,
25206-0.0,0.01511111111111111,0.0008705655217205606,True,5.0,27.4,,25206-0.0,,
1920-0.0_c1,0.009111111111111111,0.0008591458388555534,False,0.0,0.0,,1920-0.0_c1,,
27489-0.0,0.0064444444444444445,0.0008448766929564081,True,1.3,3.2,,27489-0.0,,
25125-0.0,0.003777777777777778,0.0008315656449917227,True,5.0,27.4,,25125-0.0,,
25158-0.0,0.011555555555555555,0.0008270542394688163,True,5.0,27.4,,25158-0.0,,
25889-0.0,0.007555555555555555,0.0008178789041588187,True,0.0,0.0,,25889-0.0,,
30180-0.0,0.0044444444444444444,0.0007837718100979056,False,5.0,8.1,,30180-0.0,,
26613-0.0,0.014888888888888889,0.0007764911026440695,True,1.3,3.2,,26613-0.0,,
25824-0.0,0.02088888888888889,0.0007690600289594913,True,0.0,0.0,,25824-0.0,,
25874-0.0,0.009777777777777778,0.0007637528907012987,True,0.0,0.0,,25874-0.0,,
25768-0.0,0.014666666666666666,0.0007592001643040918,True,16.7,30.6,,25768-0.0,,
27020-0.0,0.008,0.000758494896069825,True,1.3,3.2,,27020-0.0,,
26660-0.0,0.008,0.0007560266136280951,True,1.3,3.2,,26660-0.0,,
30190-0.0,0.014222222222222223,0.0007539305566933395,False,5.0,8.1,,30190-0.0,,
3637-0.0_c1,0.0071111111111111115,0.0007357117954106295,False,0.0,0.0,,3637-0.0_c1,,
26687-0.0,0.011333333333333332,0.0007329437255713814,True,1.3,3.2,,26687-0.0,,
27412-0.0,0.024444444444444442,0.0007297514713098695,True,1.3,3.2,,27412-0.0,,
26734-0.0,0.007333333333333333,0.0007265374051696483,True,1.3,3.2,,26734-0.0,,
27623-0.0,0.008444444444444444,0.000714376142316302,True,1.3,3.2,,27623-0.0,,
27319-0.0,0.003777777777777778,0.0007062499678904122,True,1.3,3.2,,27319-0.0,,
25187-0.0,0.011333333333333334,0.0006983380043689576,True,5.0,27.4,,25187-0.0,,
25821-0.0,0.013333333333333332,0.0006928050299833293,True,0.0,0.0,,25821-0.0,,
2060-0.0_c0,0.009111111111111111,0.000692549056819202,False,0.0,0.0,,2060-0.0_c0,,
30850-0.0,0.006,0.0006686386575142322,False,14.3,22.6,,30850-0.0,,
27017-0.0,0.011555555555555555,0.0006363250275715237,True,1.3,3.2,,27017-0.0,,
25809-0.0,0.016,0.0006318895285996772,True,0.0,0.0,,25809-0.0,,
27443-0.0,0.007333333333333334,0.0006315438638351857,True,1.3,3.2,,27443-0.0,,
27575-0.0,0.010444444444444444,0.0006285673478815169,True,1.3,3.2,,27575-0.0,,
26783-0.0,0.0057777777777777775,0.0006138680530161425,True,1.3,3.2,,26783-0.0,,
27769-0.0,0.018666666666666665,0.0006132940993093805,True,1.3,3.2,,27769-0.0,,
27198-0.0,0.004,0.000612642574337815,True,1.3,3.2,,27198-0.0,,
25149-0.0,0.003111111111111111,0.0006087304338836668,True,5.0,27.4,,25149-0.0,,
25623-0.0,0.004888888888888889,0.0006057289043784331,True,5.0,27.4,,25623-0.0,,
30680-0.0,0.014222222222222223,0.0006051447938326838,False,14.7,11.3,,30680-0.0,,
27641-0.0,0.01,0.000597842672517295,True,1.3,3.2,,27641-0.0,,
30110-0.0,0.007777777777777778,0.0005938959052646884,False,4.8,8.1,,30110-0.0,,
27422-0.0,0.01311111111111111,0.0005898666103282689,True,1.3,3.2,,27422-0.0,,
25871-0.0,0.006222222222222223,0.0005860523422280457,True,0.0,0.0,,25871-0.0,,
23115-0.0,0.005555555555555556,0.0005842523126044673,False,1.2,1.6,,23115-0.0,,
26523-0.0,0.008444444444444444,0.0005813723287295654,True,1.3,3.2,,26523-0.0,,
20110-0.5_pos,0.010444444444444444,0.0005810614183497315,False,0.0,0.0,,20110-0.5_pos,,
1940-0.0_c1,0.025111111111111112,0.000579554071602867,False,0.0,0.0,,1940-0.0_c1,,
27247-0.0,0.006888888888888889,0.0005758833667808895,True,1.3,3.2,,27247-0.0,,
25404-0.0,0.006,0.0005705041110805553,True,5.0,27.4,,25404-0.0,,
25725-0.0,0.006666666666666667,0.0005697492036610524,True,5.0,27.4,,25725-0.0,,
25881-0.0,0.00977777777777778,0.0005681629334408705,True,0.0,0.0,,25881-0.0,,
25694-0.0,0.006666666666666667,0.0005680160882345952,True,5.0,27.4,,25694-0.0,,
22038-0.0,0.007333333333333333,0.000565926432607296,False,16.7,25.8,,22038-0.0,,
27741-0.0,0.012888888888888889,0.0005544725115128504,True,1.3,3.2,,27741-0.0,,
23109-0.0,0.006222222222222223,0.0005528657817026445,False,1.2,1.6,,23109-0.0,,
27208-0.0,0.009555555555555555,0.0005520776304877605,True,1.3,3.2,,27208-0.0,,
26844-0.0,0.010666666666666666,0.0005519868816523054,True,1.3,3.2,,26844-0.0,,
25585-0.0,0.0057777777777777775,0.0005436668559783383,True,5.0,27.4,,25585-0.0,,
30260-0.0,0.012444444444444445,0.0005424508182484895,False,6.5,8.1,,30260-0.0,,
25690-0.0,0.014888888888888889,0.0005388149845367542,True,5.0,27.4,,25690-0.0,,
27055-0.0,0.008444444444444444,0.000537179858846327,True,1.3,3.2,,27055-0.0,,
25705-0.0,0.012444444444444444,0.0005298598034994392,True,5.0,27.4,,25705-0.0,,
30750-0.0,0.008222222222222223,0.0005169699952989094,False,7.2,11.3,,30750-0.0,,
27419-0.0,0.008666666666666666,0.000510912690015636,True,1.3,3.2,,27419-0.0,,
27561-0.0,0.007555555555555556,0.0005084251505365734,True,1.3,3.2,,27561-0.0,,
26765-0.0,0.007333333333333333,0.0005082082810417925,True,1.3,3.2,,26765-0.0,,
30700-0.0,0.013777777777777778,0.0005037517609679734,False,6.6,8.1,,30700-0.0,,
30080-0.0,0.010666666666666666,0.0004930902011326792,False,4.8,8.1,,30080-0.0,,
20023-0.0,0.014888888888888889,0.0004925638160438576,False,0.3,1.6,,20023-0.0,,
26897-0.0,0.01,0.0004916894853719463,True,1.3,3.2,,26897-0.0,,
26553-0.0,0.003111111111111111,0.0004882342444937048,True,1.3,3.2,,26553-0.0,,
27034-0.0,0.004888888888888889,0.00048649424751958997,True,1.3,3.2,,27034-0.0,,
1269-0.0,0.01177777777777778,0.0004835421485460017,False,4.9,1.6,,1269-0.0,,
25757-0.0,0.0077777777777777776,0.00048081973776302516,True,0.0,0.0,,25757-0.0,,
27480-0.0,0.010666666666666666,0.0004806191800582885,True,1.3,3.2,,27480-0.0,,
26650-0.0,0.003111111111111111,0.0004677250038500888,True,1.3,3.2,,26650-0.0,,
27336-0.0,0.006222222222222223,0.000464169005326333,True,1.3,3.2,,27336-0.0,,
25023-0.0,0.004888888888888889,0.00046364255449744547,True,0.0,0.0,,25023-0.0,,
25398-0.0,0.004888888888888889,0.00046173165297301214,True,5.0,27.4,,25398-0.0,,
25054-0.0,0.008222222222222223,0.00045560500559824023,True,16.7,30.6,,25054-0.0,,
26647-0.0,0.010666666666666668,0.0004506139094323365,True,1.3,3.2,,26647-0.0,,
27673-0.0,0.0077777777777777776,0.00044198762663069126,True,1.3,3.2,,27673-0.0,,
25792-0.0,0.006666666666666667,0.0004406662044923788,True,0.0,0.0,,25792-0.0,,
26926-0.0,0.0057777777777777775,0.00043766481812870914,True,1.3,3.2,,26926-0.0,,
27021-0.0,0.008888888888888889,0.00043581115602894067,True,1.3,3.2,,27021-0.0,,
25849-0.0,0.003333333333333333,0.0004286251702880621,True,0.0,0.0,,25849-0.0,,
25880-0.0,0.0037777777777777775,0.0004284956883251008,True,0.0,0.0,,25880-0.0,,
1329-0.0_c0,0.004888888888888889,0.00042807087277529237,False,0.0,0.0,,1329-0.0_c0,,
25029-0.0,0.0044444444444444444,0.00042783088661619504,True,9.0,14.5,,25029-0.0,,
25710-0.0,0.007555555555555556,0.0004246055529855505,True,5.0,27.4,,25710-0.0,,
27576-0.0,0.003111111111111111,0.0004244731250169667,True,1.3,3.2,,27576-0.0,,
27458-0.0,0.008666666666666666,0.00042142648973711287,True,1.3,3.2,,27458-0.0,,
27333-0.0,0.006666666666666667,0.00041906650822765934,True,1.3,3.2,,27333-0.0,,
26576-0.0,0.01,0.0004150454040555935,True,1.3,3.2,,26576-0.0,,
27314-0.0,0.003777777777777778,0.00040998602519822273,True,1.3,3.2,,27314-0.0,,
27564-0.0,0.009555555555555557,0.00040862644299402947,True,1.3,3.2,,27564-0.0,,
25839-0.0,0.011333333333333334,0.0004081238766772159,True,0.0,0.0,,25839-0.0,,
26994-0.0,0.007555555555555556,0.0004070761059374814,True,1.3,3.2,,26994-0.0,,
25788-0.0,0.0077777777777777776,0.00040570372814629076,True,0.0,0.0,,25788-0.0,,
25876-0.0,0.005111111111111111,0.00040464313397378394,True,0.0,0.0,,25876-0.0,,
25550-0.0,0.010222222222222223,0.00040271619279333426,True,5.0,27.4,,25550-0.0,,
27536-0.0,0.01111111111111111,0.0003961837267348424,True,1.3,3.2,,27536-0.0,,
26522-0.0,0.006222222222222222,0.00039445932187229347,True,1.3,3.2,,26522-0.0,,
27255-0.0,0.0064444444444444445,0.00039440062674500213,True,1.3,3.2,,27255-0.0,,
12651-0.0,0.010888888888888889,0.0003938488600611846,True,13.4,21.0,,12651-0.0,,
25462-0.0,0.008444444444444445,0.0003922473375820924,True,5.0,27.4,,25462-0.0,,
26551-0.0,0.0044444444444444444,0.0003903417803443262,True,1.3,3.2,,26551-0.0,,
30530-0.0,0.008,0.00039030598848012764,False,3.3,1.6,,30530-0.0,,
26570-0.0,0.006888888888888889,0.0003885354536063017,True,1.3,3.2,,26570-0.0,,
20010-0.0,0.011111111111111112,0.0003869390345610466,False,26.7,17.7,,20010-0.0,,
27531-0.0,0.005333333333333334,0.00038691335500011645,True,1.4,3.2,,27531-0.0,,
25207-0.0,0.006888888888888889,0.00038441164976597754,True,5.0,27.4,,25207-0.0,,
25146-0.0,0.006888888888888889,0.0003835264122180051,True,5.0,27.4,,25146-0.0,,
27388-0.0,0.007111111111111111,0.000381543462749386,True,1.3,3.2,,27388-0.0,,
25793-0.0,0.0071111111111111115,0.00037359156281132906,True,0.0,0.0,,25793-0.0,,
26554-0.0,0.006888888888888889,0.0003723371299729027,True,1.3,3.2,,26554-0.0,,
25176-0.0,0.003333333333333333,0.0003691112254339376,True,5.0,27.4,,25176-0.0,,
26730-0.0,0.008444444444444445,0.0003667283626590133,True,1.3,3.2,,26730-0.0,,
27752-0.0,0.008222222222222223,0.00036266542004917293,True,1.3,3.2,,27752-0.0,,
25709-0.0,0.0077777777777777776,0.00036040096247807774,True,5.0,27.4,,25709-0.0,,
26989-0.0,0.006888888888888888,0.0003547581568093107,True,1.3,3.2,,26989-0.0,,
1299-0.0,0.0057777777777777775,0.0003547470293818825,False,0.6,0.0,,1299-0.0,,
30520-0.0,0.01666666666666667,0.00035411656056104156,False,3.3,1.6,,30520-0.0,,
27243-0.0,0.014222222222222223,0.00035001720868832,True,1.3,3.2,,27243-0.0,,
1448-0.0_c2,0.004888888888888889,0.00034732546797053006,False,0.0,0.0,,1448-0.0_c2,,
26543-0.0,0.008666666666666666,0.00033879966884097103,True,1.3,3.2,,26543-0.0,,
27560-0.0,0.004888888888888889,0.0003376593314918475,True,1.3,3.2,,27560-0.0,,
26760-0.0,0.009555555555555555,0.0003372917290354217,True,1.3,3.2,,26760-0.0,,
30090-0.0,0.008,0.00033303349692821965,False,4.8,8.1,,30090-0.0,,
25825-0.0,0.003111111111111111,0.0003277624791750732,True,0.0,0.0,,25825-0.0,,
30840-0.0,0.009333333333333332,0.00032699010388373575,False,7.0,8.1,,30840-0.0,,
25458-0.0,0.005333333333333334,0.00032391365895102217,True,5.0,27.4,,25458-0.0,,
26965-0.0,0.005555555555555556,0.0003237414748166972,True,1.3,3.2,,26965-0.0,,
25411-0.0,0.005777777777777778,0.0003235569396872614,True,5.0,27.4,,25411-0.0,,
26688-0.0,0.006888888888888889,0.00032334781321782254,True,1.3,3.2,,26688-0.0,,
25486-0.0,0.004888888888888889,0.000323038664598926,True,5.0,27.4,,25486-0.0,,
6138-0.0_c4,0.0035555555555555557,0.0003217329011341006,False,0.0,0.0,,6138-0.0_c4,,
30830-0.0,0.006888888888888889,0.0003157865791361345,False,15.5,11.3,,30830-0.0,,
26681-0.0,0.006,0.0003148764861756794,True,1.3,3.2,,26681-0.0,,
25732-0.0,0.006222222222222222,0.000314701663403819,True,0.0,0.0,,25732-0.0,,
26752-0.0,0.0071111111111111115,0.00031380603245401693,True,1.3,3.2,,26752-0.0,,
25794-0.0,0.007333333333333333,0.0003109375727434826,True,0.0,0.0,,25794-0.0,,
27358-0.0,0.003333333333333333,0.0003103849700515089,True,1.3,3.2,,27358-0.0,,
25380-0.0,0.0064444444444444445,0.00030911194008025175,True,5.0,27.4,,25380-0.0,,
27182-0.0,0.006222222222222223,0.0003076049704789143,True,1.3,3.2,,27182-0.0,,
3063-0.0,0.005555555555555556,0.00030289716495748853,False,7.7,21.0,,3063-0.0,,
27693-0.0,0.010222222222222223,0.0003023471456162283,True,1.3,3.2,,27693-0.0,,
25718-0.0,0.003111111111111111,0.0003012509597698864,True,5.0,27.4,,25718-0.0,,
26558-0.0,0.008222222222222223,0.00029515228814327185,True,1.3,3.2,,26558-0.0,,
25758-0.0,0.0035555555555555557,0.0002943402128514454,True,0.0,0.0,,25758-0.0,,
30670-0.0,0.003777777777777778,0.00029409983364007156,False,6.6,8.1,,30670-0.0,,
25503-0.0,0.0031111111111111114,0.00029165677404123096,True,5.0,27.4,,25503-0.0,,
26865-0.0,0.005777777777777778,0.00029122589107263326,True,1.3,3.2,,26865-0.0,,
25724-0.0,0.0057777777777777775,0.00028743623398843097,True,5.0,27.4,,25724-0.0,,
27249-0.0,0.005555555555555557,0.000287341474658963,True,1.3,3.2,,27249-0.0,,
27712-0.0,0.0028888888888888888,0.0002864694492762865,True,1.3,3.2,,27712-0.0,,
1568-0.0,0.006666666666666666,0.00028587147496193387,False,24.0,16.1,,1568-0.0,,
1498-0.0,0.0026666666666666666,0.00028441968241524335,False,0.1,0.0,,1498-0.0,,
27212-0.0,0.013333333333333332,0.0002831806309577819,True,1.3,3.2,,27212-0.0,,
25415-0.0,0.004222222222222223,0.00028093485136692465,True,5.0,27.4,,25415-0.0,,
26589-0.0,0.0017777777777777779,0.0002792989686656258,True,1.3,3.2,,26589-0.0,,
27705-0.0,0.003111111111111111,0.00027766763979638134,True,1.3,3.2,,27705-0.0,,
25020-0.0,0.008888888888888889,0.0002763496058980954,True,0.0,0.0,,25020-0.0,,
26978-0.0,0.006666666666666666,0.0002763027398179115,True,1.3,3.2,,26978-0.0,,
25011-0.0,0.004,0.00027379076050399717,True,0.0,0.0,,25011-0.0,,
25160-0.0,0.0064444444444444445,0.00027348757160356146,True,5.0,27.4,,25160-0.0,,
26837-0.0,0.009111111111111111,0.00026959834507677983,True,1.3,3.2,,26837-0.0,,
26936-0.0,0.004666666666666667,0.0002684610423064893,True,1.3,3.2,,26936-0.0,,
3062-0.0,0.006444444444444445,0.0002628810976604711,False,7.7,21.0,,3062-0.0,,
26615-0.0,0.004,0.00026228118239425894,True,1.3,3.2,,26615-0.0,,
26971-0.0,0.013777777777777778,0.00026087768131225636,True,1.3,3.2,,26971-0.0,,
27293-0.0,0.0035555555555555557,0.0002591442971032817,True,1.3,3.2,,27293-0.0,,
25723-0.0,0.003777777777777778,0.00025724343509759884,True,5.0,27.4,,25723-0.0,,
26970-0.0,0.0033333333333333335,0.000256035015751669,True,1.3,3.2,,26970-0.0,,
25138-0.0,0.004666666666666666,0.0002548740071580301,True,5.0,27.4,,25138-0.0,,
25447-0.0,0.005555555555555556,0.00025285619364747407,True,5.0,27.4,,25447-0.0,,
27707-0.0,0.0044444444444444444,0.00025099653706030765,True,1.3,3.2,,27707-0.0,,
26547-0.0,0.00488888888888889,0.00025064978163959477,True,1.3,3.2,,26547-0.0,,
27011-0.0,0.005555555555555556,0.0002495285007956273,True,1.3,3.2,,27011-0.0,,
30120-0.0,0.00888888888888889,0.0002488034594382164,False,5.0,8.1,,30120-0.0,,
27768-0.0,0.010222222222222223,0.0002488013163969608,True,1.3,3.2,,27768-0.0,,
25689-0.0,0.006888888888888889,0.00024809167737565923,True,5.0,27.4,,25689-0.0,,
27137-0.0,0.004666666666666667,0.0002473553852101296,True,1.3,3.2,,27137-0.0,,
27027-0.0,0.007111111111111111,0.00024697065145898013,True,1.3,3.2,,27027-0.0,,
27390-0.0,0.009777777777777778,0.0002455761922568501,True,1.3,3.2,,27390-0.0,,
25812-0.0,0.0044444444444444444,0.0002450608975667508,True,0.0,0.0,,25812-0.0,,
27490-0.0,0.008,0.0002444090078471198,True,1.3,3.2,,27490-0.0,,
30280-0.0,0.008444444444444445,0.00023741526277593728,False,6.5,8.1,,30280-0.0,,
25742-0.0,0.0015555555555555555,0.00023726241683824265,True,16.7,30.6,,25742-0.0,,
25745-0.0,0.0026666666666666666,0.00023583011749999728,True,16.7,30.6,,25745-0.0,,
25490-0.0,0.004888888888888889,0.00023423464893270433,True,5.0,27.4,,25490-0.0,,
25013-0.0,0.004222222222222223,0.00023355861043660093,True,0.0,0.0,,25013-0.0,,
27594-0.0,0.005111111111111111,0.00023303614317659064,True,1.3,3.2,,27594-0.0,,
26603-0.0,0.009555555555555557,0.0002328550327690072,True,1.3,3.2,,26603-0.0,,
25001-0.0,0.0033333333333333335,0.00023197457731793732,True,0.0,0.0,,25001-0.0,,
27274-0.0,0.004888888888888889,0.0002281168893087182,True,1.3,3.2,,27274-0.0,,
27666-0.0,0.008888888888888889,0.00022772307580093862,True,1.3,3.2,,27666-0.0,,
20110-0.11_pos,0.011555555555555555,0.00022714603878423652,False,0.0,0.0,,20110-0.11_pos,,
27585-0.0,0.0037777777777777775,0.000225973729282725,True,1.3,3.2,,27585-0.0,,
26741-0.0,0.004666666666666666,0.00022533913886585715,True,1.3,3.2,,26741-0.0,,
25236-0.0,0.006222222222222223,0.00022443926194796207,True,5.0,27.4,,25236-0.0,,
25721-0.0,0.0033333333333333335,0.00022293008679668733,True,5.0,27.4,,25721-0.0,,
26718-0.0,0.006,0.00022242788967720382,True,1.3,3.2,,26718-0.0,,
27146-0.0,0.005333333333333333,0.0002204062834904807,True,1.3,3.2,,27146-0.0,,
27161-0.0,0.0044444444444444444,0.00021930569692455283,True,1.3,3.2,,27161-0.0,,
30040-0.0,0.007333333333333333,0.00021860291434634517,False,4.8,8.1,,30040-0.0,,
25787-0.0,0.006,0.00021808013896865988,True,0.0,0.0,,25787-0.0,,
27305-0.0,0.009111111111111111,0.00021753003274272085,True,1.3,3.2,,27305-0.0,,
26976-0.0,0.0044444444444444444,0.00021317505648131406,True,1.3,3.2,,26976-0.0,,
27669-0.0,0.0028888888888888888,0.00021120387117805673,True,1.3,3.2,,27669-0.0,,
1478-0.0_c2,0.006888888888888889,0.00021109440147540015,False,0.0,0.0,,1478-0.0_c2,,
26767-0.0,0.005555555555555556,0.0002106975496375889,True,1.3,3.2,,26767-0.0,,
25141-0.0,0.0044444444444444444,0.0002105887598035596,True,5.0,27.4,,25141-0.0,,
400-0.0,0.0022222222222222222,0.0002096248388836884,False,2.1,9.7,,400-0.0,,
25708-0.0,0.003111111111111111,0.00020888747599014245,True,5.0,27.4,,25708-0.0,,
25015-0.0,0.005333333333333334,0.00020877088637167036,True,0.0,0.0,,25015-0.0,,
25533-0.0,0.003777777777777778,0.00020558150819163806,True,5.0,27.4,,25533-0.0,,
25807-0.0,0.006222222222222222,0.0002035529372301719,True,0.0,0.0,,25807-0.0,,
25034-0.0,0.007111111111111111,0.0002034504130095124,True,9.0,14.5,,25034-0.0,,
26703-0.0,0.004666666666666667,0.00020151584200876817,True,1.3,3.2,,26703-0.0,,
22039-0.0,0.006222222222222222,0.00019821429524161902,False,16.7,25.8,,22039-0.0,,
27578-0.0,0.004888888888888889,0.00019787317653125987,True,1.3,3.2,,27578-0.0,,
25855-0.0,0.005111111111111111,0.00019780025677717972,True,0.0,0.0,,25855-0.0,,
25446-0.0,0.009555555555555557,0.00019642884896452852,True,5.0,27.4,,25446-0.0,,
27608-0.0,0.0044444444444444444,0.000193745918104088,True,1.3,3.2,,27608-0.0,,
1120-0.0_c1,0.003111111111111111,0.00019121020880380208,False,0.0,0.0,,1120-0.0_c1,,
27680-0.0,0.0024444444444444444,0.0001886931980821727,True,1.3,3.2,,27680-0.0,,
26604-0.0,0.006888888888888889,0.0001884155381545618,True,1.3,3.2,,26604-0.0,,
25424-0.0,0.0024444444444444444,0.00018417801492767272,True,5.0,27.4,,25424-0.0,,
25241-0.0,0.003111111111111111,0.00018386906675093464,True,5.0,27.4,,25241-0.0,,
27590-0.0,0.002666666666666667,0.0001834900321000878,True,1.4,3.2,,27590-0.0,,
2395-0.0_c3,0.0011111111111111111,0.00018281704629731615,False,0.0,0.0,,2395-0.0_c3,,
27089-0.0,0.0057777777777777775,0.00018257521734904526,True,1.3,3.2,,27089-0.0,,
25168-0.0,0.0028888888888888888,0.00018088616203054418,True,5.0,27.4,,25168-0.0,,
26542-0.0,0.004222222222222222,0.00017949291924427714,True,1.3,3.2,,26542-0.0,,
25199-0.0,0.0008888888888888889,0.00017885656715721794,True,5.0,27.4,,25199-0.0,,
27078-0.0,0.0035555555555555557,0.0001787760352505316,True,1.3,3.2,,27078-0.0,,
27262-0.0,0.004888888888888889,0.0001787265974018744,True,1.3,3.2,,27262-0.0,,
25838-0.0,0.006222222222222223,0.00017867195377109225,True,0.0,0.0,,25838-0.0,,
26656-0.0,0.0022222222222222222,0.0001786095470109477,True,1.3,3.2,,26656-0.0,,
25309-0.0,0.0035555555555555557,0.00017799497558598488,True,5.0,27.4,,25309-0.0,,
25826-0.0,0.004,0.0001773918186346517,True,0.0,0.0,,25826-0.0,,
27071-0.0,0.005555555555555556,0.00017691620191291442,True,1.3,3.2,,27071-0.0,,
25341-0.0,0.005777777777777778,0.0001756950503486034,True,5.0,27.4,,25341-0.0,,
25905-0.0,0.0071111111111111115,0.00017540869143423823,True,0.0,0.0,,25905-0.0,,
27647-0.0,0.005111111111111111,0.00017345329032680934,True,1.3,3.2,,27647-0.0,,
27230-0.0,0.0035555555555555557,0.00017227894842888165,True,1.3,3.2,,27230-0.0,,
25852-0.0,0.0017777777777777779,0.00017216730315349667,True,0.0,0.0,,25852-0.0,,
27739-0.0,0.004666666666666667,0.0001705456726854377,True,1.3,3.2,,27739-0.0,,
2257-0.0_c1,0.008222222222222221,0.000168964615890058,False,0.0,0.0,,2257-0.0_c1,,
27047-0.0,0.004222222222222223,0.00016671964085557348,True,1.3,3.2,,27047-0.0,,
26708-0.0,0.0022222222222222222,0.0001659583552279976,True,1.3,3.2,,26708-0.0,,
25917-0.0,0.008666666666666666,0.00016562923700796453,True,0.0,0.0,,25917-0.0,,
129-0.0,0.01,0.00016514036093433663,False,9.0,14.5,,129-0.0,,
25850-0.0,0.004444444444444445,0.00016452265898111616,True,0.0,0.0,,25850-0.0,,
26724-0.0,0.0031111111111111114,0.00016439409590052602,True,1.3,3.2,,26724-0.0,,
26586-0.0,0.009555555555555557,0.00016326725280368045,True,1.3,3.2,,26586-0.0,,
27004-0.0,0.007333333333333333,0.00016270794567277782,True,1.3,3.2,,27004-0.0,,
26510-0.0,0.002,0.00016204947893313083,True,1.3,3.2,,26510-0.0,,
27485-0.0,0.0024444444444444444,0.00016033093442392634,True,1.3,3.2,,27485-0.0,,
25808-0.0,0.0037777777777777775,0.0001600817013306843,True,0.0,0.0,,25808-0.0,,
27104-0.0,0.005555555555555556,0.000159079601560159,True,1.3,3.2,,27104-0.0,,
26717-0.0,0.004,0.00015883558923875172,True,1.3,3.2,,26717-0.0,,
25438-0.0,0.007333333333333334,0.00015883544843677466,True,5.0,27.4,,25438-0.0,,
26566-0.0,0.008888888888888889,0.00015828083504948736,True,1.3,3.2,,26566-0.0,,
27024-0.0,0.0077777777777777776,0.0001577672730136004,True,1.3,3.2,,27024-0.0,,
25272-0.0,0.0017777777777777776,0.0001556155718548099,True,5.0,27.4,,25272-0.0,,
25559-0.0,0.0022222222222222222,0.0001547673710255816,True,5.0,27.4,,25559-0.0,,
26963-0.0,0.006,0.00015468291242205662,True,1.3,3.2,,26963-0.0,,
27355-0.0,0.006222222222222223,0.00015298023096575603,True,1.3,3.2,,27355-0.0,,
27424-0.0,0.005111111111111111,0.00015186753489227712,True,1.3,3.2,,27424-0.0,,
25579-0.0,0.0015555555555555555,0.00015035142039598144,True,5.0,27.4,,25579-0.0,,
25082-0.0,0.006888888888888889,0.00015015911403525755,True,5.0,27.4,,25082-0.0,,
27425-0.0,0.0035555555555555557,0.00014969864728716438,True,1.3,3.2,,27425-0.0,,
25617-0.0,0.0028888888888888888,0.00014951870418104682,True,5.0,27.4,,25617-0.0,,
27181-0.0,0.0028888888888888888,0.00014921726999838448,True,1.3,3.2,,27181-0.0,,
47-0.0,0.0028888888888888888,0.00014917803018348503,False,0.3,0.0,,47-0.0,,
30140-0.0,0.007333333333333334,0.0001490360089065524,False,5.0,8.1,,30140-0.0,,
27513-0.0,0.006,0.0001488528179046591,True,1.3,3.2,,27513-0.0,,
27724-0.0,0.0013333333333333333,0.00014878851370178674,True,1.3,3.2,,27724-0.0,,
25612-0.0,0.005333333333333333,0.00014830139541140527,True,5.0,27.4,,25612-0.0,,
25489-0.0,0.010444444444444445,0.00014770968963295926,True,5.0,27.4,,25489-0.0,,
26928-0.0,0.0035555555555555557,0.00014757827248668872,True,1.3,3.2,,26928-0.0,,
27423-0.0,0.0015555555555555555,0.0001461139616658008,True,1.3,3.2,,27423-0.0,,
27132-0.0,0.0013333333333333335,0.00014485713770084977,True,1.3,3.2,,27132-0.0,,
6142-0.5_pos,0.0044444444444444444,0.00014472207394814924,False,0.0,0.0,,6142-0.5_pos,,
2060-0.0_c1,0.0008888888888888889,0.00014440879285664747,False,0.0,0.0,,2060-0.0_c1,,
27457-0.0,0.0037777777777777775,0.00014429451162849507,True,1.4,3.2,,27457-0.0,,
25153-0.0,0.0013333333333333335,0.00014409406708892694,True,5.0,27.4,,25153-0.0,,
30510-0.0,0.005111111111111111,0.00014398452755481718,False,3.1,1.6,,30510-0.0,,
27441-0.0,0.0037777777777777775,0.0001425097440749523,True,1.3,3.2,,27441-0.0,,
26912-0.0,0.0015555555555555557,0.000142012580175822,True,1.3,3.2,,26912-0.0,,
25410-0.0,0.0035555555555555557,0.0001409041856098922,True,5.0,27.4,,25410-0.0,,
403-0.0,0.0024444444444444444,0.0001407174672028273,False,1.4,6.5,,403-0.0,,
30790-0.0,0.005333333333333333,0.00014066281365441316,False,24.9,41.9,,30790-0.0,,
25910-0.0,0.0026666666666666666,0.0001405998834196906,True,0.0,0.0,,25910-0.0,,
26666-0.0,0.0037777777777777775,0.0001403246929414694,True,1.3,3.2,,26666-0.0,,
26906-0.0,0.004,0.00013983098650087737,True,1.3,3.2,,26906-0.0,,
27317-0.0,0.007555555555555555,0.00013927640219084584,True,1.3,3.2,,27317-0.0,,
26531-0.0,0.003111111111111111,0.00013852843538177226,True,1.3,3.2,,26531-0.0,,
25478-0.0,0.005555555555555556,0.00013766605331597202,True,5.0,27.4,,25478-0.0,,
34-0.0,0.005333333333333333,0.000137149992616482,False,0.0,0.0,,34-0.0,,
27446-0.0,0.0024444444444444444,0.00013684779680450435,True,1.3,3.2,,27446-0.0,,
27538-0.0,0.004,0.0001363260984992882,True,1.3,3.2,,27538-0.0,,
25048-0.0,0.0028888888888888888,0.00013629953486945332,True,16.7,30.6,,25048-0.0,,
3064-0.0,0.0035555555555555557,0.00013519275787535995,False,7.7,21.0,,3064-0.0,,
27383-0.0,0.006222222222222223,0.00013473479376143642,True,1.4,3.2,,27383-0.0,,
2267-0.0_c1,0.0008888888888888889,0.00013438448152017265,False,0.0,0.0,,2267-0.0_c1,,
25185-0.0,0.0015555555555555555,0.00013416992941573462,True,5.0,27.4,,25185-0.0,,
25179-0.0,0.005111111111111111,0.00013395702940400693,True,5.0,27.4,,25179-0.0,,
25576-0.0,0.003111111111111111,0.00013375822173977996,True,5.0,27.4,,25576-0.0,,
27162-0.0,0.003111111111111111,0.00013334843078378339,True,1.3,3.2,,27162-0.0,,
6145-0.1_pos,0.0026666666666666666,0.00013327069733142552,False,0.0,0.0,,6145-0.1_pos,,
25638-0.0,0.0011111111111111111,0.00013198041900025977,True,5.0,27.4,,25638-0.0,,
25474-0.0,0.0028888888888888888,0.0001318774177904946,True,5.0,27.4,,25474-0.0,,
25844-0.0,0.008444444444444445,0.00013154334585617825,True,0.0,0.0,,25844-0.0,,
25471-0.0,0.0026666666666666666,0.00013146627775921475,True,5.0,27.4,,25471-0.0,,
2247-0.0_c1,0.0024444444444444444,0.0001311229673064126,False,0.0,0.0,,2247-0.0_c1,,
25553-0.0,0.0013333333333333333,0.00013057350741055217,True,5.0,27.4,,25553-0.0,,
26539-0.0,0.0035555555555555553,0.00013027774727451471,True,1.3,3.2,,26539-0.0,,
26706-0.0,0.006222222222222223,0.0001299837098200262,True,1.3,3.2,,26706-0.0,,
25614-0.0,0.0044444444444444444,0.00012952155746528193,True,5.0,27.4,,25614-0.0,,
25799-0.0,0.003111111111111111,0.00012948774837043028,True,0.0,0.0,,25799-0.0,,
27524-0.0,0.005777777777777778,0.0001286369500232172,True,1.3,3.2,,27524-0.0,,
25696-0.0,0.0024444444444444444,0.0001276482135285059,True,5.0,27.4,,25696-0.0,,
26812-0.0,0.003777777777777778,0.00012746896074600957,True,1.3,3.2,,26812-0.0,,
27697-0.0,0.0017777777777777779,0.00012741429279752932,True,1.3,3.2,,27697-0.0,,
27738-0.0,0.003111111111111111,0.00012644951893383698,True,1.4,3.2,,27738-0.0,,
27246-0.0,0.0008888888888888889,0.00012619189815832625,True,1.3,3.2,,27246-0.0,,
25622-0.0,0.003111111111111111,0.00012409739175521693,True,5.0,27.4,,25622-0.0,,
30610-0.0,0.003111111111111111,0.00012403768178216715,False,6.5,8.1,,30610-0.0,,
25735-0.0,0.005333333333333333,0.00012369676798481126,True,0.0,0.0,,25735-0.0,,
27026-0.0,0.005111111111111112,0.00012271253258723728,True,1.3,3.2,,27026-0.0,,
25741-0.0,0.0044444444444444444,0.00012170145195945274,True,4.1,14.5,,25741-0.0,,
27684-0.0,0.0044444444444444444,0.00012165758329293297,True,1.3,3.2,,27684-0.0,,
6179-0.0_pos,0.003111111111111111,0.00012111018088702232,False,0.0,0.0,,6179-0.0_pos,,
27174-0.0,0.004,0.00012058124933848598,True,1.3,3.2,,27174-0.0,,
25716-0.0,0.0033333333333333335,0.00012050242655670889,True,5.0,27.4,,25716-0.0,,
25712-0.0,0.0035555555555555557,0.00012040920656444318,True,5.0,27.4,,25712-0.0,,
25040-0.0,0.003111111111111111,0.00011986974129789469,True,16.7,30.6,,25040-0.0,,
25340-0.0,0.002666666666666667,0.00011930671387534393,True,5.0,27.4,,25340-0.0,,
27091-0.0,0.0024444444444444444,0.0001190611098040576,True,1.3,3.2,,27091-0.0,,
25564-0.0,0.0033333333333333335,0.00011890153027307239,True,5.0,27.4,,25564-0.0,,
25928-0.0,0.006888888888888889,0.0001188651640017406,True,3.2,9.7,,25928-0.0,,
27653-0.0,0.006222222222222222,0.0001186075495731929,True,1.3,3.2,,27653-0.0,,
26658-0.0,0.003333333333333333,0.00011825226400377637,True,1.3,3.2,,26658-0.0,,
30100-0.0,0.004,0.00011824630727148592,False,4.8,8.1,,30100-0.0,,
27379-0.0,0.0035555555555555557,0.00011719907780842173,True,1.3,3.2,,27379-0.0,,
25731-0.0,0.0028888888888888888,0.00011677291075263802,True,0.0,0.0,,25731-0.0,,
25698-0.0,0.006,0.0001167246040424198,True,5.0,27.4,,25698-0.0,,
25798-0.0,0.002,0.00011652541943074263,True,0.0,0.0,,25798-0.0,,
27154-0.0,0.0026666666666666666,0.00011584657337255,True,1.3,3.2,,27154-0.0,,
26670-0.0,0.005777777777777778,0.00011525423132359588,True,1.3,3.2,,26670-0.0,,
25208-0.0,0.0024444444444444444,0.00011517472967150131,True,5.0,27.4,,25208-0.0,,
25166-0.0,0.0024444444444444444,0.00011471864758762303,True,5.0,27.4,,25166-0.0,,
20011-0.0,0.0044444444444444444,0.0001138020015612359,False,26.7,17.7,,20011-0.0,,
30130-0.0,0.0037777777777777775,0.00011342179510558615,False,5.0,8.1,,30130-0.0,,
25495-0.0,0.0011111111111111111,0.00011126900309186697,True,5.0,27.4,,25495-0.0,,
26890-0.0,0.007555555555555555,0.0001103109343290769,True,1.3,3.2,,26890-0.0,,
1538-0.0_c0,0.0015555555555555555,0.00011006727529948552,False,0.0,0.0,,1538-0.0_c0,,
27257-0.0,0.003333333333333333,0.00010964565451539995,True,1.3,3.2,,27257-0.0,,
26705-0.0,0.004,0.00010873935295965978,True,1.3,3.2,,26705-0.0,,
26991-0.0,0.0015555555555555555,0.00010825893578691499,True,1.3,3.2,,26991-0.0,,
25797-0.0,0.004666666666666666,0.0001081508800453344,True,0.0,0.0,,25797-0.0,,
25225-0.0,0.0026666666666666666,0.00010738578006890003,True,5.0,27.4,,25225-0.0,,
27073-0.0,0.0024444444444444444,0.00010725182224419995,True,1.3,3.2,,27073-0.0,,
25004-0.0,0.0015555555555555555,0.00010615479544129821,True,0.0,0.0,,25004-0.0,,
25030-0.0,0.004,0.0001057494161083196,True,9.0,14.5,,25030-0.0,,
25445-0.0,0.0035555555555555557,0.00010513977134279928,True,5.0,27.4,,25445-0.0,,
25789-0.0,0.004666666666666667,0.00010494356274881845,True,0.0,0.0,,25789-0.0,,
25374-0.0,0.00044444444444444447,0.00010445502879901325,True,5.0,27.4,,25374-0.0,,
23104-0.0,0.0013333333333333333,0.0001043005753389348,False,1.2,1.6,,23104-0.0,,
25822-0.0,0.0028888888888888888,0.00010399653157957962,True,0.0,0.0,,25822-0.0,,
26914-0.0,0.002,0.00010366517677157904,True,1.3,3.2,,26914-0.0,,
27528-0.0,0.005555555555555556,0.0001035732848749577,True,1.3,3.2,,27528-0.0,,
25427-0.0,0.003777777777777778,0.00010263202166403941,True,5.0,27.4,,25427-0.0,,
1717-0.0_c1,0.0015555555555555555,0.00010201414207136127,False,0.0,0.0,,1717-0.0_c1,,
26745-0.0,0.002,0.00010199095661537463,True,1.3,3.2,,26745-0.0,,
3526-0.0,0.003777777777777778,0.00010025909229580087,False,47.9,17.7,,3526-0.0,,
27127-0.0,0.004888888888888889,0.00010010878975827103,True,1.3,3.2,,27127-0.0,,
25193-0.0,0.0026666666666666666,9.97103765110888e-05,True,5.0,27.4,,25193-0.0,,
27611-0.0,0.005777777777777778,9.94829131157593e-05,True,1.3,3.2,,27611-0.0,,
25743-0.0,0.003777777777777778,9.900929930521393e-05,True,4.1,14.5,,25743-0.0,,
25927-0.0,0.006222222222222223,9.873923951505567e-05,True,8.1,11.3,,25927-0.0,,
26932-0.0,0.0024444444444444444,9.868133679149076e-05,True,1.3,3.2,,26932-0.0,,
27609-0.0,0.003777777777777778,9.866074332440118e-05,True,1.3,3.2,,27609-0.0,,
26413-0.0,0.005555555555555556,9.81670726632995e-05,False,8.8,4.8,,26413-0.0,,
26973-0.0,0.0022222222222222222,9.80226129068681e-05,True,1.3,3.2,,26973-0.0,,
25031-0.0,0.004,9.78341608349156e-05,True,9.0,14.5,,25031-0.0,,
27523-0.0,0.0017777777777777779,9.698894678568902e-05,True,1.3,3.2,,27523-0.0,,
20107-0.6_pos,0.0057777777777777775,9.684357090414616e-05,False,0.0,0.0,,20107-0.6_pos,,
25744-0.0,0.005333333333333333,9.659202872867692e-05,True,4.1,14.5,,25744-0.0,,
27301-0.0,0.0044444444444444444,9.657146503201948e-05,True,1.3,3.2,,27301-0.0,,
25488-0.0,0.0028888888888888888,9.654355589297914e-05,True,5.0,27.4,,25488-0.0,,
20022-0.0,0.0035555555555555557,9.622444540488983e-05,False,40.1,61.3,,20022-0.0,,
23108-0.0,0.0037777777777777775,9.528269180792166e-05,False,1.2,1.6,,23108-0.0,,
27765-0.0,0.0077777777777777776,9.479419101166565e-05,True,1.3,3.2,,27765-0.0,,
25586-0.0,0.0044444444444444444,9.457859139383665e-05,True,5.0,27.4,,25586-0.0,,
27368-0.0,0.0035555555555555553,9.438423632229719e-05,True,1.3,3.2,,27368-0.0,,
1960-0.0_c1,0.0015555555555555555,9.350842664043274e-05,False,0.0,0.0,,1960-0.0_c1,,
25569-0.0,0.0037777777777777775,9.336738538420492e-05,True,5.0,27.4,,25569-0.0,,
27681-0.0,0.004222222222222223,9.332371847649979e-05,True,1.3,3.2,,27681-0.0,,
27239-0.0,0.0022222222222222222,9.309261481315015e-05,True,1.3,3.2,,27239-0.0,,
27169-0.0,0.002,9.278287620631092e-05,True,1.3,3.2,,27169-0.0,,
26884-0.0,0.0017777777777777779,9.270111659440921e-05,True,1.3,3.2,,26884-0.0,,
30200-0.0,0.0024444444444444444,9.202506087270277e-05,False,5.0,8.1,,30200-0.0,,
27589-0.0,0.0026666666666666666,9.202052892669219e-05,True,1.3,3.2,,27589-0.0,,
27083-0.0,0.0017777777777777779,9.131176710851903e-05,True,1.3,3.2,,27083-0.0,,
26867-0.0,0.0015555555555555555,9.119487162075426e-05,True,1.3,3.2,,26867-0.0,,
25027-0.0,0.0037777777777777775,9.111956678188636e-05,True,9.0,14.5,,25027-0.0,,
27620-0.0,0.004,9.087182710495457e-05,True,1.3,3.2,,27620-0.0,,
46-0.0,0.003111111111111111,9.061678173729054e-05,False,0.3,0.0,,46-0.0,,
4080-0.0,0.0037777777777777783,8.995410219940631e-05,False,6.1,6.5,,4080-0.0,,
27621-0.0,0.0044444444444444444,8.971952152829145e-05,True,1.3,3.2,,27621-0.0,,
27108-0.0,0.0024444444444444444,8.934910513985232e-05,True,1.3,3.2,,27108-0.0,,
27558-0.0,0.0024444444444444444,8.918395166796801e-05,True,1.3,3.2,,27558-0.0,,
26925-0.0,0.002,8.875991092036241e-05,True,1.3,3.2,,26925-0.0,,
27150-0.0,0.0035555555555555557,8.808144131044497e-05,True,1.3,3.2,,27150-0.0,,
27583-0.0,0.004222222222222223,8.780126390739576e-05,True,1.3,3.2,,27583-0.0,,
26879-0.0,0.004666666666666667,8.76169981943272e-05,True,1.3,3.2,,26879-0.0,,
26997-0.0,0.0022222222222222222,8.712111911308087e-05,True,1.3,3.2,,26997-0.0,,
27402-0.0,0.0026666666666666666,8.703807056092076e-05,True,1.3,3.2,,27402-0.0,,
25820-0.0,0.004222222222222223,8.690599662209832e-05,True,0.0,0.0,,25820-0.0,,
26823-0.0,0.0013333333333333333,8.664855288728412e-05,True,1.3,3.2,,26823-0.0,,
1807-0.0,0.003111111111111111,8.639315465491145e-05,False,30.4,11.3,,1807-0.0,,
26693-0.0,0.002,8.61379100049962e-05,True,1.3,3.2,,26693-0.0,,
27069-0.0,0.0013333333333333333,8.588370669056646e-05,True,1.3,3.2,,27069-0.0,,
26864-0.0,0.0028888888888888888,8.50322680891307e-05,True,1.3,3.2,,26864-0.0,,
2139-0.0,0.0013333333333333333,8.492560517040075e-05,False,7.4,6.5,,2139-0.0,,
27270-0.0,0.004222222222222222,8.477806583539315e-05,True,1.3,3.2,,27270-0.0,,
6142-0.1_pos,0.0024444444444444444,8.471369150583439e-05,False,0.0,0.0,,6142-0.1_pos,,
27128-0.0,0.004222222222222223,8.467352437195006e-05,True,1.3,3.2,,27128-0.0,,
27166-0.0,0.004,8.237707173086327e-05,True,1.3,3.2,,27166-0.0,,
25830-0.0,0.0037777777777777775,8.220427642421658e-05,True,0.0,0.0,,25830-0.0,,
27462-0.0,0.0024444444444444444,8.176151832694458e-05,True,1.3,3.2,,27462-0.0,,
25063-0.0,0.0028888888888888888,8.104823512461036e-05,True,5.0,27.4,,25063-0.0,,
26919-0.0,0.0022222222222222222,8.065510223324333e-05,True,1.3,3.2,,26919-0.0,,
26533-0.0,0.0044444444444444444,8.005460251224857e-05,True,1.3,3.2,,26533-0.0,,
92-0.0,0.0022222222222222222,7.926109982120673e-05,False,26.7,17.7,,92-0.0,,
25678-0.0,0.004,7.91717862568082e-05,True,5.0,27.4,,25678-0.0,,
25627-0.0,0.003111111111111111,7.83527529040159e-05,True,5.0,27.4,,25627-0.0,,
25475-0.0,0.0022222222222222222,7.786583680375533e-05,True,5.0,27.4,,25475-0.0,,
27449-0.0,0.0035555555555555557,7.677847876519565e-05,True,1.3,3.2,,27449-0.0,,
26556-0.0,0.002666666666666667,7.652958817201076e-05,True,1.3,3.2,,26556-0.0,,
27429-0.0,0.0044444444444444444,7.648788728151069e-05,True,1.3,3.2,,27429-0.0,,
25877-0.0,0.0017777777777777776,7.635052262307909e-05,True,0.0,0.0,,25877-0.0,,
27464-0.0,0.0015555555555555555,7.614337693109759e-05,True,1.3,3.2,,27464-0.0,,
25904-0.0,0.0015555555555555557,7.584954975770355e-05,True,0.0,0.0,,25904-0.0,,
25764-0.0,0.0035555555555555553,7.568889249793143e-05,True,16.7,30.6,,25764-0.0,,
27349-0.0,0.003333333333333333,7.55742194442024e-05,True,1.3,3.2,,27349-0.0,,
25181-0.0,0.0026666666666666666,7.521743354506836e-05,True,5.0,27.4,,25181-0.0,,
25717-0.0,0.0035555555555555557,7.509624381454874e-05,True,5.0,27.4,,25717-0.0,,
27298-0.0,0.00044444444444444447,7.495875105204426e-05,True,1.3,3.2,,27298-0.0,,
27573-0.0,0.003111111111111111,7.469872579715615e-05,True,1.3,3.2,,27573-0.0,,
20127-0.0,0.0037777777777777775,7.460655451691934e-05,False,15.9,27.4,,20127-0.0,,
30050-0.0,0.0044444444444444444,7.451748333534117e-05,False,4.8,8.1,,30050-0.0,,
21003-0.0,0.003333333333333333,7.430824380251201e-05,False,0.0,0.0,,21003-0.0,,
26638-0.0,0.0026666666666666666,7.420841291553666e-05,True,1.3,3.2,,26638-0.0,,
25190-0.0,0.003333333333333333,7.402129565016523e-05,True,5.0,27.4,,25190-0.0,,
26602-0.0,0.004666666666666667,7.385124093193136e-05,True,1.3,3.2,,26602-0.0,,
27751-0.0,0.0013333333333333333,7.382874069455793e-05,True,1.3,3.2,,27751-0.0,,
27760-0.0,0.004222222222222222,7.369135252267985e-05,True,1.3,3.2,,27760-0.0,,
6162-0.1_pos,0.0024444444444444444,7.340265846957944e-05,False,0.0,0.0,,6162-0.1_pos,,
25662-0.0,0.0015555555555555555,7.326824728925502e-05,True,5.0,27.4,,25662-0.0,,
26858-0.0,0.0024444444444444444,7.309821879157085e-05,True,1.3,3.2,,26858-0.0,,
27267-0.0,0.0037777777777777775,7.248285180153298e-05,True,1.3,3.2,,27267-0.0,,
26597-0.0,0.0017777777777777779,7.2417061793047e-05,True,1.3,3.2,,26597-0.0,,
26637-0.0,0.003333333333333333,7.228612171668971e-05,True,1.3,3.2,,26637-0.0,,
26863-0.0,0.0026666666666666666,7.176074336607595e-05,True,1.3,3.2,,26863-0.0,,
27686-0.0,0.003333333333333333,7.169690456088222e-05,True,1.3,3.2,,27686-0.0,,
25914-0.0,0.003333333333333333,7.14928331412327e-05,True,0.0,0.0,,25914-0.0,,
25394-0.0,0.0022222222222222222,7.129308716131663e-05,True,5.0,27.4,,25394-0.0,,
25297-0.0,0.0026666666666666666,7.112917078514131e-05,True,5.0,27.4,,25297-0.0,,
25302-0.0,0.004222222222222223,7.081041685822309e-05,True,5.0,27.4,,25302-0.0,,
1697-0.0_c0,0.0026666666666666666,7.032123720275899e-05,False,0.0,0.0,,1697-0.0_c0,,
27265-0.0,0.0017777777777777779,6.992505241198279e-05,True,1.3,3.2,,27265-0.0,,
27172-0.0,0.003111111111111111,6.983185583815123e-05,True,1.3,3.2,,27172-0.0,,
30810-0.0,0.0011111111111111111,6.980995768218771e-05,False,14.8,11.3,,30810-0.0,,
25726-0.0,0.0006666666666666666,6.951447628099819e-05,True,5.0,27.4,,25726-0.0,,
27376-0.0,0.0022222222222222222,6.937307865148875e-05,True,1.3,3.2,,27376-0.0,,
21001-0.0,0.0006666666666666666,6.936561854218473e-05,False,0.1,0.0,,21001-0.0,,
26979-0.0,0.0028888888888888888,6.931861975670614e-05,True,1.3,3.2,,26979-0.0,,
25831-0.0,0.0026666666666666666,6.824350347300834e-05,True,0.0,0.0,,25831-0.0,,
25817-0.0,0.0028888888888888888,6.802712761270537e-05,True,0.0,0.0,,25817-0.0,,
25007-0.0,0.0022222222222222222,6.769212410065312e-05,True,0.0,0.0,,25007-0.0,,
25693-0.0,0.0011111111111111111,6.753149900373486e-05,True,5.0,27.4,,25693-0.0,,
25661-0.0,0.0022222222222222222,6.71519099281775e-05,True,5.0,27.4,,25661-0.0,,
25790-0.0,0.003777777777777778,6.600017026592382e-05,True,0.0,0.0,,25790-0.0,,
26800-0.0,0.003111111111111111,6.567535483848941e-05,True,1.3,3.2,,26800-0.0,,
27572-0.0,0.003777777777777778,6.51514670983421e-05,True,1.3,3.2,,27572-0.0,,
25922-0.0,0.0035555555555555557,6.445728026848582e-05,True,3.8,11.3,,25922-0.0,,
27447-0.0,0.0026666666666666666,6.433564848486844e-05,True,1.3,3.2,,27447-0.0,,
27124-0.0,0.0028888888888888888,6.391041368370611e-05,True,1.3,3.2,,27124-0.0,,
25019-0.0,0.003111111111111111,6.30925707779989e-05,True,0.0,0.0,,25019-0.0,,
25279-0.0,0.0008888888888888889,6.211421185017954e-05,True,5.0,27.4,,25279-0.0,,
25730-0.0,0.0011111111111111111,6.160688867455062e-05,True,5.0,27.4,,25730-0.0,,
27085-0.0,0.0017777777777777779,6.09071799427106e-05,True,1.3,3.2,,27085-0.0,,
25551-0.0,0.0024444444444444444,6.042038590607063e-05,True,5.0,27.4,,25551-0.0,,
27013-0.0,0.0013333333333333333,5.943149552594946e-05,True,1.3,3.2,,27013-0.0,,
2375-0.0_c1,0.0008888888888888889,5.933011947603941e-05,False,0.0,0.0,,2375-0.0_c1,,
1011-0.0_c5,0.0013333333333333333,5.8898408570456334e-05,False,0.0,0.0,,1011-0.0_c5,,
27037-0.0,0.0026666666666666666,5.855991721598281e-05,True,1.3,3.2,,27037-0.0,,
25491-0.0,0.0015555555555555557,5.848406593143805e-05,True,5.0,27.4,,25491-0.0,,
25515-0.0,0.00044444444444444447,5.8356896418449725e-05,True,5.0,27.4,,25515-0.0,,
1070-0.0,0.0011111111111111111,5.784433091024289e-05,False,0.3,0.0,,1070-0.0,,
25858-0.0,0.003111111111111111,5.7253107343353446e-05,True,0.0,0.0,,25858-0.0,,
26694-0.0,0.005111111111111111,5.696743373921738e-05,True,1.3,3.2,,26694-0.0,,
25033-0.0,0.0022222222222222222,5.688533021483901e-05,True,9.0,14.5,,25033-0.0,,
27354-0.0,0.0026666666666666666,5.6570695219470495e-05,True,1.3,3.2,,27354-0.0,,
25248-0.0,0.0008888888888888889,5.6356026086644964e-05,True,5.0,27.4,,25248-0.0,,
25525-0.0,0.0011111111111111111,5.609779441625585e-05,True,5.0,27.4,,25525-0.0,,
27186-0.0,0.0017777777777777779,5.600128505787694e-05,True,1.3,3.2,,27186-0.0,,
23116-0.0,0.002,5.588030045137782e-05,False,1.2,1.6,,23116-0.0,,
23111-0.0,0.002,5.531659479033517e-05,False,1.2,1.6,,23111-0.0,,
26713-0.0,0.0015555555555555555,5.517623192135982e-05,True,1.3,3.2,,26713-0.0,,
27227-0.0,0.0017777777777777776,5.48425582884845e-05,True,1.3,3.2,,27227-0.0,,
27374-0.0,0.0015555555555555557,5.478203405303801e-05,True,1.3,3.2,,27374-0.0,,
1950-0.0_c1,0.0015555555555555555,5.438731890319384e-05,False,0.0,0.0,,1950-0.0_c1,,
26813-0.0,0.0013333333333333335,5.434315826501581e-05,True,1.3,3.2,,26813-0.0,,
30160-0.0,0.00044444444444444447,5.4171732022946843e-05,False,5.0,8.1,,30160-0.0,,
26725-0.0,0.0013333333333333333,5.4044070391320085e-05,True,1.3,3.2,,26725-0.0,,
26908-0.0,0.002,5.339232567426069e-05,True,1.3,3.2,,26908-0.0,,
26910-0.0,0.0028888888888888888,5.330850812775497e-05,True,1.3,3.2,,26910-0.0,,
26977-0.0,0.0017777777777777776,5.2767942961675186e-05,True,1.3,3.2,,26977-0.0,,
27106-0.0,0.0028888888888888888,5.2643774488170256e-05,True,1.3,3.2,,27106-0.0,,
25467-0.0,0.0026666666666666666,5.2489793803353905e-05,True,5.0,27.4,,25467-0.0,,
27742-0.0,0.0013333333333333333,5.1968005897741755e-05,True,1.3,3.2,,27742-0.0,,
26834-0.0,0.0028888888888888888,5.1744828444591056e-05,True,1.3,3.2,,26834-0.0,,
26777-0.0,0.0022222222222222222,5.15205865493308e-05,True,1.3,3.2,,26777-0.0,,
27204-0.0,0.003333333333333333,5.1320953400981986e-05,True,1.3,3.2,,27204-0.0,,
25277-0.0,0.0026666666666666666,5.0723294606277635e-05,True,5.0,27.4,,25277-0.0,,
25148-0.0,0.0013333333333333333,5.054857183868384e-05,True,5.0,27.4,,25148-0.0,,
25359-0.0,0.0028888888888888888,5.0426989499725465e-05,True,5.0,27.4,,25359-0.0,,
26870-0.0,0.002,5.0332359212105555e-05,True,1.3,3.2,,26870-0.0,,
52-0.0_c0,0.0017777777777777776,5.0246466980051904e-05,False,0.0,0.0,,52-0.0_c0,,
26701-0.0,0.0008888888888888889,5.0183058366015306e-05,True,1.3,3.2,,26701-0.0,,
27757-0.0,0.0013333333333333333,5.01606969318393e-05,True,1.3,3.2,,27757-0.0,,
27606-0.0,0.0026666666666666666,5.0079985926650216e-05,True,1.3,3.2,,27606-0.0,,
26674-0.0,0.0013333333333333333,5.006556009027235e-05,True,1.3,3.2,,26674-0.0,,
25469-0.0,0.0022222222222222222,4.986369644953419e-05,True,5.0,27.4,,25469-0.0,,
25044-0.0,0.00488888888888889,4.981596769416804e-05,True,16.7,30.6,,25044-0.0,,
27570-0.0,0.0026666666666666666,4.9633875629466556e-05,True,1.3,3.2,,27570-0.0,,
26843-0.0,0.0011111111111111111,4.941345983576696e-05,True,1.3,3.2,,26843-0.0,,
25851-0.0,0.0017777777777777776,4.925806395157372e-05,True,0.0,0.0,,25851-0.0,,
27324-0.0,0.003777777777777778,4.9199534284622676e-05,True,1.3,3.2,,27324-0.0,,
27335-0.0,0.0011111111111111111,4.888983418794677e-05,True,1.3,3.2,,27335-0.0,,
26651-0.0,0.0011111111111111111,4.8579427370414486e-05,True,1.3,3.2,,26651-0.0,,
27634-0.0,0.002,4.8467131611643406e-05,True,1.3,3.2,,27634-0.0,,
26749-0.0,0.002,4.837288307818276e-05,True,1.3,3.2,,26749-0.0,,
26677-0.0,0.0017777777777777779,4.831004800719716e-05,True,1.3,3.2,,26677-0.0,,
23106-0.0,0.003111111111111111,4.80935142543814e-05,False,1.2,1.6,,23106-0.0,,
27699-0.0,0.0031111111111111114,4.8064422302476835e-05,True,1.3,3.2,,27699-0.0,,
27745-0.0,0.0026666666666666666,4.790071624013631e-05,True,1.3,3.2,,27745-0.0,,
27479-0.0,0.002,4.7859862569984545e-05,True,1.3,3.2,,27479-0.0,,
27726-0.0,0.0017777777777777776,4.763488257440985e-05,True,1.3,3.2,,27726-0.0,,
26861-0.0,0.0033333333333333335,4.749077451433811e-05,True,1.3,3.2,,26861-0.0,,
27505-0.0,0.0015555555555555555,4.693768868553092e-05,True,1.3,3.2,,27505-0.0,,
27613-0.0,0.0028888888888888888,4.686645923755903e-05,True,1.3,3.2,,27613-0.0,,
27144-0.0,0.0022222222222222222,4.666521731477874e-05,True,1.3,3.2,,27144-0.0,,
25814-0.0,0.0013333333333333333,4.64121142464565e-05,True,0.0,0.0,,25814-0.0,,
25818-0.0,0.0015555555555555555,4.630600703862871e-05,True,0.0,0.0,,25818-0.0,,
1488-0.0,0.0028888888888888888,4.618948342851615e-05,False,0.1,0.0,,1488-0.0,,
27657-0.0,0.0013333333333333333,4.595197225081934e-05,True,1.3,3.2,,27657-0.0,,
25756-0.0,0.0006666666666666666,4.5668772055253134e-05,True,0.0,0.0,,25756-0.0,,
25292-0.0,0.0011111111111111111,4.55056222810499e-05,True,5.0,27.4,,25292-0.0,,
30720-0.0,0.0015555555555555555,4.5141029153917995e-05,False,6.5,8.1,,30720-0.0,,
23110-0.0,0.0008888888888888889,4.461002805328228e-05,False,1.2,1.6,,23110-0.0,,
25483-0.0,0.0013333333333333333,4.391835111274212e-05,True,5.0,27.4,,25483-0.0,,
894-0.0,0.0024444444444444444,4.377748048986453e-05,False,21.6,19.4,,894-0.0,,
26561-0.0,0.0008888888888888889,4.2813770987758565e-05,True,1.3,3.2,,26561-0.0,,
27600-0.0,0.0011111111111111111,4.280517399920555e-05,True,1.3,3.2,,27600-0.0,,
25025-0.0,0.002,4.2770330977291444e-05,True,0.0,0.0,,25025-0.0,,
26605-0.0,0.0017777777777777779,4.2651716182016336e-05,True,1.3,3.2,,26605-0.0,,
26954-0.0,0.0022222222222222222,4.239011334570117e-05,True,1.3,3.2,,26954-0.0,,
26915-0.0,0.0026666666666666666,4.2198218408060705e-05,True,1.3,3.2,,26915-0.0,,
27618-0.0,0.0015555555555555555,4.2114177254968106e-05,True,1.3,3.2,,27618-0.0,,
27650-0.0,0.0008888888888888889,4.2005067882282696e-05,True,1.3,3.2,,27650-0.0,,
25052-0.0,0.0011111111111111111,4.197774238547112e-05,True,16.7,30.6,,25052-0.0,,
25868-0.0,0.003111111111111111,4.1691451764373236e-05,True,0.0,0.0,,25868-0.0,,
25581-0.0,0.0006666666666666668,4.166588882030402e-05,True,5.0,27.4,,25581-0.0,,
26969-0.0,0.0011111111111111111,4.156166944087149e-05,True,1.3,3.2,,26969-0.0,,
30710-0.0,0.002,4.124179422817701e-05,False,6.7,8.1,,30710-0.0,,
26630-0.0,0.0011111111111111111,4.1221761999003735e-05,True,1.3,3.2,,26630-0.0,,
25441-0.0,0.0024444444444444444,4.083844925100242e-05,True,5.0,27.4,,25441-0.0,,
26530-0.0,0.0024444444444444444,4.078344414469401e-05,True,1.3,3.2,,26530-0.0,,
26580-0.0,0.0022222222222222222,4.053745078613113e-05,True,1.3,3.2,,26580-0.0,,
130-0.0,0.0026666666666666666,3.9795671135081247e-05,False,9.0,14.5,,130-0.0,,
27092-0.0,0.0022222222222222222,3.9770462918635276e-05,True,1.3,3.2,,27092-0.0,,
27072-0.0,0.0022222222222222222,3.9668265172220465e-05,True,1.3,3.2,,27072-0.0,,
27440-0.0,0.0013333333333333333,3.9494543994700494e-05,True,1.3,3.2,,27440-0.0,,
26779-0.0,0.0011111111111111111,3.9421094883873695e-05,True,1.3,3.2,,26779-0.0,,
27036-0.0,0.0011111111111111111,3.928431994852522e-05,True,1.3,3.2,,27036-0.0,,
25405-0.0,0.0013333333333333333,3.908721063789366e-05,True,5.0,27.4,,25405-0.0,,
25722-0.0,0.0026666666666666666,3.9085624553693176e-05,True,5.0,27.4,,25722-0.0,,
25050-0.0,0.0028888888888888888,3.8982026707928004e-05,True,16.7,30.6,,25050-0.0,,
25183-0.0,0.0011111111111111111,3.8591268895441934e-05,True,5.0,27.4,,25183-0.0,,
26770-0.0,0.0017777777777777779,3.8469164052135714e-05,True,1.3,3.2,,26770-0.0,,
26532-0.0,0.0011111111111111111,3.8251786662893114e-05,True,1.3,3.2,,26532-0.0,,
27718-0.0,0.0024444444444444444,3.8236249936801335e-05,True,1.3,3.2,,27718-0.0,,
25350-0.0,0.0011111111111111111,3.815873161840113e-05,True,5.0,27.4,,25350-0.0,,
25305-0.0,0.0028888888888888888,3.7637707124192526e-05,True,5.0,27.4,,25305-0.0,,
27758-0.0,0.0026666666666666666,3.755824499291867e-05,True,1.3,3.2,,27758-0.0,,
25429-0.0,0.0026666666666666666,3.732085773770902e-05,True,5.0,27.4,,25429-0.0,,
26572-0.0,0.0017777777777777779,3.720637069627353e-05,True,1.3,3.2,,26572-0.0,,
27316-0.0,0.00022222222222222223,3.7172522218446216e-05,True,1.3,3.2,,27316-0.0,,
27426-0.0,0.0015555555555555555,3.7110507605855436e-05,True,1.3,3.2,,27426-0.0,,
25867-0.0,0.0013333333333333333,3.6857075036365796e-05,True,0.0,0.0,,25867-0.0,,
25026-0.0,0.0017777777777777779,3.682880119494159e-05,True,9.0,14.5,,25026-0.0,,
26645-0.0,0.0013333333333333333,3.671828419338436e-05,True,1.3,3.2,,26645-0.0,,
27184-0.0,0.0011111111111111113,3.665412448649355e-05,True,1.3,3.2,,27184-0.0,,
2395-0.0_c2,0.0022222222222222222,3.653938224460145e-05,False,0.0,0.0,,2395-0.0_c2,,
2080-0.0_c1,0.0006666666666666666,3.620495880765713e-05,False,0.0,0.0,,2080-0.0_c1,,
25846-0.0,0.0024444444444444444,3.615802924929336e-05,True,0.0,0.0,,25846-0.0,,
30270-0.0,0.0022222222222222222,3.607492912427009e-05,False,6.5,8.1,,30270-0.0,,
26889-0.0,0.0013333333333333335,3.6047298670047484e-05,True,1.3,3.2,,26889-0.0,,
25457-0.0,0.0013333333333333333,3.584653913336832e-05,True,5.0,27.4,,25457-0.0,,
30860-0.0,0.0031111111111111114,3.583552336114397e-05,False,14.8,11.3,,30860-0.0,,
25806-0.0,0.0011111111111111111,3.571605357623281e-05,True,0.0,0.0,,25806-0.0,,
25287-0.0,0.0028888888888888888,3.548835882875777e-05,True,5.0,27.4,,25287-0.0,,
25453-0.0,0.0013333333333333333,3.510455340335822e-05,True,5.0,27.4,,25453-0.0,,
25805-0.0,0.0015555555555555557,3.5079478212274874e-05,True,0.0,0.0,,25805-0.0,,
25119-0.0,0.002,3.506543841927733e-05,True,5.0,27.4,,25119-0.0,,
25886-0.0,0.0011111111111111111,3.493437334800727e-05,True,0.0,0.0,,25886-0.0,,
25650-0.0,0.00044444444444444447,3.484741233804598e-05,True,5.0,27.4,,25650-0.0,,
27690-0.0,0.0013333333333333335,3.4831948876643544e-05,True,1.3,3.2,,27690-0.0,,
27338-0.0,0.0022222222222222222,3.482685100393636e-05,True,1.3,3.2,,27338-0.0,,
25295-0.0,0.0024444444444444444,3.469791038546998e-05,True,5.0,27.4,,25295-0.0,,
25205-0.0,0.0011111111111111111,3.45126603382691e-05,True,5.0,27.4,,25205-0.0,,
25235-0.0,0.002,3.443247213322947e-05,True,5.0,27.4,,25235-0.0,,
26736-0.0,0.0008888888888888889,3.430460580592197e-05,True,1.3,3.2,,26736-0.0,,
26967-0.0,0.0024444444444444444,3.428833157919994e-05,True,1.3,3.2,,26967-0.0,,
6164-0.0_pos,0.0006666666666666666,3.40543889159373e-05,False,0.0,0.0,,6164-0.0_pos,,
1289-0.0,0.0015555555555555555,3.3747008907766486e-05,False,0.5,1.6,,1289-0.0,,
27597-0.0,0.0008888888888888889,3.3707886527532856e-05,True,1.3,3.2,,27597-0.0,,
87-0.0,0.0017777777777777776,3.333319181867407e-05,False,33.2,24.2,,87-0.0,,
904-0.0,0.0022222222222222222,3.3309213471671305e-05,False,1.8,3.2,,904-0.0,,
27350-0.0,0.0026666666666666666,3.316987743749777e-05,True,1.3,3.2,,27350-0.0,,
25549-0.0,0.0006666666666666666,3.304569330837793e-05,True,5.0,27.4,,25549-0.0,,
26509-0.0,0.002,3.284802970202074e-05,True,1.3,3.2,,26509-0.0,,
30290-0.0,0.0015555555555555557,3.282405953990394e-05,False,6.5,8.1,,30290-0.0,,
26909-0.0,0.0008888888888888889,3.278972254337838e-05,True,1.3,3.2,,26909-0.0,,
1528-0.0,0.0011111111111111111,3.270764068216363e-05,False,0.4,0.0,,1528-0.0,,
27313-0.0,0.0017777777777777779,3.268956017595218e-05,True,1.3,3.2,,27313-0.0,,
26817-0.0,0.0015555555555555557,3.254379952729578e-05,True,1.3,3.2,,26817-0.0,,
30630-0.0,0.0013333333333333335,3.2290915333875824e-05,False,15.1,11.3,,30630-0.0,,
25913-0.0,0.0022222222222222222,3.2179124112615176e-05,True,0.0,0.0,,25913-0.0,,
27194-0.0,0.0013333333333333333,3.204161684375762e-05,True,1.3,3.2,,27194-0.0,,
26665-0.0,0.0011111111111111111,3.201188757655685e-05,True,1.3,3.2,,26665-0.0,,
1478-0.0_c0,0.0026666666666666666,3.181468900904287e-05,False,0.0,0.0,,1478-0.0_c0,,
27696-0.0,0.00044444444444444447,3.1622171091158435e-05,True,1.3,3.2,,27696-0.0,,
25083-0.0,0.0015555555555555557,3.1489160782892476e-05,True,5.0,27.4,,25083-0.0,,
26764-0.0,0.0008888888888888889,3.14775706433151e-05,True,1.3,3.2,,26764-0.0,,
25556-0.0,0.0008888888888888889,3.147705261184352e-05,True,5.0,27.4,,25556-0.0,,
27664-0.0,0.002,3.145392051830706e-05,True,1.4,3.2,,27664-0.0,,
27054-0.0,0.0022222222222222222,3.143806182717376e-05,True,1.3,3.2,,27054-0.0,,
25903-0.0,0.0015555555555555555,3.128530505250557e-05,True,0.0,0.0,,25903-0.0,,
26888-0.0,0.0008888888888888889,3.1125447081195894e-05,True,1.3,3.2,,26888-0.0,,
27665-0.0,0.002,3.1088880454575266e-05,True,1.3,3.2,,27665-0.0,,
971-0.0_c6,0.0008888888888888889,3.1031171671285004e-05,False,0.0,0.0,,971-0.0_c6,,
27066-0.0,0.00044444444444444447,3.094830947642588e-05,True,1.3,3.2,,27066-0.0,,
2624-0.0_c0,0.0015555555555555555,3.094813060169065e-05,False,0.0,0.0,,2624-0.0_c0,,
26578-0.0,0.0013333333333333333,3.064775206090286e-05,True,1.3,3.2,,26578-0.0,,
25425-0.0,0.0006666666666666666,3.0595850075926874e-05,True,5.0,27.4,,25425-0.0,,
25114-0.0,0.0011111111111111111,3.0457694163349594e-05,True,5.0,27.4,,25114-0.0,,
27501-0.0,0.0022222222222222222,3.0306314707403144e-05,True,1.3,3.2,,27501-0.0,,
25924-0.0,0.002,3.005865341189301e-05,True,12.8,17.7,,25924-0.0,,
25032-0.0,0.0013333333333333333,3.000794822341666e-05,True,9.0,14.5,,25032-0.0,,
30150-0.0,0.002,2.967251526566819e-05,False,5.0,8.1,,30150-0.0,,
26577-0.0,0.0015555555555555557,2.9662729703396023e-05,True,1.3,3.2,,26577-0.0,,
30740-0.0,0.0015555555555555557,2.9573478096018676e-05,False,14.8,11.3,,30740-0.0,,
26640-0.0,0.0013333333333333333,2.9570497538717894e-05,True,1.3,3.2,,26640-0.0,,
27111-0.0,0.0015555555555555555,2.940495430205488e-05,True,1.3,3.2,,27111-0.0,,
30770-0.0,0.0013333333333333335,2.932957301546516e-05,False,7.0,8.1,,30770-0.0,,
25456-0.0,0.0006666666666666666,2.9260908432557932e-05,True,5.0,27.4,,25456-0.0,,
27063-0.0,0.0015555555555555555,2.9099889718424905e-05,True,1.3,3.2,,27063-0.0,,
27367-0.0,0.0008888888888888889,2.9039588258601916e-05,True,1.3,3.2,,27367-0.0,,
25703-0.0,0.0026666666666666666,2.9008085374232316e-05,True,5.0,27.4,,25703-0.0,,
27397-0.0,0.0011111111111111111,2.8672066477234107e-05,True,1.3,3.2,,27397-0.0,,
25256-0.0,0.0015555555555555555,2.8633008047662e-05,True,5.0,27.4,,25256-0.0,,
25545-0.0,0.0015555555555555555,2.8437792801228396e-05,True,5.0,27.4,,25545-0.0,,
25331-0.0,0.0013333333333333335,2.8320625770540007e-05,True,5.0,27.4,,25331-0.0,,
27062-0.0,0.0017777777777777779,2.826373765522903e-05,True,1.3,3.2,,27062-0.0,,
27519-0.0,0.0008888888888888889,2.8139405213863877e-05,True,1.3,3.2,,27519-0.0,,
25531-0.0,0.0006666666666666666,2.800195397248639e-05,True,5.0,27.4,,25531-0.0,,
25002-0.0,0.0006666666666666666,2.7991580931002485e-05,True,0.0,0.0,,25002-0.0,,
25916-0.0,0.0024444444444444444,2.752213648669575e-05,True,0.0,0.0,,25916-0.0,,
25132-0.0,0.0008888888888888889,2.7512255923757857e-05,True,5.0,27.4,,25132-0.0,,
26974-0.0,0.0008888888888888889,2.7507312079821254e-05,True,1.3,3.2,,26974-0.0,,
25362-0.0,0.0015555555555555555,2.7373844785103162e-05,True,5.0,27.4,,25362-0.0,,
25089-0.0,0.0006666666666666666,2.7270835079901552e-05,True,5.0,27.4,,25089-0.0,,
27282-0.0,0.0006666666666666666,2.7187536004133665e-05,True,1.3,3.2,,27282-0.0,,
27382-0.0,0.00044444444444444447,2.7042901605736094e-05,True,1.3,3.2,,27382-0.0,,
27682-0.0,0.00044444444444444447,2.687905938851697e-05,True,1.3,3.2,,27682-0.0,,
25428-0.0,0.0008888888888888889,2.6878329502774426e-05,True,5.0,27.4,,25428-0.0,,
25110-0.0,0.0015555555555555557,2.687795613505307e-05,True,5.0,27.4,,25110-0.0,,
27136-0.0,0.0006666666666666666,2.6727951483242025e-05,True,1.3,3.2,,27136-0.0,,
25804-0.0,0.0006666666666666666,2.664844599059128e-05,True,0.0,0.0,,25804-0.0,,
25714-0.0,0.00044444444444444447,2.647114051255652e-05,True,5.0,27.4,,25714-0.0,,
26616-0.0,0.0006666666666666666,2.6435998316838996e-05,True,1.3,3.2,,26616-0.0,,
2257-0.0_c0,0.0008888888888888889,2.6430405887771458e-05,False,0.0,0.0,,2257-0.0_c0,,
27300-0.0,0.0024444444444444444,2.641194019525365e-05,True,1.3,3.2,,27300-0.0,,
26999-0.0,0.0015555555555555555,2.6333217386320323e-05,True,1.3,3.2,,26999-0.0,,
25837-0.0,0.0015555555555555555,2.6300173629951602e-05,True,0.0,0.0,,25837-0.0,,
25479-0.0,0.0015555555555555557,2.6284985936497318e-05,True,5.0,27.4,,25479-0.0,,
26876-0.0,0.0015555555555555555,2.621143180010927e-05,True,1.3,3.2,,26876-0.0,,
22034-0.0,0.0013333333333333335,2.6140269831395438e-05,False,16.7,25.8,,22034-0.0,,
1150-0.0_c1,0.0013333333333333333,2.6095594858000846e-05,False,0.0,0.0,,1150-0.0_c1,,
874-0.0,0.0011111111111111111,2.6029027182792815e-05,False,11.9,12.9,,874-0.0,,
25888-0.0,0.0013333333333333333,2.5826987818852008e-05,True,0.0,0.0,,25888-0.0,,
27196-0.0,0.00044444444444444447,2.5694870214641237e-05,True,1.3,3.2,,27196-0.0,,
27642-0.0,0.0013333333333333333,2.560912043356363e-05,True,1.3,3.2,,27642-0.0,,
26618-0.0,0.0006666666666666668,2.5419580501677328e-05,True,1.3,3.2,,26618-0.0,,
30300-0.0,0.0006666666666666668,2.5296735736419525e-05,False,6.5,8.1,,30300-0.0,,
26747-0.0,0.0011111111111111111,2.5122937400713104e-05,True,1.3,3.2,,26747-0.0,,
25178-0.0,0.0006666666666666668,2.510909023846897e-05,True,5.0,27.4,,25178-0.0,,
27484-0.0,0.0008888888888888889,2.509613740194053e-05,True,1.3,3.2,,27484-0.0,,
26629-0.0,0.0013333333333333333,2.4940733557456903e-05,True,1.3,3.2,,26629-0.0,,
25351-0.0,0.0008888888888888889,2.488202740542938e-05,True,5.0,27.4,,25351-0.0,,
25504-0.0,0.0008888888888888889,2.486996704212823e-05,True,5.0,27.4,,25504-0.0,,
27343-0.0,0.0015555555555555555,2.4457173678217092e-05,True,1.3,3.2,,27343-0.0,,
25624-0.0,0.002,2.440465562658569e-05,True,5.0,27.4,,25624-0.0,,
27521-0.0,0.0015555555555555557,2.4288591979152843e-05,True,1.3,3.2,,27521-0.0,,
27581-0.0,0.0008888888888888889,2.422105521631688e-05,True,1.3,3.2,,27581-0.0,,
25077-0.0,0.00044444444444444447,2.419021241091356e-05,True,5.0,27.4,,25077-0.0,,
26723-0.0,0.0011111111111111111,2.4187719562308257e-05,True,1.3,3.2,,26723-0.0,,
27211-0.0,0.0017777777777777776,2.408956828722411e-05,True,1.3,3.2,,27211-0.0,,
2267-0.0_c0,0.0006666666666666666,2.4051789743002057e-05,False,0.0,0.0,,2267-0.0_c0,,
27260-0.0,0.0011111111111111111,2.4026151708749967e-05,True,1.3,3.2,,27260-0.0,,
25815-0.0,0.0013333333333333335,2.4020415861267115e-05,True,0.0,0.0,,25815-0.0,,
1980-0.0_c0,0.0013333333333333333,2.3808005972945886e-05,False,0.0,0.0,,1980-0.0_c0,,
26995-0.0,0.0008888888888888889,2.3758100001882763e-05,True,1.3,3.2,,26995-0.0,,
26700-0.0,0.00044444444444444447,2.3752963540236926e-05,True,1.3,3.2,,26700-0.0,,
27767-0.0,0.0008888888888888889,2.375258424036148e-05,True,1.3,3.2,,27767-0.0,,
27131-0.0,0.0006666666666666666,2.3728807802125562e-05,True,1.3,3.2,,27131-0.0,,
25265-0.0,0.0015555555555555555,2.3402348969280963e-05,True,5.0,27.4,,25265-0.0,,
26696-0.0,0.0024444444444444444,2.327785213426637e-05,True,1.3,3.2,,26696-0.0,,
26610-0.0,0.0011111111111111111,2.3196660574257894e-05,True,1.3,3.2,,26610-0.0,,
26716-0.0,0.00022222222222222223,2.3124887983126494e-05,True,1.3,3.2,,26716-0.0,,
26961-0.0,0.00044444444444444447,2.3105656138972846e-05,True,1.3,3.2,,26961-0.0,,
27659-0.0,0.0008888888888888889,2.306203241986156e-05,True,1.3,3.2,,27659-0.0,,
20009-0.0,0.0008888888888888889,2.3021861566120566e-05,False,33.2,24.2,,20009-0.0,,
27326-0.0,0.0006666666666666666,2.2980743915146488e-05,True,1.3,3.2,,27326-0.0,,
27617-0.0,0.00044444444444444447,2.29806920051105e-05,True,1.3,3.2,,27617-0.0,,
25907-0.0,0.0013333333333333333,2.2956578097361416e-05,True,0.0,0.0,,25907-0.0,,
25542-0.0,0.0011111111111111113,2.291041566438155e-05,True,5.0,27.4,,25542-0.0,,
26541-0.0,0.0013333333333333333,2.2858037392110604e-05,True,1.3,3.2,,26541-0.0,,
2415-0.0_c1,0.0022222222222222222,2.2828080414668365e-05,False,0.0,0.0,,2415-0.0_c1,,
27372-0.0,0.00044444444444444447,2.2801092648736516e-05,True,1.3,3.2,,27372-0.0,,
27187-0.0,0.0008888888888888889,2.2710401615654606e-05,True,1.3,3.2,,27187-0.0,,
27200-0.0,0.0011111111111111111,2.2648679199913533e-05,True,1.3,3.2,,27200-0.0,,
27555-0.0,0.0013333333333333333,2.253397751185183e-05,True,1.3,3.2,,27555-0.0,,
25422-0.0,0.0015555555555555557,2.251535081553043e-05,True,5.0,27.4,,25422-0.0,,
25828-0.0,0.00044444444444444447,2.2293129295930243e-05,True,0.0,0.0,,25828-0.0,,
27735-0.0,0.0008888888888888889,2.227672633634749e-05,True,1.3,3.2,,27735-0.0,,
25014-0.0,0.00022222222222222223,2.1945552491111947e-05,True,0.0,0.0,,25014-0.0,,
25264-0.0,0.0015555555555555555,2.1944137158968328e-05,True,5.0,27.4,,25264-0.0,,
26957-0.0,0.0015555555555555557,2.190097205214325e-05,True,1.3,3.2,,26957-0.0,,
25037-0.0,0.00044444444444444447,2.1840122407684118e-05,True,9.0,14.5,,25037-0.0,,
1458-0.0,0.0013333333333333333,2.1837492875307826e-05,False,0.1,0.0,,1458-0.0,,
27393-0.0,0.0015555555555555557,2.174842750260535e-05,True,1.3,3.2,,27393-0.0,,
26620-0.0,0.0015555555555555555,2.1712708747339614e-05,True,1.3,3.2,,26620-0.0,,
25701-0.0,0.0013333333333333333,2.1668662637214542e-05,True,5.0,27.4,,25701-0.0,,
25613-0.0,0.0015555555555555555,2.1663502449538748e-05,True,5.0,27.4,,25613-0.0,,
26594-0.0,0.0011111111111111111,2.165203725900999e-05,True,1.3,3.2,,26594-0.0,,
27129-0.0,0.00022222222222222223,2.16141745861651e-05,True,1.3,3.2,,27129-0.0,,
25702-0.0,0.0006666666666666666,2.1597610597467546e-05,True,5.0,27.4,,25702-0.0,,
27001-0.0,0.0017777777777777779,2.1466121503475088e-05,True,1.3,3.2,,27001-0.0,,
26859-0.0,0.0008888888888888889,2.142316846323792e-05,True,1.3,3.2,,26859-0.0,,
25563-0.0,0.00022222222222222223,2.131895171787417e-05,True,5.0,27.4,,25563-0.0,,
25439-0.0,0.0017777777777777779,2.131366334909105e-05,True,5.0,27.4,,25439-0.0,,
26627-0.0,0.0013333333333333335,2.1096575958026666e-05,True,1.3,3.2,,26627-0.0,,
25201-0.0,0.0006666666666666668,2.0961547791797435e-05,True,5.0,27.4,,25201-0.0,,
26711-0.0,0.0011111111111111111,2.069988924820974e-05,True,1.3,3.2,,26711-0.0,,
27546-0.0,0.0008888888888888889,2.0629201915699484e-05,True,1.3,3.2,,27546-0.0,,
27601-0.0,0.00022222222222222223,2.0573403008490564e-05,True,1.3,3.2,,27601-0.0,,
26987-0.0,0.0008888888888888889,2.055224664569353e-05,True,1.3,3.2,,26987-0.0,,
25304-0.0,0.0011111111111111111,2.0526263327775136e-05,True,5.0,27.4,,25304-0.0,,
26544-0.0,0.0013333333333333333,2.0502252369877516e-05,True,1.3,3.2,,26544-0.0,,
1090-0.0,0.0013333333333333335,2.0481766940272408e-05,False,0.8,0.0,,1090-0.0,,
26502-0.0,0.0015555555555555555,2.0367172981913905e-05,True,1.3,3.2,,26502-0.0,,
27028-0.0,0.0011111111111111111,2.0273417976808367e-05,True,1.3,3.2,,27028-0.0,,
25736-0.0,0.0013333333333333333,2.013999260038496e-05,True,3.0,16.1,,25736-0.0,,
884-0.0,0.0006666666666666668,2.0106286862046955e-05,False,2.4,3.2,,884-0.0,,
26862-0.0,0.0006666666666666666,2.003099349700504e-05,True,1.3,3.2,,26862-0.0,,
25848-0.0,0.0006666666666666666,2.0004094089270534e-05,True,0.0,0.0,,25848-0.0,,
25182-0.0,0.0006666666666666668,1.9939554096233516e-05,True,5.0,27.4,,25182-0.0,,
26827-0.0,0.0006666666666666666,1.975949822933755e-05,True,1.3,3.2,,26827-0.0,,
25827-0.0,0.0015555555555555557,1.9582533135650115e-05,True,0.0,0.0,,25827-0.0,,
25016-0.0,0.00022222222222222223,1.95155026603566e-05,True,0.0,0.0,,25016-0.0,,
25191-0.0,0.0008888888888888889,1.9512904015387883e-05,True,5.0,27.4,,25191-0.0,,
25657-0.0,0.00044444444444444447,1.9507300850461474e-05,True,5.0,27.4,,25657-0.0,,
25221-0.0,0.0013333333333333333,1.946903195460369e-05,True,5.0,27.4,,25221-0.0,,
26571-0.0,0.002,1.945832015083304e-05,True,1.3,3.2,,26571-0.0,,
25766-0.0,0.00044444444444444447,1.944574576253336e-05,True,16.7,30.6,,25766-0.0,,
25159-0.0,0.0015555555555555557,1.9413716708250052e-05,True,5.0,27.4,,25159-0.0,,
27713-0.0,0.00044444444444444447,1.9234146418486133e-05,True,1.3,3.2,,27713-0.0,,
27003-0.0,0.0011111111111111111,1.922469755530207e-05,True,1.3,3.2,,27003-0.0,,
2149-0.0,0.002,1.9135308008725586e-05,False,12.7,8.1,,2149-0.0,,
25188-0.0,0.0013333333333333333,1.9010375123346834e-05,True,5.0,27.4,,25188-0.0,,
25687-0.0,0.00044444444444444447,1.9009829455825378e-05,True,5.0,27.4,,25687-0.0,,
5663-0.0_c1,0.0006666666666666666,1.886557167028982e-05,False,0.0,0.0,,5663-0.0_c1,,
27532-0.0,0.0006666666666666666,1.8852733161641412e-05,True,1.3,3.2,,27532-0.0,,
27084-0.0,0.0017777777777777779,1.8789113309396445e-05,True,1.3,3.2,,27084-0.0,,
27698-0.0,0.0015555555555555557,1.872463511114119e-05,True,1.3,3.2,,27698-0.0,,
27369-0.0,0.0013333333333333333,1.867891237622794e-05,True,1.3,3.2,,27369-0.0,,
27405-0.0,0.0013333333333333333,1.8655544671986746e-05,True,1.3,3.2,,27405-0.0,,
30760-0.0,0.0008888888888888889,1.8628448266652095e-05,False,14.7,11.3,,30760-0.0,,
26878-0.0,0.0011111111111111111,1.8623323933285856e-05,True,1.3,3.2,,26878-0.0,,
25802-0.0,0.0013333333333333333,1.8581762437242376e-05,True,0.0,0.0,,25802-0.0,,
25111-0.0,0.00022222222222222223,1.857468285706566e-05,True,5.0,27.4,,25111-0.0,,
26824-0.0,0.00022222222222222223,1.8525805270425645e-05,True,1.3,3.2,,26824-0.0,,
27328-0.0,0.00044444444444444447,1.851158460891321e-05,True,1.3,3.2,,27328-0.0,,
26600-0.0,0.00044444444444444447,1.8438303611207527e-05,True,1.3,3.2,,26600-0.0,,
27304-0.0,0.002,1.8422428113668117e-05,True,1.3,3.2,,27304-0.0,,
26838-0.0,0.0006666666666666666,1.8303139084744438e-05,True,1.3,3.2,,26838-0.0,,
27628-0.0,0.0006666666666666668,1.82836734950504e-05,True,1.3,3.2,,27628-0.0,,
30600-0.0,0.0008888888888888889,1.8197595712790673e-05,False,14.6,11.3,,30600-0.0,,
26690-0.0,0.0008888888888888889,1.8141189535499625e-05,True,1.3,3.2,,26690-0.0,,
27120-0.0,0.0011111111111111111,1.8110449645782655e-05,True,1.3,3.2,,27120-0.0,,
25430-0.0,0.0015555555555555555,1.808703346853552e-05,True,5.0,27.4,,25430-0.0,,
25418-0.0,0.00044444444444444447,1.8068528352936472e-05,True,5.0,27.4,,25418-0.0,,
26535-0.0,0.0011111111111111111,1.8003219293665407e-05,True,1.3,3.2,,26535-0.0,,
3741-0.0_c2,0.0006666666666666666,1.7995185632293353e-05,False,0.0,0.0,,3741-0.0_c2,,
27482-0.0,0.0006666666666666666,1.7923723628933394e-05,True,1.3,3.2,,27482-0.0,,
27676-0.0,0.0015555555555555555,1.7808864023681347e-05,True,1.3,3.2,,27676-0.0,,
26868-0.0,0.0015555555555555555,1.7746837583209105e-05,True,1.3,3.2,,26868-0.0,,
26649-0.0,0.0006666666666666668,1.7742386179272595e-05,True,1.3,3.2,,26649-0.0,,
27470-0.0,0.0013333333333333333,1.7691393123758492e-05,True,1.3,3.2,,27470-0.0,,
27727-0.0,0.00044444444444444447,1.7687695791598635e-05,True,1.3,3.2,,27727-0.0,,
25330-0.0,0.0015555555555555555,1.7657250434111e-05,True,5.0,27.4,,25330-0.0,,
27090-0.0,0.00022222222222222223,1.7649524716501203e-05,True,1.3,3.2,,27090-0.0,,
25186-0.0,0.0008888888888888889,1.762731146971058e-05,True,5.0,27.4,,25186-0.0,,
25896-0.0,0.0006666666666666666,1.7599141097410393e-05,True,0.0,0.0,,25896-0.0,,
25382-0.0,0.0006666666666666668,1.750473622062968e-05,True,5.0,27.4,,25382-0.0,,
25892-0.0,0.0015555555555555557,1.7478870878058007e-05,True,0.0,0.0,,25892-0.0,,
30880-0.0,0.0011111111111111111,1.728800013005228e-05,False,6.7,8.1,,30880-0.0,,
27191-0.0,0.0011111111111111111,1.7105443245827442e-05,True,1.3,3.2,,27191-0.0,,
27147-0.0,0.00044444444444444447,1.7041054031891315e-05,True,1.3,3.2,,27147-0.0,,
27032-0.0,0.00022222222222222223,1.701476357612333e-05,True,1.3,3.2,,27032-0.0,,
26818-0.0,0.00044444444444444447,1.69293231396946e-05,True,1.3,3.2,,26818-0.0,,
25893-0.0,0.0015555555555555555,1.6922319677962065e-05,True,0.0,0.0,,25893-0.0,,
25796-0.0,0.0008888888888888889,1.6918115110041344e-05,True,0.0,0.0,,25796-0.0,,
27474-0.0,0.0006666666666666666,1.6905081752327576e-05,True,1.3,3.2,,27474-0.0,,
25107-0.0,0.00022222222222222223,1.6895335781634546e-05,True,5.0,27.4,,25107-0.0,,
27076-0.0,0.0011111111111111111,1.6781800585366478e-05,True,1.3,3.2,,27076-0.0,,
27652-0.0,0.00044444444444444447,1.673637621767075e-05,True,1.3,3.2,,27652-0.0,,
25544-0.0,0.0006666666666666668,1.672971366062305e-05,True,5.0,27.4,,25544-0.0,,
25423-0.0,0.0008888888888888889,1.662438140965925e-05,True,5.0,27.4,,25423-0.0,,
27330-0.0,0.00044444444444444447,1.6527482518390938e-05,True,1.3,3.2,,27330-0.0,,
27619-0.0,0.00044444444444444447,1.64896475264187e-05,True,1.3,3.2,,27619-0.0,,
26740-0.0,0.0013333333333333333,1.6287152704986685e-05,True,1.3,3.2,,26740-0.0,,
26712-0.0,0.00022222222222222223,1.6211380483554905e-05,True,1.3,3.2,,26712-0.0,,
25046-0.0,0.0013333333333333335,1.615106274568918e-05,True,16.7,30.6,,25046-0.0,,
1031-0.0_c0,0.00022222222222222223,1.613830960072507e-05,False,0.0,0.0,,1031-0.0_c0,,
26790-0.0,0.0011111111111111111,1.611775642082145e-05,True,1.3,3.2,,26790-0.0,,
27254-0.0,0.00044444444444444447,1.5960698129630816e-05,True,1.3,3.2,,27254-0.0,,
27399-0.0,0.0006666666666666666,1.58436389702031e-05,True,1.3,3.2,,27399-0.0,,
26664-0.0,0.0006666666666666668,1.582674651185657e-05,True,1.3,3.2,,26664-0.0,,
27644-0.0,0.0008888888888888889,1.5825053474931377e-05,True,1.3,3.2,,27644-0.0,,
2664-0.0_c1,0.0006666666666666666,1.582404443074803e-05,False,0.0,0.0,,2664-0.0_c1,,
26636-0.0,0.0008888888888888889,1.5702914213243407e-05,True,1.3,3.2,,26636-0.0,,
25209-0.0,0.00044444444444444447,1.56194099571664e-05,True,5.0,27.4,,25209-0.0,,
27512-0.0,0.0006666666666666666,1.5539352195319947e-05,True,1.3,3.2,,27512-0.0,,
21002-0.0,0.00022222222222222223,1.553021571485054e-05,False,0.1,0.0,,21002-0.0,,
27364-0.0,0.0008888888888888889,1.5482476833484246e-05,True,1.3,3.2,,27364-0.0,,
26992-0.0,0.00044444444444444447,1.543371655729298e-05,True,1.3,3.2,,26992-0.0,,
25436-0.0,0.0013333333333333333,1.5411649243236272e-05,True,5.0,27.4,,25436-0.0,,
25575-0.0,0.0015555555555555555,1.5404978390465304e-05,True,5.0,27.4,,25575-0.0,,
25414-0.0,0.00044444444444444447,1.5260889083725742e-05,True,5.0,27.4,,25414-0.0,,
27046-0.0,0.00044444444444444447,1.5219229102848246e-05,True,1.3,3.2,,27046-0.0,,
27507-0.0,0.00022222222222222223,1.4924381136566084e-05,True,1.3,3.2,,27507-0.0,,
25271-0.0,0.00044444444444444447,1.4904542952699553e-05,True,5.0,27.4,,25271-0.0,,
27434-0.0,0.00044444444444444447,1.4873046358737912e-05,True,1.3,3.2,,27434-0.0,,
26575-0.0,0.0006666666666666666,1.4845584972165115e-05,True,1.3,3.2,,26575-0.0,,
26506-0.0,0.0013333333333333333,1.4747703588433191e-05,True,1.3,3.2,,26506-0.0,,
25269-0.0,0.00022222222222222223,1.4735412516332876e-05,True,5.0,27.4,,25269-0.0,,
27179-0.0,0.0006666666666666668,1.4602073007481781e-05,True,1.3,3.2,,27179-0.0,,
27205-0.0,0.00044444444444444447,1.4506464290636587e-05,True,1.3,3.2,,27205-0.0,,
23123-0.0,0.00022222222222222223,1.4497925471389492e-05,False,1.2,1.6,,23123-0.0,,
25541-0.0,0.0006666666666666666,1.4468610016919922e-05,True,5.0,27.4,,25541-0.0,,
23119-0.0,0.0006666666666666666,1.443737237758281e-05,False,1.2,1.6,,23119-0.0,,
26769-0.0,0.0011111111111111111,1.433398414475758e-05,True,1.3,3.2,,26769-0.0,,
25587-0.0,0.00044444444444444447,1.417936146944967e-05,True,5.0,27.4,,25587-0.0,,
26662-0.0,0.0008888888888888889,1.4138700971218315e-05,True,1.3,3.2,,26662-0.0,,
25566-0.0,0.0006666666666666668,1.4136700262313366e-05,True,5.0,27.4,,25566-0.0,,
25699-0.0,0.0015555555555555555,1.4098351264274808e-05,True,5.0,27.4,,25699-0.0,,
25448-0.0,0.0013333333333333333,1.4089393364863845e-05,True,5.0,27.4,,25448-0.0,,
26766-0.0,0.0008888888888888889,1.4085346536402218e-05,True,1.3,3.2,,26766-0.0,,
27661-0.0,0.0006666666666666666,1.4061288651091337e-05,True,1.3,3.2,,27661-0.0,,
25523-0.0,0.00044444444444444447,1.4038419580783649e-05,True,5.0,27.4,,25523-0.0,,
26540-0.0,0.00044444444444444447,1.4035361344165839e-05,True,1.3,3.2,,26540-0.0,,
25091-0.0,0.00044444444444444447,1.4033925515474974e-05,True,5.0,27.4,,25091-0.0,,
27547-0.0,0.0006666666666666666,1.3946843594509841e-05,True,1.3,3.2,,27547-0.0,,
25086-0.0,0.0006666666666666666,1.3935662184681196e-05,True,5.0,27.4,,25086-0.0,,
27394-0.0,0.00044444444444444447,1.3928684197684981e-05,True,1.3,3.2,,27394-0.0,,
26892-0.0,0.00044444444444444447,1.3925543758290288e-05,True,1.3,3.2,,26892-0.0,,
26754-0.0,0.00044444444444444447,1.391134611101917e-05,True,1.3,3.2,,26754-0.0,,
25920-0.0,0.00044444444444444447,1.3895830966691908e-05,True,0.0,0.0,,25920-0.0,,
26671-0.0,0.00044444444444444447,1.385189433977728e-05,True,1.3,3.2,,26671-0.0,,
27625-0.0,0.0006666666666666668,1.377538520051008e-05,True,1.3,3.2,,27625-0.0,,
26939-0.0,0.00044444444444444447,1.3750746515392355e-05,True,1.3,3.2,,26939-0.0,,
27719-0.0,0.0011111111111111111,1.3742390101529357e-05,True,1.3,3.2,,27719-0.0,,
27445-0.0,0.00044444444444444447,1.3725044993160927e-05,True,1.3,3.2,,27445-0.0,,
25759-0.0,0.00022222222222222223,1.3699808669796191e-05,True,0.0,0.0,,25759-0.0,,
27438-0.0,0.00044444444444444447,1.3695477940768273e-05,True,1.3,3.2,,27438-0.0,,
25842-0.0,0.00022222222222222223,1.3693691721717009e-05,True,0.0,0.0,,25842-0.0,,
738-0.0_c1,0.0013333333333333333,1.3683850306273207e-05,False,0.0,0.0,,738-0.0_c1,,
27463-0.0,0.0008888888888888889,1.3619970051563132e-05,True,1.3,3.2,,27463-0.0,,
25162-0.0,0.0013333333333333335,1.3511095328474306e-05,True,5.0,27.4,,25162-0.0,,
26871-0.0,0.0008888888888888889,1.3463990261176905e-05,True,1.3,3.2,,26871-0.0,,
27550-0.0,0.0006666666666666666,1.3388158953110795e-05,True,1.3,3.2,,27550-0.0,,
27297-0.0,0.0011111111111111111,1.3371360702890807e-05,True,1.3,3.2,,27297-0.0,,
26986-0.0,0.00022222222222222223,1.3356985191915131e-05,True,1.3,3.2,,26986-0.0,,
23112-0.0,0.00044444444444444447,1.3337105519231829e-05,False,1.2,1.6,,23112-0.0,,
25093-0.0,0.0013333333333333333,1.3312328505007372e-05,True,5.0,27.4,,25093-0.0,,
26887-0.0,0.0008888888888888889,1.3302778227628802e-05,True,1.3,3.2,,26887-0.0,,
26907-0.0,0.0008888888888888889,1.3205112015685252e-05,True,1.3,3.2,,26907-0.0,,
25719-0.0,0.0006666666666666668,1.3187752493962169e-05,True,5.0,27.4,,25719-0.0,,
25519-0.0,0.00022222222222222223,1.3171514195522046e-05,True,5.0,27.4,,25519-0.0,,
27285-0.0,0.0011111111111111111,1.3141794892561133e-05,True,1.3,3.2,,27285-0.0,,
25908-0.0,0.0006666666666666668,1.3104382659778613e-05,True,0.0,0.0,,25908-0.0,,
25651-0.0,0.0006666666666666666,1.3098968073187167e-05,True,5.0,27.4,,25651-0.0,,
27675-0.0,0.0008888888888888889,1.3046409777205859e-05,True,1.3,3.2,,27675-0.0,,
27398-0.0,0.0006666666666666668,1.3008089559156764e-05,True,1.3,3.2,,27398-0.0,,
27125-0.0,0.0011111111111111111,1.295316587036632e-05,True,1.3,3.2,,27125-0.0,,
1578-0.0,0.0013333333333333333,1.2862168174639645e-05,False,24.0,17.7,,1578-0.0,,
25118-0.0,0.0008888888888888889,1.2829507469589918e-05,True,5.0,27.4,,25118-0.0,,
26895-0.0,0.0008888888888888889,1.2796837033916965e-05,True,1.3,3.2,,26895-0.0,,
1140-0.0_c1,0.0006666666666666668,1.2780571594454803e-05,False,0.0,0.0,,1140-0.0_c1,,
27142-0.0,0.00044444444444444447,1.275898794812847e-05,True,1.3,3.2,,27142-0.0,,
26849-0.0,0.0008888888888888889,1.2741478162626636e-05,True,1.3,3.2,,26849-0.0,,
25252-0.0,0.00044444444444444447,1.257976917728114e-05,True,5.0,27.4,,25252-0.0,,
27096-0.0,0.0013333333333333333,1.2548768885532113e-05,True,1.3,3.2,,27096-0.0,,
1329-0.0_c2,0.00044444444444444447,1.2525222127027507e-05,False,0.0,0.0,,1329-0.0_c2,,
26798-0.0,0.00044444444444444447,1.2494066276124548e-05,True,1.3,3.2,,26798-0.0,,
27427-0.0,0.00044444444444444447,1.2450468361555178e-05,True,1.3,3.2,,27427-0.0,,
1980-0.0_c1,0.0006666666666666666,1.2426029413361828e-05,False,0.0,0.0,,1980-0.0_c1,,
27413-0.0,0.0008888888888888889,1.2346494068194195e-05,True,1.3,3.2,,27413-0.0,,
26683-0.0,0.00044444444444444447,1.2305544697461406e-05,True,1.3,3.2,,26683-0.0,,
25862-0.0,0.00044444444444444447,1.2165891357560805e-05,True,0.0,0.0,,25862-0.0,,
27571-0.0,0.00044444444444444447,1.2125982597865713e-05,True,1.3,3.2,,27571-0.0,,
25841-0.0,0.0006666666666666666,1.2116782828132818e-05,True,0.0,0.0,,25841-0.0,,
25856-0.0,0.0008888888888888889,1.206483168181121e-05,True,0.0,0.0,,25856-0.0,,
25172-0.0,0.0006666666666666668,1.2037378805008997e-05,True,5.0,27.4,,25172-0.0,,
26821-0.0,0.0006666666666666666,1.1963074785113326e-05,True,1.3,3.2,,26821-0.0,,
25212-0.0,0.0011111111111111111,1.1793592160441023e-05,True,5.0,27.4,,25212-0.0,,
21022-0.0,0.00044444444444444447,1.1694434754655569e-05,False,0.0,0.0,,21022-0.0,,
26563-0.0,0.0011111111111111111,1.167251233722848e-05,True,1.3,3.2,,26563-0.0,,
26920-0.0,0.00044444444444444447,1.1657327125069891e-05,True,1.3,3.2,,26920-0.0,,
25433-0.0,0.0008888888888888889,1.1595121544253235e-05,True,5.0,27.4,,25433-0.0,,
26526-0.0,0.0006666666666666666,1.1529264352183048e-05,True,1.3,3.2,,26526-0.0,,
25763-0.0,0.0008888888888888889,1.1437251999040701e-05,True,16.7,30.6,,25763-0.0,,
943-0.0_c3,0.00044444444444444447,1.1424329510789998e-05,False,0.0,0.0,,943-0.0_c3,,
25823-0.0,0.0008888888888888889,1.1338476626793296e-05,True,0.0,0.0,,25823-0.0,,
25042-0.0,0.00022222222222222223,1.1336881635779623e-05,True,16.7,30.6,,25042-0.0,,
27102-0.0,0.00044444444444444447,1.1280597961795556e-05,True,1.3,3.2,,27102-0.0,,
25070-0.0,0.0008888888888888889,1.1215170014090439e-05,True,5.0,27.4,,25070-0.0,,
27115-0.0,0.0006666666666666668,1.1110743587724603e-05,True,1.3,3.2,,27115-0.0,,
27700-0.0,0.0006666666666666666,1.1107894903851918e-05,True,1.3,3.2,,27700-0.0,,
26951-0.0,0.00044444444444444447,1.1105148893962648e-05,True,1.3,3.2,,26951-0.0,,
27049-0.0,0.0011111111111111111,1.1095887424119078e-05,True,1.3,3.2,,27049-0.0,,
26574-0.0,0.0006666666666666666,1.109322469318002e-05,True,1.3,3.2,,26574-0.0,,
27452-0.0,0.00044444444444444447,1.0948203033023917e-05,True,1.3,3.2,,27452-0.0,,
398-0.0,0.00022222222222222223,1.0872502999978942e-05,False,1.4,4.8,,398-0.0,,
25247-0.0,0.0006666666666666666,1.0871483593570983e-05,True,5.0,27.4,,25247-0.0,,
1060-0.0,0.0013333333333333333,1.0855099762567717e-05,False,4.9,6.5,,1060-0.0,,
25765-0.0,0.00044444444444444447,1.082525528519135e-05,True,16.7,30.6,,25765-0.0,,
25516-0.0,0.00022222222222222223,1.0809137592182672e-05,True,5.0,27.4,,25516-0.0,,
25443-0.0,0.00044444444444444447,1.0785191946175896e-05,True,5.0,27.4,,25443-0.0,,
25891-0.0,0.00044444444444444447,1.0671582016170976e-05,True,0.0,0.0,,25891-0.0,,
26982-0.0,0.00044444444444444447,1.065717620737609e-05,True,1.3,3.2,,26982-0.0,,
27610-0.0,0.0006666666666666666,1.0624471716634892e-05,True,1.3,3.2,,27610-0.0,,
26799-0.0,0.0008888888888888889,1.061415896234815e-05,True,1.3,3.2,,26799-0.0,,
27322-0.0,0.0008888888888888889,1.0569202755696557e-05,True,1.3,3.2,,27322-0.0,,
27378-0.0,0.0008888888888888889,1.0469496476044979e-05,True,1.3,3.2,,27378-0.0,,
27058-0.0,0.0006666666666666668,1.0448399997887273e-05,True,1.3,3.2,,27058-0.0,,
27289-0.0,0.00022222222222222223,1.0402199215707212e-05,True,1.3,3.2,,27289-0.0,,
26680-0.0,0.00022222222222222223,1.0340927461963304e-05,True,1.3,3.2,,26680-0.0,,
25112-0.0,0.0011111111111111111,1.0265852025553595e-05,True,5.0,27.4,,25112-0.0,,
25071-0.0,0.00044444444444444447,1.02361892663121e-05,True,5.0,27.4,,25071-0.0,,
27389-0.0,0.0006666666666666666,1.0208990082958401e-05,True,1.3,3.2,,27389-0.0,,
27380-0.0,0.00022222222222222223,1.017074733556858e-05,True,1.3,3.2,,27380-0.0,,
25900-0.0,0.00044444444444444447,1.011400296375998e-05,True,0.0,0.0,,25900-0.0,,
27588-0.0,0.00022222222222222223,1.0099341466968541e-05,True,1.3,3.2,,27588-0.0,,
27747-0.0,0.00044444444444444447,9.959527686834696e-06,True,1.3,3.2,,27747-0.0,,
25720-0.0,0.00022222222222222223,9.951110450788042e-06,True,5.0,27.4,,25720-0.0,,
25246-0.0,0.00022222222222222223,9.93105315678151e-06,True,5.0,27.4,,25246-0.0,,
25387-0.0,0.00044444444444444447,9.929005209348536e-06,True,5.0,27.4,,25387-0.0,,
25649-0.0,0.00044444444444444447,9.899813486064682e-06,True,5.0,27.4,,25649-0.0,,
26508-0.0,0.0008888888888888889,9.803634473433907e-06,True,1.3,3.2,,26508-0.0,,
25021-0.0,0.00044444444444444447,9.777709537935677e-06,True,0.0,0.0,,25021-0.0,,
27403-0.0,0.0006666666666666668,9.767073933663682e-06,True,1.3,3.2,,27403-0.0,,
27630-0.0,0.0011111111111111111,9.753003044944247e-06,True,1.3,3.2,,27630-0.0,,
30250-0.0,0.0006666666666666668,9.741377406203925e-06,False,6.5,8.1,,30250-0.0,,
25832-0.0,0.00044444444444444447,9.728572228690832e-06,True,0.0,0.0,,25832-0.0,,
27548-0.0,0.0008888888888888889,9.718598099688974e-06,True,1.3,3.2,,27548-0.0,,
27342-0.0,0.0006666666666666668,9.66265320586411e-06,True,1.3,3.2,,27342-0.0,,
22037-0.0,0.00044444444444444447,9.645092721330127e-06,False,16.7,25.8,,22037-0.0,,
25005-0.0,0.00044444444444444447,9.498352207671919e-06,True,0.0,0.0,,25005-0.0,,
27266-0.0,0.00022222222222222223,9.483385482494855e-06,True,1.3,3.2,,27266-0.0,,
25863-0.0,0.0008888888888888889,9.409296635686174e-06,True,0.0,0.0,,25863-0.0,,
27466-0.0,0.0008888888888888889,9.398127657722238e-06,True,1.3,3.2,,27466-0.0,,
25634-0.0,0.00022222222222222223,9.390514206995324e-06,True,5.0,27.4,,25634-0.0,,
27077-0.0,0.0008888888888888889,9.329800874511672e-06,True,1.3,3.2,,27077-0.0,,
26599-0.0,0.00044444444444444447,9.291033542617705e-06,True,1.3,3.2,,26599-0.0,,
27331-0.0,0.00044444444444444447,9.204207685986908e-06,True,1.3,3.2,,27331-0.0,,
25460-0.0,0.0006666666666666668,9.17180803024253e-06,True,5.0,27.4,,25460-0.0,,
27086-0.0,0.00022222222222222223,9.157623434607963e-06,True,1.3,3.2,,27086-0.0,,
27113-0.0,0.0006666666666666666,9.147601305641412e-06,True,1.3,3.2,,27113-0.0,,
27541-0.0,0.0006666666666666668,9.123710700374172e-06,True,1.3,3.2,,27541-0.0,,
26839-0.0,0.00044444444444444447,9.121335850426654e-06,True,1.3,3.2,,26839-0.0,,
137-0.0,0.0008888888888888889,9.03890503562207e-06,False,0.0,0.0,,137-0.0,,
25833-0.0,0.0006666666666666668,9.021301350373722e-06,True,0.0,0.0,,25833-0.0,,
20008-0.0,0.00044444444444444447,9.018561225298323e-06,False,33.2,24.2,,20008-0.0,,
27725-0.0,0.0006666666666666666,8.995395489873368e-06,True,1.3,3.2,,27725-0.0,,
27226-0.0,0.00044444444444444447,8.974675886659267e-06,True,1.3,3.2,,27226-0.0,,
27733-0.0,0.00044444444444444447,8.884862296267449e-06,True,1.3,3.2,,27733-0.0,,
1598-0.0,0.0006666666666666666,8.854676654398613e-06,False,24.0,16.1,,1598-0.0,,
26699-0.0,0.00022222222222222223,8.817333365879153e-06,True,1.3,3.2,,26699-0.0,,
1873-0.0,0.00022222222222222223,8.622562345467306e-06,False,1.3,1.6,,1873-0.0,,
27605-0.0,0.00022222222222222223,8.566420194186004e-06,True,1.3,3.2,,27605-0.0,,
26937-0.0,0.0011111111111111111,8.559804881150957e-06,True,1.3,3.2,,26937-0.0,,
25840-0.0,0.0006666666666666666,8.548580227319655e-06,True,0.0,0.0,,25840-0.0,,
25266-0.0,0.00044444444444444447,8.545788141492455e-06,True,5.0,27.4,,25266-0.0,,
27294-0.0,0.0006666666666666666,8.51288944139887e-06,True,1.3,3.2,,27294-0.0,,
27134-0.0,0.00044444444444444447,8.502013260973712e-06,True,1.3,3.2,,27134-0.0,,
27614-0.0,0.0013333333333333333,8.464734054634052e-06,True,1.3,3.2,,27614-0.0,,
26860-0.0,0.00044444444444444447,8.460612874730355e-06,True,1.3,3.2,,26860-0.0,,
6141-0.0_pos,0.0006666666666666666,8.448088430158354e-06,False,0.0,0.0,,6141-0.0_pos,,
27167-0.0,0.0006666666666666668,8.447975945117144e-06,True,1.3,3.2,,27167-0.0,,
27731-0.0,0.00044444444444444447,8.404589220055642e-06,True,1.3,3.2,,27731-0.0,,
27121-0.0,0.0006666666666666666,8.375331554837845e-06,True,1.3,3.2,,27121-0.0,,
27743-0.0,0.0006666666666666666,8.374821062672846e-06,True,1.3,3.2,,27743-0.0,,
27256-0.0,0.00022222222222222223,8.373630984022902e-06,True,1.3,3.2,,27256-0.0,,
22040-0.0,0.0006666666666666666,8.343539030686954e-06,False,16.7,25.8,,22040-0.0,,
1835-0.0_c1,0.00022222222222222223,8.30526963188723e-06,False,0.0,0.0,,1835-0.0_c1,,
27012-0.0,0.0006666666666666668,8.28597093556411e-06,True,1.3,3.2,,27012-0.0,,
27130-0.0,0.0006666666666666668,8.279303887416028e-06,True,1.3,3.2,,27130-0.0,,
27385-0.0,0.0006666666666666666,8.277789505922275e-06,True,1.3,3.2,,27385-0.0,,
27215-0.0,0.00022222222222222223,8.263207231867316e-06,True,1.3,3.2,,27215-0.0,,
25641-0.0,0.0006666666666666668,8.167502259225207e-06,True,5.0,27.4,,25641-0.0,,
26940-0.0,0.00044444444444444447,8.143276944106379e-06,True,1.3,3.2,,26940-0.0,,
6156-0.0_pos,0.00022222222222222223,8.101302547930938e-06,False,0.0,0.0,,6156-0.0_pos,,
27228-0.0,0.0008888888888888889,8.003901410133715e-06,True,1.3,3.2,,27228-0.0,,
23128-0.0,0.00044444444444444447,7.978513040765364e-06,False,1.3,1.6,,23128-0.0,,
25413-0.0,0.00044444444444444447,7.959303790216966e-06,True,5.0,27.4,,25413-0.0,,
25122-0.0,0.00044444444444444447,7.902480256775195e-06,True,5.0,27.4,,25122-0.0,,
25547-0.0,0.00022222222222222223,7.854244342711023e-06,True,5.0,27.4,,25547-0.0,,
25658-0.0,0.0006666666666666666,7.824793507337073e-06,True,5.0,27.4,,25658-0.0,,
27059-0.0,0.00022222222222222223,7.733669876191272e-06,True,1.3,3.2,,27059-0.0,,
27348-0.0,0.00022222222222222223,7.725128982538417e-06,True,1.3,3.2,,27348-0.0,,
26819-0.0,0.00022222222222222223,7.720081211900561e-06,True,1.3,3.2,,26819-0.0,,
25155-0.0,0.00044444444444444447,7.703752603598766e-06,True,5.0,27.4,,25155-0.0,,
25740-0.0,0.00022222222222222223,7.683894649223427e-06,True,16.7,30.6,,25740-0.0,,
27651-0.0,0.00022222222222222223,7.677339882489223e-06,True,1.3,3.2,,27651-0.0,,
25800-0.0,0.0006666666666666668,7.660044704633148e-06,True,0.0,0.0,,25800-0.0,,
26946-0.0,0.0008888888888888889,7.5985934476068585e-06,True,1.3,3.2,,26946-0.0,,
26750-0.0,0.00044444444444444447,7.5435397761633615e-06,True,1.3,3.2,,26750-0.0,,
27118-0.0,0.0006666666666666666,7.536700287741925e-06,True,1.3,3.2,,27118-0.0,,
25603-0.0,0.0006666666666666666,7.524751224480095e-06,True,5.0,27.4,,25603-0.0,,
27477-0.0,0.00022222222222222223,7.443559221831871e-06,True,1.3,3.2,,27477-0.0,,
25285-0.0,0.0011111111111111111,7.388450079601801e-06,True,5.0,27.4,,25285-0.0,,
26931-0.0,0.00022222222222222223,7.318944476875041e-06,True,1.3,3.2,,26931-0.0,,
27320-0.0,0.0006666666666666666,7.243777477232229e-06,True,1.3,3.2,,27320-0.0,,
27098-0.0,0.00044444444444444447,7.2396482270115415e-06,True,1.3,3.2,,27098-0.0,,
26830-0.0,0.0006666666666666666,7.2124414417179795e-06,True,1.3,3.2,,26830-0.0,,
27695-0.0,0.00022222222222222223,7.207855320724958e-06,True,1.3,3.2,,27695-0.0,,
25670-0.0,0.00044444444444444447,7.196127901363948e-06,True,5.0,27.4,,25670-0.0,,
26809-0.0,0.00022222222222222223,7.1906069188099635e-06,True,1.3,3.2,,26809-0.0,,
25548-0.0,0.0006666666666666666,7.0791555197323905e-06,True,5.0,27.4,,25548-0.0,,
25915-0.0,0.00044444444444444447,7.064052241397134e-06,True,0.0,0.0,,25915-0.0,,
27216-0.0,0.00044444444444444447,7.019632486821538e-06,True,1.3,3.2,,27216-0.0,,
27185-0.0,0.00044444444444444447,7.017432433165068e-06,True,1.3,3.2,,27185-0.0,,
25555-0.0,0.00022222222222222223,6.927545920272466e-06,True,5.0,27.4,,25555-0.0,,
26810-0.0,0.00044444444444444447,6.917056084024613e-06,True,1.3,3.2,,26810-0.0,,
25316-0.0,0.00044444444444444447,6.895421575071082e-06,True,5.0,27.4,,25316-0.0,,
25883-0.0,0.00022222222222222223,6.894094076290348e-06,True,0.0,0.0,,25883-0.0,,
26785-0.0,0.00022222222222222223,6.88570013454609e-06,True,1.3,3.2,,26785-0.0,,
23125-0.0,0.00022222222222222223,6.878619552087588e-06,False,1.2,1.6,,23125-0.0,,
27565-0.0,0.00022222222222222223,6.863949855148405e-06,True,1.3,3.2,,27565-0.0,,
25578-0.0,0.00044444444444444447,6.779861399379492e-06,True,5.0,27.4,,25578-0.0,,
27341-0.0,0.0006666666666666668,6.764355941350294e-06,True,1.3,3.2,,27341-0.0,,
27535-0.0,0.00044444444444444447,6.745637003565883e-06,True,1.3,3.2,,27535-0.0,,
25739-0.0,0.00022222222222222223,6.74434225576239e-06,True,4.1,14.5,,25739-0.0,,
26684-0.0,0.00022222222222222223,6.723603776674779e-06,True,1.3,3.2,,26684-0.0,,
26794-0.0,0.00044444444444444447,6.719360286955585e-06,True,1.3,3.2,,26794-0.0,,
27701-0.0,0.0006666666666666668,6.710935761211758e-06,True,1.3,3.2,,27701-0.0,,
25878-0.0,0.00044444444444444447,6.695852520207275e-06,True,0.0,0.0,,25878-0.0,,
27126-0.0,0.00044444444444444447,6.689335821800747e-06,True,1.3,3.2,,27126-0.0,,
27225-0.0,0.00044444444444444447,6.650352124711692e-06,True,1.3,3.2,,27225-0.0,,
25085-0.0,0.00044444444444444447,6.647143617849366e-06,True,5.0,27.4,,25085-0.0,,
25143-0.0,0.0006666666666666668,6.631379948512016e-06,True,5.0,27.4,,25143-0.0,,
27708-0.0,0.0006666666666666666,6.573171623896564e-06,True,1.3,3.2,,27708-0.0,,
25354-0.0,0.0006666666666666666,6.509879641090989e-06,True,5.0,27.4,,25354-0.0,,
25621-0.0,0.00022222222222222223,6.509004481139661e-06,True,5.0,27.4,,25621-0.0,,
25642-0.0,0.00022222222222222223,6.473043837230357e-06,True,5.0,27.4,,25642-0.0,,
26891-0.0,0.0006666666666666666,6.4658739041728875e-06,True,1.3,3.2,,26891-0.0,,
27277-0.0,0.0006666666666666666,6.456544872186998e-06,True,1.3,3.2,,27277-0.0,,
27602-0.0,0.00022222222222222223,6.4499493887831614e-06,True,1.3,3.2,,27602-0.0,,
30780-0.0,0.0006666666666666668,6.414761860923407e-06,False,6.7,8.1,,30780-0.0,,
27603-0.0,0.00044444444444444447,6.4081583038792625e-06,True,1.3,3.2,,27603-0.0,,
26948-0.0,0.0006666666666666666,6.401195220984319e-06,True,1.3,3.2,,26948-0.0,,
25568-0.0,0.00022222222222222223,6.386033963882179e-06,True,5.0,27.4,,25568-0.0,,
27087-0.0,0.00044444444444444447,6.385124234377628e-06,True,1.3,3.2,,27087-0.0,,
27592-0.0,0.00022222222222222223,6.327150276662022e-06,True,1.3,3.2,,27592-0.0,,
25215-0.0,0.00044444444444444447,6.326445390038638e-06,True,5.0,27.4,,25215-0.0,,
26949-0.0,0.0006666666666666666,6.30934913160089e-06,True,1.3,3.2,,26949-0.0,,
27347-0.0,0.00044444444444444447,6.249269254009078e-06,True,1.3,3.2,,27347-0.0,,
27599-0.0,0.00044444444444444447,6.216180177032802e-06,True,1.3,3.2,,27599-0.0,,
25882-0.0,0.00022222222222222223,6.2143577998302076e-06,True,0.0,0.0,,25882-0.0,,
27542-0.0,0.00044444444444444447,6.193853830032519e-06,True,1.3,3.2,,27542-0.0,,
25121-0.0,0.00022222222222222223,6.164888045719679e-06,True,5.0,27.4,,25121-0.0,,
27039-0.0,0.00044444444444444447,6.1377973492316e-06,True,1.3,3.2,,27039-0.0,,
27716-0.0,0.00022222222222222223,6.091990530629111e-06,True,1.3,3.2,,27716-0.0,,
27435-0.0,0.00044444444444444447,6.053646574174855e-06,True,1.3,3.2,,27435-0.0,,
25688-0.0,0.00022222222222222223,5.9245686967975535e-06,True,5.0,27.4,,25688-0.0,,
27061-0.0,0.00022222222222222223,5.917741728399543e-06,True,1.3,3.2,,27061-0.0,,
26719-0.0,0.00022222222222222223,5.912421575023233e-06,True,1.3,3.2,,26719-0.0,,
26938-0.0,0.00022222222222222223,5.835416268631623e-06,True,1.3,3.2,,26938-0.0,,
25039-0.0,0.00044444444444444447,5.829385929087442e-06,True,9.0,14.5,,25039-0.0,,
27646-0.0,0.00022222222222222223,5.828548809587111e-06,True,1.3,3.2,,27646-0.0,,
25465-0.0,0.00022222222222222223,5.813294878759637e-06,True,5.0,27.4,,25465-0.0,,
27595-0.0,0.00044444444444444447,5.812559076823777e-06,True,1.3,3.2,,27595-0.0,,
25228-0.0,0.0006666666666666668,5.773517387346131e-06,True,5.0,27.4,,25228-0.0,,
26757-0.0,0.00044444444444444447,5.741982433194544e-06,True,1.3,3.2,,26757-0.0,,
27771-0.0,0.00022222222222222223,5.732725438273892e-06,True,1.3,3.2,,27771-0.0,,
26607-0.0,0.00022222222222222223,5.732679259618502e-06,True,1.3,3.2,,26607-0.0,,
25169-0.0,0.00022222222222222223,5.715816945992638e-06,True,5.0,27.4,,25169-0.0,,
26609-0.0,0.00044444444444444447,5.673501881706665e-06,True,1.3,3.2,,26609-0.0,,
25104-0.0,0.00022222222222222223,5.666556753406443e-06,True,5.0,27.4,,25104-0.0,,
26811-0.0,0.00022222222222222223,5.6490970774307266e-06,True,1.3,3.2,,26811-0.0,,
26697-0.0,0.00022222222222222223,5.63121127786223e-06,True,1.3,3.2,,26697-0.0,,
25562-0.0,0.0006666666666666666,5.592418772284217e-06,True,5.0,27.4,,25562-0.0,,
25056-0.0,0.00044444444444444447,5.585704874656875e-06,True,5.0,27.4,,25056-0.0,,
23100-0.0,0.00044444444444444447,5.557721039841801e-06,False,1.3,1.6,,23100-0.0,,
26560-0.0,0.00022222222222222223,5.5123371057336525e-06,True,1.3,3.2,,26560-0.0,,
27612-0.0,0.00022222222222222223,5.487377076144054e-06,True,1.3,3.2,,27612-0.0,,
26975-0.0,0.00044444444444444447,5.474816846924557e-06,True,1.3,3.2,,26975-0.0,,
27014-0.0,0.00044444444444444447,5.424814122956708e-06,True,1.3,3.2,,27014-0.0,,
27173-0.0,0.00022222222222222223,5.375151582993127e-06,True,1.3,3.2,,27173-0.0,,
27279-0.0,0.00044444444444444447,5.368586552808404e-06,True,1.3,3.2,,27279-0.0,,
26517-0.0,0.00022222222222222223,5.364258517015162e-06,True,1.3,3.2,,26517-0.0,,
1110-0.0_c0,0.00044444444444444447,5.304874704171007e-06,False,0.0,0.0,,1110-0.0_c0,,
25281-0.0,0.00022222222222222223,5.263277298618999e-06,True,5.0,27.4,,25281-0.0,,
26848-0.0,0.00022222222222222223,5.236952578075162e-06,True,1.3,3.2,,26848-0.0,,
25785-0.0,0.00022222222222222223,5.215440026265325e-06,True,0.0,0.0,,25785-0.0,,
26596-0.0,0.00022222222222222223,5.192582885142113e-06,True,1.3,3.2,,26596-0.0,,
27251-0.0,0.00022222222222222223,5.1726377919298565e-06,True,1.3,3.2,,27251-0.0,,
27721-0.0,0.00044444444444444447,5.1563119559581615e-06,True,1.3,3.2,,27721-0.0,,
25352-0.0,0.00022222222222222223,5.111159642253133e-06,True,5.0,27.4,,25352-0.0,,
943-0.0_c0,0.00044444444444444447,5.10187616283819e-06,False,0.0,0.0,,943-0.0_c0,,
27065-0.0,0.0006666666666666666,5.091504259154003e-06,True,1.3,3.2,,27065-0.0,,
27671-0.0,0.00044444444444444447,5.0702285319550004e-06,True,1.3,3.2,,27671-0.0,,
27141-0.0,0.00044444444444444447,5.059594473976308e-06,True,1.3,3.2,,27141-0.0,,
26980-0.0,0.00022222222222222223,5.0257038462827944e-06,True,1.3,3.2,,26980-0.0,,
25680-0.0,0.00022222222222222223,5.024667010195879e-06,True,5.0,27.4,,25680-0.0,,
27453-0.0,0.00044444444444444447,5.0235416252361815e-06,True,1.3,3.2,,27453-0.0,,
26803-0.0,0.00044444444444444447,5.019311750711363e-06,True,1.3,3.2,,26803-0.0,,
1468-0.0_c1,0.0006666666666666666,5.0158787572769e-06,False,0.0,0.0,,1468-0.0_c1,,
27053-0.0,0.00022222222222222223,4.94150856028053e-06,True,1.3,3.2,,27053-0.0,,
23107-0.0,0.00022222222222222223,4.916554917427207e-06,False,1.2,1.6,,23107-0.0,,
27303-0.0,0.00022222222222222223,4.905022771268165e-06,True,1.3,3.2,,27303-0.0,,
26644-0.0,0.00044444444444444447,4.8541073870626995e-06,True,1.3,3.2,,26644-0.0,,
26853-0.0,0.00022222222222222223,4.843996857593096e-06,True,1.3,3.2,,26853-0.0,,
25314-0.0,0.00022222222222222223,4.817731495798104e-06,True,5.0,27.4,,25314-0.0,,
27483-0.0,0.00022222222222222223,4.796807259577051e-06,True,1.3,3.2,,27483-0.0,,
27292-0.0,0.00044444444444444447,4.773929890930043e-06,True,1.3,3.2,,27292-0.0,,
23121-0.0,0.00022222222222222223,4.76902130597341e-06,False,1.2,1.6,,23121-0.0,,
25258-0.0,0.0006666666666666666,4.74639433500097e-06,True,5.0,27.4,,25258-0.0,,
26635-0.0,0.00044444444444444447,4.745685962582187e-06,True,1.3,3.2,,26635-0.0,,
27526-0.0,0.00022222222222222223,4.719470230821747e-06,True,1.3,3.2,,27526-0.0,,
25401-0.0,0.00022222222222222223,4.699146887688655e-06,True,5.0,27.4,,25401-0.0,,
27312-0.0,0.00044444444444444447,4.664384900798813e-06,True,1.3,3.2,,27312-0.0,,
30000-0.0,0.00022222222222222223,4.647826593146737e-06,False,4.8,8.1,,30000-0.0,,
27656-0.0,0.00044444444444444447,4.640801607267695e-06,True,1.3,3.2,,27656-0.0,,
27171-0.0,0.00022222222222222223,4.6268124701059274e-06,True,1.3,3.2,,27171-0.0,,
27437-0.0,0.00044444444444444447,4.612304219759023e-06,True,1.3,3.2,,27437-0.0,,
27645-0.0,0.00022222222222222223,4.571637547392925e-06,True,1.3,3.2,,27645-0.0,,
27114-0.0,0.00022222222222222223,4.55385585252497e-06,True,1.3,3.2,,27114-0.0,,
27499-0.0,0.00044444444444444447,4.54602978994742e-06,True,1.3,3.2,,27499-0.0,,
25102-0.0,0.00022222222222222223,4.512192101769375e-06,True,5.0,27.4,,25102-0.0,,
26679-0.0,0.00022222222222222223,4.489810245275904e-06,True,1.3,3.2,,26679-0.0,,
27231-0.0,0.00044444444444444447,4.472451771449039e-06,True,1.3,3.2,,27231-0.0,,
26804-0.0,0.00022222222222222223,4.469900918427032e-06,True,1.3,3.2,,26804-0.0,,
25180-0.0,0.00044444444444444447,4.466786432190556e-06,True,5.0,27.4,,25180-0.0,,
27421-0.0,0.00022222222222222223,4.464446132992394e-06,True,1.3,3.2,,27421-0.0,,
26742-0.0,0.00022222222222222223,4.462775990295069e-06,True,1.3,3.2,,26742-0.0,,
26960-0.0,0.00022222222222222223,4.448035892505702e-06,True,1.3,3.2,,26960-0.0,,
25313-0.0,0.00044444444444444447,4.432326800668507e-06,True,5.0,27.4,,25313-0.0,,
27582-0.0,0.00022222222222222223,4.415966830620024e-06,True,1.3,3.2,,27582-0.0,,
25100-0.0,0.00044444444444444447,4.409999238476501e-06,True,5.0,27.4,,25100-0.0,,
26550-0.0,0.00022222222222222223,4.394063976676668e-06,True,1.3,3.2,,26550-0.0,,
27415-0.0,0.00022222222222222223,4.387537865604718e-06,True,1.3,3.2,,27415-0.0,,
2277-0.0,0.00022222222222222223,4.3392390085309625e-06,False,1.6,4.8,,2277-0.0,,
27734-0.0,0.00044444444444444447,4.334370357566598e-06,True,1.3,3.2,,27734-0.0,,
25284-0.0,0.00022222222222222223,4.309719812782791e-06,True,5.0,27.4,,25284-0.0,,
25527-0.0,0.00022222222222222223,4.2825306483899616e-06,True,5.0,27.4,,25527-0.0,,
25276-0.0,0.00022222222222222223,4.264841759334997e-06,True,5.0,27.4,,25276-0.0,,
25356-0.0,0.00022222222222222223,4.23542782785814e-06,True,5.0,27.4,,25356-0.0,,
25310-0.0,0.00044444444444444447,4.23394227277489e-06,True,5.0,27.4,,25310-0.0,,
6164-0.2_pos,0.00022222222222222223,4.2203077896721e-06,False,0.0,0.0,,6164-0.2_pos,,
25514-0.0,0.00022222222222222223,4.207815029961771e-06,True,5.0,27.4,,25514-0.0,,
27371-0.0,0.00022222222222222223,4.19901654476376e-06,True,1.3,3.2,,27371-0.0,,
25024-0.0,0.00022222222222222223,4.195759808446288e-06,True,0.0,0.0,,25024-0.0,,
25355-0.0,0.00044444444444444447,4.187541861541662e-06,True,5.0,27.4,,25355-0.0,,
25035-0.0,0.00044444444444444447,4.144930589910731e-06,True,9.0,14.5,,25035-0.0,,
26753-0.0,0.00022222222222222223,4.139881489284931e-06,True,1.3,3.2,,26753-0.0,,
26795-0.0,0.00044444444444444447,4.125895210394233e-06,True,1.3,3.2,,26795-0.0,,
27667-0.0,0.00022222222222222223,4.052529104285048e-06,True,1.3,3.2,,27667-0.0,,
27626-0.0,0.00022222222222222223,4.042393104342297e-06,True,1.3,3.2,,27626-0.0,,
27674-0.0,0.00022222222222222223,4.039220440157721e-06,True,1.3,3.2,,27674-0.0,,
26534-0.0,0.00044444444444444447,4.037410140402553e-06,True,1.3,3.2,,26534-0.0,,
4814-0.0_c2,0.00022222222222222223,4.0332024603955955e-06,False,0.0,0.0,,4814-0.0_c2,,
26872-0.0,0.00044444444444444447,4.022185601888508e-06,True,1.3,3.2,,26872-0.0,,
26831-0.0,0.00044444444444444447,4.010319782676213e-06,True,1.3,3.2,,26831-0.0,,
25834-0.0,0.00044444444444444447,4.008039244437023e-06,True,0.0,0.0,,25834-0.0,,
25595-0.0,0.00022222222222222223,3.996085121351015e-06,True,5.0,27.4,,25595-0.0,,
25607-0.0,0.00022222222222222223,3.993704964051128e-06,True,5.0,27.4,,25607-0.0,,
27095-0.0,0.00022222222222222223,3.99277789718853e-06,True,1.3,3.2,,27095-0.0,,
25217-0.0,0.00044444444444444447,3.9643200464720925e-06,True,5.0,27.4,,25217-0.0,,
25255-0.0,0.00022222222222222223,3.940155584954177e-06,True,5.0,27.4,,25255-0.0,,
27461-0.0,0.00044444444444444447,3.916511840464233e-06,True,1.3,3.2,,27461-0.0,,
26776-0.0,0.00022222222222222223,3.908270111458462e-06,True,1.3,3.2,,26776-0.0,,
25117-0.0,0.00022222222222222223,3.865620549185601e-06,True,5.0,27.4,,25117-0.0,,
135-0.0,0.00044444444444444447,3.861016204429423e-06,False,0.0,0.0,,135-0.0,,
30020-0.0,0.00044444444444444447,3.85819002721062e-06,False,4.8,8.1,,30020-0.0,,
27404-0.0,0.00044444444444444447,3.837186739292131e-06,True,1.3,3.2,,27404-0.0,,
26633-0.0,0.00022222222222222223,3.816778400095845e-06,True,1.3,3.2,,26633-0.0,,
26916-0.0,0.00022222222222222223,3.810345295259259e-06,True,1.3,3.2,,26916-0.0,,
27222-0.0,0.00022222222222222223,3.7960836122574622e-06,True,1.3,3.2,,27222-0.0,,
25493-0.0,0.00022222222222222223,3.7780518574430593e-06,True,5.0,27.4,,25493-0.0,,
27615-0.0,0.00022222222222222223,3.7707101670387643e-06,True,1.3,3.2,,27615-0.0,,
4526-0.0_c1,0.00022222222222222223,3.7488738257671662e-06,False,0.0,0.0,,4526-0.0_c1,,
25713-0.0,0.00022222222222222223,3.7304723606923836e-06,True,5.0,27.4,,25713-0.0,,
25408-0.0,0.00022222222222222223,3.7213688633456143e-06,True,5.0,27.4,,25408-0.0,,
26524-0.0,0.00022222222222222223,3.711711920865538e-06,True,1.3,3.2,,26524-0.0,,
26591-0.0,0.00022222222222222223,3.6784615933084173e-06,True,1.3,3.2,,26591-0.0,,
25399-0.0,0.00022222222222222223,3.674679479009252e-06,True,5.0,27.4,,25399-0.0,,
27411-0.0,0.00022222222222222223,3.625243204692431e-06,True,1.3,3.2,,27411-0.0,,
26642-0.0,0.00022222222222222223,3.603243522861621e-06,True,1.3,3.2,,26642-0.0,,
25293-0.0,0.00022222222222222223,3.59418805894267e-06,True,5.0,27.4,,25293-0.0,,
25437-0.0,0.00022222222222222223,3.587121588085781e-06,True,5.0,27.4,,25437-0.0,,
27241-0.0,0.00022222222222222223,3.5331906062794183e-06,True,1.3,3.2,,27241-0.0,,
25795-0.0,0.00022222222222222223,3.531983143465042e-06,True,0.0,0.0,,25795-0.0,,
25124-0.0,0.00022222222222222223,3.524659548436823e-06,True,5.0,27.4,,25124-0.0,,
27722-0.0,0.00044444444444444447,3.5232234542976518e-06,True,1.3,3.2,,27722-0.0,,
27409-0.0,0.00022222222222222223,3.4942325832489295e-06,True,1.3,3.2,,27409-0.0,,
27145-0.0,0.00022222222222222223,3.4597320953832457e-06,True,1.3,3.2,,27145-0.0,,
27190-0.0,0.00022222222222222223,3.4516122581542272e-06,True,1.3,3.2,,27190-0.0,,
1140-0.0_c0,0.00022222222222222223,3.440744616955142e-06,False,0.0,0.0,,1140-0.0_c0,,
27214-0.0,0.00022222222222222223,3.407438024341333e-06,True,1.3,3.2,,27214-0.0,,
25861-0.0,0.00022222222222222223,3.405529010568192e-06,True,0.0,0.0,,25861-0.0,,
27272-0.0,0.00044444444444444447,3.403708225524876e-06,True,1.3,3.2,,27272-0.0,,
26748-0.0,0.00022222222222222223,3.400479204562245e-06,True,1.3,3.2,,26748-0.0,,
25860-0.0,0.00022222222222222223,3.3732018066502762e-06,True,0.0,0.0,,25860-0.0,,
25343-0.0,0.00022222222222222223,3.358607103102774e-06,True,5.0,27.4,,25343-0.0,,
27221-0.0,0.00022222222222222223,3.3380455233630617e-06,True,1.3,3.2,,27221-0.0,,
25249-0.0,0.00044444444444444447,3.3308334147104555e-06,True,5.0,27.4,,25249-0.0,,
26622-0.0,0.00022222222222222223,3.288773384823151e-06,True,1.3,3.2,,26622-0.0,,
27557-0.0,0.00022222222222222223,3.2827264418917313e-06,True,1.3,3.2,,27557-0.0,,
27237-0.0,0.00022222222222222223,3.279564154580365e-06,True,1.3,3.2,,27237-0.0,,
27510-0.0,0.00022222222222222223,3.2593226699602082e-06,True,1.3,3.2,,27510-0.0,,
27559-0.0,0.00022222222222222223,3.255545474133887e-06,True,1.3,3.2,,27559-0.0,,
27290-0.0,0.00022222222222222223,3.2272762136502486e-06,True,1.3,3.2,,27290-0.0,,
25665-0.0,0.00022222222222222223,3.220250624040971e-06,True,5.0,27.4,,25665-0.0,,
26904-0.0,0.00022222222222222223,3.210084944124399e-06,True,1.3,3.2,,26904-0.0,,
26676-0.0,0.00022222222222222223,3.197322431788588e-06,True,1.3,3.2,,26676-0.0,,
27155-0.0,0.00022222222222222223,3.1863970058987275e-06,True,1.3,3.2,,27155-0.0,,
27662-0.0,0.00022222222222222223,3.1764177560891145e-06,True,1.3,3.2,,27662-0.0,,
25157-0.0,0.00022222222222222223,3.176316814284704e-06,True,5.0,27.4,,25157-0.0,,
25677-0.0,0.00022222222222222223,3.1396533186512722e-06,True,5.0,27.4,,25677-0.0,,
1200-0.0_c0,0.00022222222222222223,3.119614837753036e-06,False,0.0,0.0,,1200-0.0_c0,,
27360-0.0,0.00044444444444444447,3.095859729211879e-06,True,1.3,3.2,,27360-0.0,,
27749-0.0,0.00022222222222222223,3.0374765426164273e-06,True,1.3,3.2,,27749-0.0,,
25707-0.0,0.00022222222222222223,3.0337604234486126e-06,True,5.0,27.4,,25707-0.0,,
26942-0.0,0.00044444444444444447,2.978648635862365e-06,True,1.3,3.2,,26942-0.0,,
26927-0.0,0.00022222222222222223,2.968008057481557e-06,True,1.3,3.2,,26927-0.0,,
25416-0.0,0.00022222222222222223,2.9622886428612844e-06,True,5.0,27.4,,25416-0.0,,
27321-0.0,0.00022222222222222223,2.9529929720159702e-06,True,1.3,3.2,,27321-0.0,,
25194-0.0,0.00044444444444444447,2.9365495715657567e-06,True,5.0,27.4,,25194-0.0,,
27766-0.0,0.00022222222222222223,2.9247177780671456e-06,True,1.3,3.2,,27766-0.0,,
27229-0.0,0.00022222222222222223,2.8935613551276002e-06,True,1.3,3.2,,27229-0.0,,
25200-0.0,0.00022222222222222223,2.868913492320525e-06,True,5.0,27.4,,25200-0.0,,
25066-0.0,0.00022222222222222223,2.865713849745379e-06,True,5.0,27.4,,25066-0.0,,
27193-0.0,0.00022222222222222223,2.8237765263226896e-06,True,1.3,3.2,,27193-0.0,,
26955-0.0,0.00022222222222222223,2.8225658167038115e-06,True,1.3,3.2,,26955-0.0,,
25912-0.0,0.00022222222222222223,2.816796028647437e-06,True,0.0,0.0,,25912-0.0,,
25290-0.0,0.00022222222222222223,2.7975012120096588e-06,True,5.0,27.4,,25290-0.0,,
25543-0.0,0.00022222222222222223,2.7902768720074773e-06,True,5.0,27.4,,25543-0.0,,
27506-0.0,0.00022222222222222223,2.7625972083565107e-06,True,1.3,3.2,,27506-0.0,,
26882-0.0,0.00022222222222222223,2.749047190608647e-06,True,1.3,3.2,,26882-0.0,,
27318-0.0,0.00022222222222222223,2.7367303158713093e-06,True,1.3,3.2,,27318-0.0,,
25481-0.0,0.00022222222222222223,2.6979261320949613e-06,True,5.0,27.4,,25481-0.0,,
102-0.0,0.00022222222222222223,2.6921445585702625e-06,False,7.0,9.7,,102-0.0,,
27488-0.0,0.00022222222222222223,2.6736144916242813e-06,True,1.3,3.2,,27488-0.0,,
26686-0.0,0.00022222222222222223,2.6360653199130076e-06,True,1.3,3.2,,26686-0.0,,
25859-0.0,0.00022222222222222223,2.5997064999252563e-06,True,0.0,0.0,,25859-0.0,,
49-0.0,0.00022222222222222223,2.593013704345917e-06,False,0.1,0.0,,49-0.0,,
25009-0.0,0.00022222222222222223,2.591565179165894e-06,True,0.0,0.0,,25009-0.0,,
25323-0.0,0.00022222222222222223,2.5810774985121323e-06,True,5.0,27.4,,25323-0.0,,
27544-0.0,0.00022222222222222223,2.5800244794839784e-06,True,1.3,3.2,,27544-0.0,,
1120-0.0_c2,0.00022222222222222223,2.5558141343665476e-06,False,0.0,0.0,,1120-0.0_c2,,
1408-0.0_c4,0.00044444444444444447,2.5320098911024e-06,False,0.0,0.0,,1408-0.0_c4,,
27040-0.0,0.00022222222222222223,2.527026616236707e-06,True,1.3,3.2,,27040-0.0,,
27516-0.0,0.00022222222222222223,2.521244889338347e-06,True,1.3,3.2,,27516-0.0,,
25684-0.0,0.00022222222222222223,2.4950225945187965e-06,True,5.0,27.4,,25684-0.0,,
27710-0.0,0.00022222222222222223,2.492553892071493e-06,True,1.3,3.2,,27710-0.0,,
1050-0.0,0.00022222222222222223,2.4823203221887843e-06,False,5.2,6.5,,1050-0.0,,
27476-0.0,0.00022222222222222223,2.4797560050320085e-06,True,1.3,3.2,,27476-0.0,,
1180-0.0_c2,0.00022222222222222223,2.395066889393896e-06,False,0.0,0.0,,1180-0.0_c2,,
30870-0.0,0.00022222222222222223,2.3845337919644504e-06,False,6.6,8.1,,30870-0.0,,
26759-0.0,0.00022222222222222223,2.3746291050585013e-06,True,1.3,3.2,,26759-0.0,,
27170-0.0,0.00022222222222222223,2.372663629672792e-06,True,1.3,3.2,,27170-0.0,,
26845-0.0,0.00022222222222222223,2.3503767940447385e-06,True,1.3,3.2,,26845-0.0,,
25461-0.0,0.00022222222222222223,2.33697693070015e-06,True,5.0,27.4,,25461-0.0,,
27672-0.0,0.00022222222222222223,2.3185645101513495e-06,True,1.3,3.2,,27672-0.0,,
27299-0.0,0.00022222222222222223,2.307792049836047e-06,True,1.3,3.2,,27299-0.0,,
27175-0.0,0.00022222222222222223,2.2935036840149658e-06,True,1.3,3.2,,27175-0.0,,
26797-0.0,0.00022222222222222223,2.2822630921099814e-06,True,1.3,3.2,,26797-0.0,,
1389-0.0_c0,0.00022222222222222223,2.2036176999676067e-06,False,0.0,0.0,,1389-0.0_c0,,
27238-0.0,0.00022222222222222223,2.202404453659687e-06,True,1.3,3.2,,27238-0.0,,
1737-0.0,0.00022222222222222223,2.1433950290065443e-06,False,24.4,27.4,,1737-0.0,,
26993-0.0,0.00022222222222222223,2.1415565270436937e-06,True,1.3,3.2,,26993-0.0,,
27242-0.0,0.00022222222222222223,2.1226458883536827e-06,True,1.3,3.2,,27242-0.0,,
25901-0.0,0.00022222222222222223,2.1134204598506372e-06,True,0.0,0.0,,25901-0.0,,
25406-0.0,0.00022222222222222223,2.1120278928488543e-06,True,5.0,27.4,,25406-0.0,,
25204-0.0,0.00022222222222222223,2.103626930328152e-06,True,5.0,27.4,,25204-0.0,,
26842-0.0,0.00022222222222222223,2.1027567658550643e-06,True,1.3,3.2,,26842-0.0,,
27553-0.0,0.00022222222222222223,2.084764125471915e-06,True,1.3,3.2,,27553-0.0,,
25262-0.0,0.00022222222222222223,2.080305236539608e-06,True,5.0,27.4,,25262-0.0,,
27287-0.0,0.00022222222222222223,2.071729612257239e-06,True,1.3,3.2,,27287-0.0,,
25810-0.0,0.00022222222222222223,2.0674647284732725e-06,True,0.0,0.0,,25810-0.0,,
25853-0.0,0.00022222222222222223,2.067303331168072e-06,True,0.0,0.0,,25853-0.0,,
25738-0.0,0.00022222222222222223,2.0484103815484483e-06,True,10.8,16.1,,25738-0.0,,
25238-0.0,0.00022222222222222223,2.0226633629456674e-06,True,5.0,27.4,,25238-0.0,,
26667-0.0,0.00022222222222222223,2.008815319983314e-06,True,1.3,3.2,,26667-0.0,,
51-0.0,0.00022222222222222223,2.0017150557000832e-06,False,1.4,4.8,,51-0.0,,
26536-0.0,0.00022222222222222223,1.966144966193465e-06,True,1.3,3.2,,26536-0.0,,
1438-0.0,0.00022222222222222223,1.9618751968451496e-06,False,1.8,6.5,,1438-0.0,,
23126-0.0,0.00022222222222222223,1.9558232112964764e-06,False,1.2,1.6,,23126-0.0,,
27288-0.0,0.00022222222222222223,1.9432343865069495e-06,True,1.3,3.2,,27288-0.0,,
25344-0.0,0.00022222222222222223,1.8902563093930402e-06,True,5.0,27.4,,25344-0.0,,
25884-0.0,0.00022222222222222223,1.8785497733835085e-06,True,0.0,0.0,,25884-0.0,,
26857-0.0,0.00022222222222222223,1.831017326984589e-06,True,1.3,3.2,,26857-0.0,,
26833-0.0,0.00022222222222222223,1.8118098442043671e-06,True,1.3,3.2,,26833-0.0,,
27587-0.0,0.00022222222222222223,1.7802649479708992e-06,True,1.3,3.2,,27587-0.0,,
2296-0.0_c1,0.00022222222222222223,1.7234696146349632e-06,False,0.0,0.0,,2296-0.0_c1,,
1717-0.0_c0,0.00022222222222222223,1.7137721346277543e-06,False,0.0,0.0,,1717-0.0_c0,,
25485-0.0,0.00022222222222222223,1.7130152787296063e-06,True,5.0,27.4,,25485-0.0,,
30240-0.0,0.00022222222222222223,1.6922387184007157e-06,False,6.5,8.1,,30240-0.0,,
23117-0.0,0.00022222222222222223,1.6883077739853262e-06,False,1.2,1.6,,23117-0.0,,
27041-0.0,0.00022222222222222223,1.6871734039514296e-06,True,1.3,3.2,,27041-0.0,,
27157-0.0,0.00022222222222222223,1.6818897804620212e-06,True,1.3,3.2,,27157-0.0,,
26933-0.0,0.00022222222222222223,1.668477949076457e-06,True,1.3,3.2,,26933-0.0,,
25733-0.0,0.00022222222222222223,1.6576709282139565e-06,True,0.0,0.0,,25733-0.0,,
27259-0.0,0.00022222222222222223,1.64447953870995e-06,True,1.3,3.2,,27259-0.0,,
25420-0.0,0.00022222222222222223,1.6397229442342094e-06,True,5.0,27.4,,25420-0.0,,
25222-0.0,0.00022222222222222223,1.6276483421485113e-06,True,5.0,27.4,,25222-0.0,,
30690-0.0,0.00022222222222222223,1.6198432598162768e-06,False,6.5,8.1,,30690-0.0,,
26593-0.0,0.00022222222222222223,1.5987972589033512e-06,True,1.3,3.2,,26593-0.0,,
25067-0.0,0.00022222222222222223,1.587494610935033e-06,True,5.0,27.4,,25067-0.0,,
26996-0.0,0.00022222222222222223,1.5845104918776484e-06,True,1.3,3.2,,26996-0.0,,
27688-0.0,0.00022222222222222223,1.5761273395739048e-06,True,1.3,3.2,,27688-0.0,,
26981-0.0,0.00022222222222222223,1.5627524502352985e-06,True,1.3,3.2,,26981-0.0,,
27345-0.0,0.00022222222222222223,1.5398489135192102e-06,True,1.3,3.2,,27345-0.0,,
943-0.0_c4,0.00022222222222222223,1.527647330795053e-06,False,0.0,0.0,,943-0.0_c4,,
25128-0.0,0.00022222222222222223,1.5262972608391391e-06,True,5.0,27.4,,25128-0.0,,
25845-0.0,0.00022222222222222223,1.5136478145940227e-06,True,0.0,0.0,,25845-0.0,,
23129-0.0,0.00022222222222222223,1.4860662573551812e-06,False,1.3,1.6,,23129-0.0,,
27514-0.0,0.00022222222222222223,1.4419603783842088e-06,True,1.3,3.2,,27514-0.0,,
26983-0.0,0.00022222222222222223,1.3637046984866548e-06,True,1.3,3.2,,26983-0.0,,
25363-0.0,0.00022222222222222223,1.3616932488205243e-06,True,5.0,27.4,,25363-0.0,,
27468-0.0,0.00022222222222222223,1.346778727197648e-06,True,1.3,3.2,,27468-0.0,,
25393-0.0,0.00022222222222222223,1.3352629250097718e-06,True,5.0,27.4,,25393-0.0,,
27353-0.0,0.00022222222222222223,1.2248444908571962e-06,True,1.3,3.2,,27353-0.0,,
25069-0.0,0.00022222222222222223,1.1954392364410156e-06,True,5.0,27.4,,25069-0.0,,
27384-0.0,0.00022222222222222223,1.1435577864321055e-06,True,1.3,3.2,,27384-0.0,,
26691-0.0,0.00022222222222222223,1.1249073830318025e-06,True,1.3,3.2,,26691-0.0,,
25038-0.0,0.00022222222222222223,1.1239943150201117e-06,True,9.0,14.5,,25038-0.0,,
